日期,="沪深300.收盘点位",="宏观.中债-十年期收益率(右1)",="宏观.月度社会融资增长率 / 3.6

(右1)",="宏观.大陆 - M2增长率 / 3.28
"
2025-08-26,=4452.5900,=0.0176,,
2025-08-22,=4378,=0.0178,,
2025-08-15,=4202.3500,=0.0175,,
2025-08-08,=4104.9700,=0.0169,,
2025-08-01,=4054.9300,=0.0171,,
2025-07-31,,,=0.0250,=0.0268
2025-07-25,=4127.1600,=0.0173,,
2025-07-18,=4058.5500,=0.0167,,
2025-07-11,=4014.8100,=0.0167,,
2025-07-04,=3982.2000,=0.0164,,
2025-06-30,,,=0.0247,=0.0253
2025-06-27,=3921.7600,=0.0165,,
2025-06-20,=3846.6400,=0.0164,,
2025-06-13,=3864.1800,=0.0164,,
2025-06-06,=3873.9800,=0.0165,,
2025-05-31,,,=0.0242,=0.0242
2025-05-30,=3840.2300,=0.0167,,
2025-05-23,=3882.2700,=0.0172,,
2025-05-16,=3889.0900,=0.0168,,
2025-05-09,=3846.1600,=0.0164,,
2025-04-30,=3770.5700,=0.0162,=0.0242,=0.0243
2025-04-27,,=0.0166,,
2025-04-25,=3786.9900,,,
2025-04-18,=3772.5200,=0.0165,,
2025-04-11,=3750.5200,=0.0166,,
2025-04-03,=3861.5000,=0.0172,,
2025-03-31,,,=0.0233,=0.0213
2025-03-28,=3915.1700,=0.0181,,
2025-03-21,=3914.7000,=0.0185,,
2025-03-14,=4006.5600,=0.0183,,
2025-03-07,=3944.0100,=0.0180,,
2025-02-28,=3890.0500,=0.0172,=0.0228,=0.0213
2025-02-21,=3978.4400,=0.0172,,
2025-02-14,=3939.0100,=0.0165,,
2025-02-08,,=0.0161,,
2025-02-07,=3892.7000,,,
2025-01-31,,,=0.0222,=0.0214
2025-01-27,=3817.0800,=0.0163,,
2025-01-26,,=0.0165,,
2025-01-24,=3832.8600,,,
2025-01-17,=3812.3400,=0.0166,,
2025-01-10,=3732.4800,=0.0163,,
2025-01-03,=3775.1600,=0.0160,,
2024-12-31,,,=0.0222,=0.0222
2024-12-27,=3981.0300,=0.0169,,
2024-12-20,=3927.7400,=0.0170,,
2024-12-13,=3933.1800,=0.0178,,
2024-12-06,=3973.1400,=0.0195,,
2024-11-30,,,=0.0217,=0.0217
2024-11-29,=3916.5800,=0.0202,,
2024-11-22,=3865.7000,=0.0208,,
2024-11-15,=3968.8300,=0.0209,,
2024-11-08,=4104.0500,=0.0211,,
2024-11-01,=3890.0200,=0.0214,,
2024-10-31,,,=0.0217,=0.0227
2024-10-25,=3956.4200,=0.0215,,
2024-10-18,=3925.2300,=0.0212,,
2024-10-12,,=0.0214,,
2024-10-11,=3887.1700,,,
2024-09-30,=4017.8500,=0.0215,=0.0222,=0.0209
2024-09-29,,=0.0225,,
2024-09-27,=3703.6800,,,
2024-09-20,=3201.0500,=0.0204,,
2024-09-14,,=0.0204,,
2024-09-13,=3159.2500,,,
2024-09-06,=3231.3500,=0.0214,,
2024-08-31,,,=0.0225,=0.0192
2024-08-30,=3321.4300,=0.0217,,
2024-08-23,=3327.1900,=0.0215,,
2024-08-16,=3345.6300,=0.0220,,
2024-08-09,=3331.6300,=0.0220,,
2024-08-02,=3384.3900,=0.0213,,
2024-07-31,,,=0.0228,=0.0192
2024-07-26,=3409.2900,=0.0219,,
2024-07-19,=3539.0200,=0.0226,,
2024-07-12,=3472.4000,=0.0226,,
2024-07-05,=3431.0600,=0.0228,,
2024-06-30,,,=0.0225,=0.0189
2024-06-28,=3461.6600,=0.0221,,
2024-06-21,=3495.6200,=0.0226,,
2024-06-14,=3541.5300,=0.0226,,
2024-06-07,=3574.1100,=0.0228,,
2024-05-31,=3579.9200,=0.0229,=0.0233,=0.0213
2024-05-24,=3601.4800,=0.0231,,
2024-05-17,=3677.9700,=0.0231,,
2024-05-11,,=0.0234,,
2024-05-10,=3666.2800,,,
2024-04-30,=3604.3900,=0.0230,=0.0231,=0.0220
2024-04-28,,=0.0232,,
2024-04-26,=3584.2700,,,
2024-04-19,=3541.6600,=0.0225,,
2024-04-12,=3475.8400,=0.0228,,
2024-04-07,,=0.0229,,
2024-04-03,=3567.8000,,,
2024-03-31,,,=0.0242,=0.0253
2024-03-29,=3537.4800,=0.0229,,
2024-03-22,=3545,=0.0231,,
2024-03-15,=3569.9900,=0.0232,,
2024-03-08,=3544.9100,=0.0228,,
2024-03-01,=3537.8000,=0.0237,,
2024-02-29,,,=0.0250,=0.0265
2024-02-23,=3489.7400,=0.0240,,
2024-02-09,,=0.0243,,
2024-02-08,=3364.9300,,,
2024-02-02,=3179.6300,=0.0242,,
2024-01-31,,,=0.0264,=0.0265
2024-01-26,=3333.8200,=0.0250,,
2024-01-19,=3269.7800,=0.0250,,
2024-01-12,=3284.1700,=0.0252,,
2024-01-05,=3329.1100,=0.0252,,
2023-12-31,,=0.0256,=0.0264,=0.0296
2023-12-29,=3431.1100,,,
2023-12-22,=3337.2300,=0.0259,,
2023-12-15,=3341.5500,=0.0262,,
2023-12-08,=3399.4600,=0.0266,,
2023-12-01,=3482.8800,=0.0266,,
2023-11-30,,,=0.0261,=0.0305
2023-11-24,=3538.0100,=0.0271,,
2023-11-17,=3568.0700,=0.0265,,
2023-11-10,=3586.4900,=0.0264,,
2023-11-03,=3584.1400,=0.0266,,
2023-10-31,,,=0.0258,=0.0314
2023-10-27,=3562.3900,=0.0271,,
2023-10-20,=3510.5900,=0.0271,,
2023-10-13,=3663.4100,=0.0267,,
2023-10-08,,=0.0266,,
2023-09-30,,,=0.0250,=0.0314
2023-09-28,=3689.5200,=0.0268,,
2023-09-22,=3738.9300,=0.0268,,
2023-09-15,=3708.7800,=0.0264,,
2023-09-08,=3739.9900,=0.0264,,
2023-09-01,=3791.4900,=0.0259,,
2023-08-31,,,=0.0250,=0.0323
2023-08-25,=3709.1500,=0.0257,,
2023-08-18,=3784,=0.0256,,
2023-08-11,=3884.2500,=0.0264,,
2023-08-04,=4020.5800,=0.0265,,
2023-07-31,,,=0.0247,=0.0326
2023-07-28,=3992.7400,=0.0265,,
2023-07-21,=3821.9100,=0.0261,,
2023-07-14,=3899.1000,=0.0264,,
2023-07-07,=3825.7000,=0.0264,,
2023-06-30,=3842.4500,=0.0264,=0.0250,=0.0345
2023-06-25,,=0.0266,,
2023-06-21,=3864.0300,,,
2023-06-16,=3963.3500,=0.0266,,
2023-06-09,=3836.7000,=0.0267,,
2023-06-02,=3861.8300,=0.0270,,
2023-05-31,,,=0.0264,=0.0354
2023-05-26,=3850.9500,=0.0272,,
2023-05-19,=3944.5400,=0.0272,,
2023-05-12,=3937.7600,=0.0271,,
2023-05-06,,=0.0273,,
2023-05-05,=4016.8800,,,
2023-04-30,,,=0.0278,=0.0378
2023-04-28,=4029.0900,=0.0278,,
2023-04-23,,=0.0282,,
2023-04-21,=4032.5700,,,
2023-04-14,=4092,=0.0283,,
2023-04-07,=4123.2800,=0.0285,,
2023-03-31,=4050.9300,=0.0285,=0.0278,=0.0387
2023-03-24,=4027.0500,=0.0287,,
2023-03-17,=3958.8200,=0.0286,,
2023-03-10,=3967.1400,=0.0286,,
2023-03-03,=4130.5500,=0.0290,,
2023-02-28,,,=0.0275,=0.0393
2023-02-24,=4061.0500,=0.0291,,
2023-02-17,=4034.5100,=0.0289,,
2023-02-10,=4106.3100,=0.0290,,
2023-02-03,=4141.6300,=0.0289,,
2023-01-31,,,=0.0261,=0.0384
2023-01-29,,=0.0292,,
2023-01-20,=4181.5300,=0.0293,,
2023-01-13,=4074.3800,=0.0290,,
2023-01-06,=3980.8900,=0.0283,,
2022-12-31,,=0.0284,=0.0267,=0.0360
2022-12-30,=3871.6300,,,
2022-12-23,=3828.2200,=0.0283,,
2022-12-16,=3954.2300,=0.0289,,
2022-12-09,=3998.2400,=0.0289,,
2022-12-02,=3870.9500,=0.0287,,
2022-11-30,,,=0.0278,=0.0378
2022-11-25,=3775.7800,=0.0283,,
2022-11-18,=3801.5700,=0.0283,,
2022-11-11,=3788.4400,=0.0274,,
2022-11-04,=3767.1700,=0.0270,,
2022-10-31,,,=0.0286,=0.0360
2022-10-28,=3541.3300,=0.0267,,
2022-10-21,=3742.8900,=0.0273,,
2022-10-14,=3842.4700,=0.0270,,
2022-10-09,,=0.0275,,
2022-09-30,=3804.8900,=0.0276,=0.0294,=0.0369
2022-09-23,=3856.0200,=0.0268,,
2022-09-16,=3932.6800,=0.0267,,
2022-09-09,=4093.7900,=0.0263,,
2022-09-02,=4023.6100,=0.0262,,
2022-08-31,,,=0.0292,=0.0372
2022-08-26,=4107.5500,=0.0264,,
2022-08-19,=4151.0700,=0.0259,,
2022-08-12,=4191.1500,=0.0273,,
2022-08-05,=4156.9100,=0.0273,,
2022-07-31,,,=0.0297,=0.0366
2022-07-29,=4170.1000,=0.0276,,
2022-07-22,=4238.2300,=0.0279,,
2022-07-15,=4248.5300,=0.0279,,
2022-07-08,=4428.7800,=0.0284,,
2022-07-01,=4466.7200,=0.0283,,
2022-06-30,,,=0.0300,=0.0348
2022-06-24,=4394.7700,=0.0280,,
2022-06-17,=4309.0400,=0.0278,,
2022-06-10,=4238.9900,=0.0275,,
2022-06-02,=4089.5700,=0.0276,,
2022-05-31,,,=0.0292,=0.0338
2022-05-27,=4001.3000,=0.0270,,
2022-05-20,=4077.6000,=0.0279,,
2022-05-13,=3988.6000,=0.0281,,
2022-05-07,,=0.0283,,
2022-05-06,=3908.8200,,,
2022-04-30,,,=0.0283,=0.0320
2022-04-29,=4016.2400,=0.0284,,
2022-04-24,,=0.0283,,
2022-04-22,=4013.2500,,,
2022-04-15,=4188.7500,=0.0276,,
2022-04-08,=4230.7700,=0.0275,,
2022-04-02,,=0.0277,,
2022-04-01,=4276.1600,,,
2022-03-31,,,=0.0292,=0.0296
2022-03-25,=4174.5700,=0.0280,,
2022-03-18,=4265.9000,=0.0279,,
2022-03-11,=4306.5200,=0.0279,,
2022-03-04,=4496.4300,=0.0281,,
2022-02-28,,,=0.0283,=0.0280
2022-02-25,=4573.4200,=0.0278,,
2022-02-18,=4651.2400,=0.0280,,
2022-02-11,=4601.4000,=0.0279,,
2022-01-31,,,=0.0292,=0.0300
2022-01-30,,=0.0270,,
2022-01-28,=4563.7700,,,
2022-01-21,=4779.3100,=0.0271,,
2022-01-14,=4726.7300,=0.0279,,
2022-01-07,=4822.3700,=0.0282,,
2021-12-31,=4940.3700,=0.0278,=0.0286,=0.0274
2021-12-24,=4921.3400,=0.0282,,
2021-12-17,=4954.7600,=0.0285,,
2021-12-10,=5055.1200,=0.0284,,
2021-12-03,=4901.0200,=0.0287,,
2021-11-30,,,=0.0281,=0.0259
2021-11-26,=4860.1300,=0.0282,,
2021-11-19,=4890.0600,=0.0293,,
2021-11-12,=4888.3700,=0.0294,,
2021-11-05,=4842.3500,=0.0289,,
2021-10-31,,,=0.0278,=0.0265
2021-10-29,=4908.7700,=0.0297,,
2021-10-22,=4959.7300,=0.0300,,
2021-10-15,=4932.1100,=0.0297,,
2021-10-09,,=0.0292,,
2021-10-08,=4929.9400,,,
2021-09-30,=4866.3800,=0.0288,=0.0278,=0.0253
2021-09-26,,=0.0288,,
2021-09-24,=4849.4300,,,
2021-09-18,,=0.0287,,
2021-09-17,=4855.9400,,,
2021-09-10,=5013.5200,=0.0287,,
2021-09-03,=4843.0600,=0.0283,,
2021-08-31,,,=0.0286,=0.0250
2021-08-27,=4827.0400,=0.0287,,
2021-08-20,=4769.2700,=0.0285,,
2021-08-13,=4945.9800,=0.0288,,
2021-08-06,=4921.5600,=0.0281,,
2021-07-31,,,=0.0297,=0.0253
2021-07-30,=4811.1700,=0.0284,,
2021-07-23,=5089.2300,=0.0291,,
2021-07-16,=5094.7700,=0.0294,,
2021-07-09,=5069.4400,=0.0301,,
2021-07-02,=5081.1200,=0.0308,,
2021-06-30,,,=0.0306,=0.0262
2021-06-25,=5239.9700,=0.0308,,
2021-06-18,=5102.4700,=0.0312,,
2021-06-11,=5224.7000,=0.0313,,
2021-06-04,=5282.2800,=0.0309,,
2021-05-31,,,=0.0306,=0.0253
2021-05-28,=5321.0900,=0.0308,,
2021-05-21,=5134.1500,=0.0309,,
2021-05-14,=5110.5900,=0.0314,,
2021-05-08,,=0.0316,,
2021-05-07,=4996.0500,,,
2021-04-30,=5123.4900,=0.0316,=0.0325,=0.0247
2021-04-25,,=0.0318,,
2021-04-23,=5135.4500,,,
2021-04-16,=4966.1800,=0.0316,,
2021-04-09,=5035.3400,=0.0321,,
2021-04-02,=5161.5600,=0.0320,,
2021-03-31,,,=0.0342,=0.0287
2021-03-26,=5037.9900,=0.0320,,
2021-03-19,=5007.0900,=0.0324,,
2021-03-12,=5146.3800,=0.0326,,
2021-03-05,=5262.8000,=0.0325,,
2021-02-28,,,=0.0369,=0.0308
2021-02-26,=5336.7600,=0.0328,,
2021-02-20,,=0.0326,,
2021-02-19,=5778.8400,,,
2021-02-10,=5807.7200,=0.0324,,
2021-02-07,,=0.0322,,
2021-02-05,=5483.4100,,,
2021-01-31,,,=0.0361,=0.0287
2021-01-29,=5351.9600,=0.0318,,
2021-01-22,=5569.7800,=0.0312,,
2021-01-15,=5458.0800,=0.0315,,
2021-01-08,=5495.4300,=0.0315,,
2020-12-31,=5211.2900,=0.0314,=0.0369,=0.0308
2020-12-25,=5042.0100,=0.0319,,
2020-12-18,=4999.9700,=0.0329,,
2020-12-11,=4889.6300,=0.0330,,
2020-12-04,=5065.9200,=0.0327,,
2020-11-30,,,=0.0378,=0.0326
2020-11-27,=4980.7700,=0.0330,,
2020-11-20,=4943.2900,=0.0331,,
2020-11-13,=4856.8500,=0.0327,,
2020-11-06,=4885.7200,=0.0321,,
2020-10-31,,,=0.0381,=0.0320
2020-10-30,=4695.3300,=0.0318,,
2020-10-23,=4718.4900,=0.0320,,
2020-10-16,=4791.6800,=0.0322,,
2020-10-10,,=0.0319,,
2020-10-09,=4681.1400,,,
2020-09-30,=4587.4000,=0.0315,=0.0375,=0.0332
2020-09-27,,=0.0313,,
2020-09-25,=4570.0200,,,
2020-09-18,=4737.0900,=0.0312,,
2020-09-11,=4627.2800,=0.0313,,
2020-09-04,=4770.2200,=0.0312,,
2020-08-31,,,=0.0369,=0.0317
2020-08-28,=4844.2700,=0.0307,,
2020-08-21,=4718.8400,=0.0298,,
2020-08-14,=4704.6300,=0.0294,,
2020-08-07,=4707.9300,=0.0299,,
2020-07-31,=4695.0500,=0.0297,=0.0358,=0.0326
2020-07-24,=4505.5900,=0.0286,,
2020-07-17,=4544.7000,=0.0295,,
2020-07-10,=4753.1300,=0.0303,,
2020-07-03,=4419.6000,=0.0290,,
2020-06-30,,,=0.0356,=0.0338
2020-06-28,,=0.0284,,
2020-06-24,=4138.9900,,,
2020-06-19,=4098.7100,=0.0288,,
2020-06-12,=4003.0800,=0.0275,,
2020-06-05,=4001.2500,=0.0285,,
2020-05-31,,,=0.0347,=0.0338
2020-05-29,=3867.0200,=0.0271,,
2020-05-22,=3824.0600,=0.0262,,
2020-05-15,=3912.8200,=0.0268,,
2020-05-09,,=0.0264,,
2020-05-08,=3963.6200,,,
2020-04-30,=3912.5800,=0.0254,=0.0333,=0.0338
2020-04-26,,=0.0252,,
2020-04-24,=3796.9700,,,
2020-04-17,=3839.4900,=0.0256,,
2020-04-10,=3769.1800,=0.0254,,
2020-04-03,=3713.2200,=0.0260,,
2020-03-31,,,=0.0319,=0.0308
2020-03-27,=3710.0600,=0.0261,,
2020-03-20,=3653.2200,=0.0268,,
2020-03-13,=3895.3100,=0.0268,,
2020-03-06,=4138.5100,=0.0263,,
2020-02-29,,,=0.0297,=0.0268
2020-02-28,=3940.0500,=0.0274,,
2020-02-21,=4149.4900,=0.0285,,
2020-02-14,=3987.7300,=0.0286,,
2020-02-07,=3899.8700,=0.0280,,
2020-01-31,,,=0.0297,=0.0256
2020-01-23,=4003.9000,=0.0299,,
2020-01-19,,=0.0308,,
2020-01-17,=4154.8500,,,
2020-01-10,=4163.1800,=0.0308,,
2020-01-03,=4144.9600,=0.0314,,
2019-12-31,,,=0.0297,=0.0265
2019-12-27,=4022.0300,=0.0313,,
2019-12-20,=4017.2500,=0.0318,,
2019-12-13,=3968.2200,=0.0318,,
2019-12-06,=3902.3900,=0.0318,,
2019-11-30,,,=0.0297,=0.0250
2019-11-29,=3828.6700,=0.0316,,
2019-11-22,=3849.9900,=0.0317,,
2019-11-15,=3877.0900,=0.0324,,
2019-11-08,=3973.0100,=0.0328,,
2019-11-01,=3952.3900,=0.0328,,
2019-10-31,,,=0.0294,=0.0256
2019-10-25,=3896.7900,=0.0324,,
2019-10-18,=3869.3800,=0.0319,,
2019-10-12,,=0.0317,,
2019-10-11,=3911.7300,,,
2019-09-30,=3814.5300,=0.0314,=0.0297,=0.0256
2019-09-29,,=0.0314,,
2019-09-27,=3852.6500,,,
2019-09-20,=3935.6500,=0.0310,,
2019-09-12,=3972.3800,=0.0309,,
2019-09-06,=3948.5100,=0.0302,,
2019-08-31,,,=0.0297,=0.0250
2019-08-30,=3799.5900,=0.0306,,
2019-08-23,=3820.8600,=0.0306,,
2019-08-16,=3710.5400,=0.0302,,
2019-08-09,=3633.5300,=0.0302,,
2019-08-02,=3747.4400,=0.0309,,
2019-07-31,,,=0.0300,=0.0247
2019-07-26,=3858.5700,=0.0317,,
2019-07-19,=3807.9600,=0.0316,,
2019-07-12,=3808.7300,=0.0315,,
2019-07-05,=3893.2000,=0.0317,,
2019-06-30,,,=0.0311,=0.0259
2019-06-28,=3825.5900,=0.0323,,
2019-06-21,=3833.9400,=0.0323,,
2019-06-14,=3654.8800,=0.0323,,
2019-06-06,=3564.6800,=0.0321,,
2019-05-31,=3629.7900,=0.0328,=0.0306,=0.0259
2019-05-24,=3593.9100,=0.0331,,
2019-05-17,=3648.7600,=0.0327,,
2019-05-10,=3730.4500,=0.0330,,
2019-05-05,,=0.0338,,
2019-04-30,=3913.2100,,=0.0300,=0.0259
2019-04-28,,=0.0340,,
2019-04-26,=3889.2700,,,
2019-04-19,=4120.6100,=0.0337,,
2019-04-12,=3988.6200,=0.0333,,
2019-04-04,=4062.2300,=0.0327,,
2019-03-31,,,=0.0311,=0.0262
2019-03-29,=3872.3400,=0.0307,,
2019-03-22,=3833.8000,=0.0311,,
2019-03-15,=3745.0100,=0.0314,,
2019-03-08,=3657.5800,=0.0314,,
2019-03-01,=3749.7100,=0.0319,,
2019-02-28,,,=0.0294,=0.0244
2019-02-22,=3520.1200,=0.0315,,
2019-02-15,=3338.7000,=0.0308,,
2019-02-03,,=0.0310,,
2019-02-01,=3247.4000,,,
2019-01-31,,,=0.0303,=0.0256
2019-01-25,=3184.4700,=0.0314,,
2019-01-18,=3168.1700,=0.0309,,
2019-01-11,=3094.7800,=0.0311,,
2019-01-04,=3035.8700,=0.0315,,
2018-12-31,,,=0.0285,=0.0247
2018-12-30,,=0.0323,,
2018-12-28,=3010.6500,,,
2018-12-21,=3029.4000,=0.0332,,
2018-12-14,=3165.9100,=0.0335,,
2018-12-07,=3181.5600,=0.0329,,
2018-11-30,=3172.6900,=0.0336,=0.0286,=0.0244
2018-11-23,=3143.4800,=0.0339,,
2018-11-16,=3257.6700,=0.0335,,
2018-11-09,=3167.4400,=0.0348,,
2018-11-02,=3290.2500,=0.0355,,
2018-10-31,,,=0.0300,=0.0244
2018-10-26,=3173.6400,=0.0354,,
2018-10-19,=3134.9500,=0.0357,,
2018-10-12,=3170.7300,=0.0358,,
2018-09-30,,=0.0361,=0.0311,=0.0253
2018-09-28,=3438.8600,,,
2018-09-21,=3410.4900,=0.0368,,
2018-09-14,=3242.0900,=0.0364,,
2018-09-07,=3277.6400,=0.0363,,
2018-08-31,=3334.5000,=0.0358,=0.0320,=0.0250
2018-08-24,=3325.3300,=0.0362,,
2018-08-17,=3229.6200,=0.0365,,
2018-08-10,=3405.0200,=0.0355,,
2018-08-03,=3315.2839,=0.0346,,
2018-07-31,,,=0.0319,=0.0259
2018-07-27,=3521.2269,=0.0352,,
2018-07-20,=3492.8938,=0.0351,,
2018-07-13,=3492.6897,=0.0349,,
2018-07-06,=3365.1227,=0.0353,,
2018-06-30,,,=0.0327,=0.0244
2018-06-29,=3510.9845,=0.0348,,
2018-06-22,=3608.9046,=0.0356,,
2018-06-15,=3753.4338,=0.0360,,
2018-06-08,=3779.6159,=0.0365,,
2018-06-01,=3770.5891,=0.0362,,
2018-05-31,,,=0.0339,=0.0253
2018-05-25,=3816.4980,=0.0361,,
2018-05-18,=3903.0637,=0.0371,,
2018-05-11,=3872.8383,=0.0369,,
2018-05-04,=3774.5981,=0.0363,,
2018-04-30,,,=0.0351,=0.0253
2018-04-28,,=0.0362,,
2018-04-27,=3756.8765,,,
2018-04-20,=3760.8543,=0.0352,,
2018-04-13,=3871.1443,=0.0371,,
2018-04-08,,=0.0370,,
2018-04-04,=3854.8625,,,
2018-03-31,,,=0.0353,=0.0250
2018-03-30,=3898.4977,=0.0374,,
2018-03-23,=3904.9355,=0.0370,,
2018-03-16,=4056.4226,=0.0382,,
2018-03-09,=4108.8652,=0.0383,,
2018-03-02,=4016.4610,=0.0384,,
2018-02-28,,,=0.0372,=0.0268
2018-02-24,,=0.0387,,
2018-02-23,=4071.0889,,,
2018-02-14,=3966.9614,=0.0387,,
2018-02-11,,=0.0388,,
2018-02-09,=3840.6527,,,
2018-02-02,=4271.2326,=0.0391,,
2018-01-31,,,=0.0373,=0.0262
2018-01-26,=4381.2996,=0.0394,,
2018-01-19,=4285.3950,=0.0398,,
2018-01-12,=4225.0010,=0.0393,,
2018-01-05,=4138.7505,=0.0392,,
2017-12-31,,=0.0388,=0.0333,=0.0250
2017-12-29,=4030.8549,,,
2017-12-22,=4054.5984,=0.0388,,
2017-12-15,=3980.8558,=0.0389,,
2017-12-08,=4003.3792,=0.0391,,
2017-12-01,=3998.1365,=0.0389,,
2017-11-30,,,=0.0347,=0.0277
2017-11-24,=4104.2034,=0.0395,,
2017-11-17,=4120.8508,=0.0392,,
2017-11-10,=4111.9112,=0.0390,,
2017-11-03,=3992.6979,=0.0388,,
2017-10-31,,,=0.0358,=0.0268
2017-10-27,=4021.9676,=0.0383,,
2017-10-20,=3926.8520,=0.0372,,
2017-10-13,=3921.0017,=0.0367,,
2017-09-30,,=0.0361,=0.0361,=0.0280
2017-09-29,=3836.5013,,,
2017-09-22,=3837.7304,=0.0362,,
2017-09-15,=3831.2965,=0.0360,,
2017-09-08,=3825.9895,=0.0360,,
2017-09-01,=3830.5383,=0.0364,,
2017-08-31,,,=0.0364,=0.0271
2017-08-25,=3795.7544,=0.0363,,
2017-08-18,=3724.6748,=0.0360,,
2017-08-11,=3647.3503,=0.0362,,
2017-08-04,=3707.5796,=0.0363,,
2017-07-31,,,=0.0367,=0.0280
2017-07-28,=3721.8914,=0.0360,,
2017-07-21,=3728.5976,=0.0358,,
2017-07-14,=3703.0940,=0.0356,,
2017-07-07,=3655.9293,=0.0359,,
2017-06-30,=3666.7977,=0.0357,=0.0356,=0.0287
2017-06-23,=3622.8831,=0.0355,,
2017-06-16,=3518.7611,=0.0357,,
2017-06-09,=3576.1703,=0.0363,,
2017-06-02,=3486.5074,=0.0363,,
2017-05-31,,,=0.0358,=0.0293
2017-05-27,,=0.0365,,
2017-05-26,=3480.4300,,,
2017-05-19,=3403.8492,=0.0362,,
2017-05-12,=3385.3787,=0.0365,,
2017-05-05,=3382.5502,=0.0356,,
2017-04-30,,,=0.0353,=0.0320
2017-04-28,=3439.7500,=0.0347,,
2017-04-21,=3466.7865,=0.0346,,
2017-04-14,=3486.5045,=0.0336,,
2017-04-07,=3517.4634,=0.0330,,
2017-04-01,,=0.0327,,
2017-03-31,=3456.0500,,=0.0347,=0.0323
2017-03-24,=3489.5997,=0.0325,,
2017-03-17,=3445.8051,=0.0331,,
2017-03-10,=3427.8916,=0.0342,,
2017-03-03,=3427.8628,=0.0336,,
2017-02-28,,,=0.0356,=0.0338
2017-02-24,=3473.8517,=0.0329,,
2017-02-17,=3421.4419,=0.0333,,
2017-02-10,=3413.4868,=0.0344,,
2017-02-04,,=0.0341,,
2017-02-03,=3364.4923,,,
2017-01-31,,,=0.0353,=0.0345
2017-01-26,=3387.9606,=0.0335,,
2017-01-22,,=0.0326,,
2017-01-20,=3354.8891,,,
2017-01-13,=3319.9122,=0.0320,,
2017-01-06,=3347.6665,=0.0320,,
2016-12-31,,=0.0301,=0.0356,=0.0345
2016-12-30,=3310.0800,,,
2016-12-23,=3307.5991,=0.0318,,
2016-12-16,=3346.0305,=0.0328,,
2016-12-09,=3493.7004,=0.0309,,
2016-12-02,=3528.9547,=0.0299,,
2016-11-30,,,=0.0369,=0.0348
2016-11-25,=3521.2984,=0.0286,,
2016-11-18,=3417.4554,=0.0289,,
2016-11-11,=3417.2211,=0.0282,,
2016-11-04,=3354.1749,=0.0273,,
2016-10-31,,,=0.0356,=0.0354
2016-10-28,=3340.1262,=0.0270,,
2016-10-21,=3327.7400,=0.0265,,
2016-10-14,=3305.8481,=0.0270,,
2016-10-09,,=0.0268,,
2016-09-30,=3253.2848,=0.0273,=0.0347,=0.0351
2016-09-23,=3275.6665,=0.0273,,
2016-09-18,,=0.0277,,
2016-09-14,=3238.7299,,,
2016-09-09,=3318.0440,=0.0277,,
2016-09-02,=3314.1142,=0.0275,,
2016-08-31,,,=0.0342,=0.0348
2016-08-26,=3307.0902,=0.0269,,
2016-08-19,=3365.0197,=0.0270,,
2016-08-12,=3294.2337,=0.0267,,
2016-08-05,=3205.1101,=0.0275,,
2016-07-31,,,=0.0339,=0.0311
2016-07-29,=3203.9304,=0.0278,,
2016-07-22,=3225.1621,=0.0279,,
2016-07-15,=3276.2775,=0.0283,,
2016-07-08,=3192.2804,=0.0280,,
2016-07-01,=3154.2003,=0.0280,,
2016-06-30,,,=0.0345,=0.0360
2016-06-24,=3077.1554,=0.0288,,
2016-06-17,=3110.3572,=0.0294,,
2016-06-12,,=0.0301,,
2016-06-08,=3163.9864,,,
2016-06-03,=3189.3255,=0.0302,,
2016-05-31,,,=0.0350,=0.0360
2016-05-27,=3062.4993,=0.0295,,
2016-05-20,=3078.2183,=0.0295,,
2016-05-13,=3074.9351,=0.0290,,
2016-05-06,=3130.3544,=0.0290,,
2016-04-30,,,=0.0364,=0.0390
2016-04-29,=3156.7451,=0.0289,,
2016-04-22,=3174.9012,=0.0293,,
2016-04-15,=3272.2053,=0.0292,,
2016-04-08,=3185.7258,=0.0292,,
2016-04-01,=3221.8948,=0.0284,,
2016-03-31,,,=0.0372,=0.0409
2016-03-25,=3197.8169,=0.0283,,
2016-03-18,=3171.9630,=0.0282,,
2016-03-11,=3018.2844,=0.0285,,
2016-03-04,=3093.8895,=0.0290,,
2016-02-29,,,=0.0353,=0.0405
2016-02-26,=2948.0306,=0.0286,,
2016-02-19,=3051.5850,=0.0283,,
2016-02-14,,=0.0282,,
2016-02-06,,=0.0285,,
2016-02-05,=2963.7894,,,
2016-01-31,,,=0.0364,=0.0427
2016-01-29,=2946.0902,=0.0284,,
2016-01-22,=3113.4626,=0.0277,,
2016-01-15,=3118.7300,=0.0275,,
2016-01-08,=3361.5630,=0.0284,,
2015-12-31,=3731.0050,=0.0282,=0.0342,=0.0405
2015-12-25,=3838.2010,=0.0281,,
2015-12-18,=3767.9130,=0.0294,,
2015-12-11,=3608.0590,=0.0299,,
2015-12-04,=3677.5920,=0.0303,,
2015-11-30,,,=0.0339,=0.0418
2015-11-27,=3556.9920,=0.0306,,
2015-11-20,=3774.3830,=0.0313,,
2015-11-13,=3746.2420,=0.0313,,
2015-11-06,=3793.3740,=0.0313,,
2015-10-31,,,=0.0343,=0.0412
2015-10-30,=3534.0790,=0.0306,,
2015-10-23,=3571.2410,=0.0304,,
2015-10-16,=3534.0650,=0.0312,,
2015-10-10,,=0.0316,,
2015-10-09,=3340.1160,,,
2015-09-30,=3202.9480,=0.0324,=0.0350,=0.0399
2015-09-25,=3231.9510,=0.0331,,
2015-09-18,=3251.2730,=0.0331,,
2015-09-11,=3347.1880,=0.0334,,
2015-09-06,,=0.0332,,
2015-09-02,=3365.8320,,,
2015-08-31,,,=0.0350,=0.0405
2015-08-28,=3342.2860,=0.0338,,

数据来源于：理杏仁网站(lixinger.com)