日期,="A股全指.市值(左1)(单位: 元)",="A股全指.收盘点位",="宏观.大陆-GDP(累计)(左1)(单位: 元)",="巴菲特指标 市值/GDP"
2025-08-26,=116554287976332.0313,=5715.7895,,=0.8640
2025-08-22,=115038783559178.9063,=5620.4251,,=0.8527
2025-08-15,=111152170427613.9844,=5412.0181,,=0.8239
2025-08-08,=108865681424907.2656,=5258.7829,,=0.8070
2025-08-01,=106739889245970.5313,=5161.0932,,=0.7912
2025-07-25,=107881415293134.6094,=5220.9501,,=0.7997
2025-07-18,=106148585085324.7813,=5110.4533,,=0.7868
2025-07-11,=105193621887763.0313,=5045.7649,,=0.7797
2025-07-04,=103851641250201.9063,=4969.2135,,=0.7698
2025-06-27,=102524849488109.9844,=4913.6640,,=0.7600
2025-06-20,=99894079801559.4219,=4754.8273,,=0.7405
2025-06-13,=100203350911083.5156,=4813.1973,,=0.7428
2025-06-06,=100567318893805.2656,=4834.8625,,=0.7454
2025-05-30,=99274336757075.4219,=4764.6041,,=0.7359
2025-05-23,=99353983702998.8125,=4771.6242,,=0.7365
2025-05-16,=99811187978547.2656,=4805.3678,,=0.7398
2025-05-09,=99284616564643.9375,=4773.3335,,=0.7359
2025-04-30,=97220134882105.5781,=4666.7960,,=0.7206
2025-04-25,=97570666551299.8438,=4667.5574,,=0.7232
2025-04-18,=96778625821357.9219,=4616.8376,,=0.7174
2025-04-11,=95788476742502.3750,=4603.0324,,=0.7100
2025-04-03,=99529705261926.4688,=4809.7335,,=0.7378
2025-03-28,=100117552523578.3594,=4868.7456,,=0.7421
2025-03-21,=100908404870263.7500,=4931.8154,,=0.7480
2025-03-14,=102513369881919,=5037.2472,,=0.7599
2025-03-07,=101104076205437.2656,=4964.7740,,=0.7494
2025-02-28,=99291518499213.1563,=4847.4068,,=0.7360
2025-02-21,=101597479953236,=4973.1136,,=0.7531
2025-02-14,=100007090713635.1094,=4875.0667,,=0.7413
2025-02-07,=98378291964703.8594,=4796.0356,,=0.7292
2025-01-27,=96068742464719.6094,=4632.6668,,=0.7121
2025-01-24,=96454652137299.4688,=4674.2252,,=0.7150
2025-01-17,=95905084039144.8125,=4636.0726,,=0.7109
2025-01-10,=93184288664726,=4475.6126,,=0.6907
2025-01-03,=94360196009515.3125,=4523.1235,,=0.6994
2024-12-31,,,=134908350000000,=0.7439
2024-12-27,=100360877627037.4531,=4864.1813,,=0.7754
2024-12-20,=99969429595481.2500,=4891.5437,,=0.7724
2024-12-13,=100292304504621.1406,=4947.3916,,=0.7749
2024-12-06,=100473268402316.4688,=4956.5690,,=0.7763
2024-11-29,=98174550795206.6875,=4845.8985,,=0.7585
2024-11-22,=96229366792622.1250,=4746.3702,,=0.7435
2024-11-15,=98126615524810.8125,=4847.6288,,=0.7582
2024-11-08,=101685815336596,=5049.4472,,=0.7857
2024-11-01,=95941630077805.1250,=4723.3393,,=0.7413
2024-10-25,=97017558789887.2969,=4767.4349,,=0.7496
2024-10-18,=95372172888000.6094,=4647.2965,,=0.7369
2024-10-11,=93306415903166.6250,=4514.1935,,=0.7209
2024-09-30,=96775610283316.2813,=4706.7729,,=0.7477
2024-09-27,=88902706301893.6406,=4293.1102,,=0.6869
2024-09-20,=78510372350907.9688,=3727.8114,,=0.6066
2024-09-13,=77469057212541.1875,=3681.4386,,=0.5986
2024-09-06,=79108795878353.4688,=3758.1840,,=0.6112
2024-08-30,=81385335326204.5469,=3854.7444,,=0.6288
2024-08-23,=81157542310681.1875,=3806.9257,,=0.6271
2024-08-16,=82177164585249.8125,=3886.6404,,=0.6349
2024-08-09,=81703760456106.4531,=3888.7752,,=0.6313
2024-08-02,=83037327867122.1094,=3956.1153,,=0.6416
2024-07-26,=82612144161245.3906,=3927.6244,,=0.6383
2024-07-19,=85185109311366.6406,=4042.7301,,=0.6582
2024-07-12,=85013969168400.8281,=4036.8368,,=0.6568
2024-07-05,=84317622189386.2500,=3989.4446,,=0.6515
2024-06-28,=84958585587060.5625,=4039.9675,,=0.6564
2024-06-21,=85903433311055.9063,=4119.1720,,=0.6637
2024-06-14,=86651973112399.1406,=4188.7824,,=0.6695
2024-06-07,=86838638203683.0469,=4192.8244,,=0.6709
2024-05-31,=88194119497147.1875,=4288.1103,,=0.6814
2024-05-24,=88236382065576.9688,=4302.1328,,=0.6817
2024-05-17,=90259718376212.3281,=4424.8129,,=0.6974
2024-05-10,=90358808690021.1250,=4425.0561,,=0.6981
2024-04-30,=89115273477505.0938,=4353.8816,,=0.6885
2024-04-26,=88445788865563.6250,=4305.3487,,=0.6834
2024-04-19,=87475050573996.4688,=4226.2189,,=0.6759
2024-04-12,=86727501869679.5625,=4235.3772,,=0.6701
2024-04-03,=88713259625035,=4353.7389,,=0.6854
2024-03-29,=87810284781211.9219,=4310.6697,,=0.6785
2024-03-22,=88390474653473.4844,=4370.8471,,=0.6829
2024-03-15,=88321376985154.6719,=4372.0249,,=0.6824
2024-03-08,=87590961102317.6875,=4285.6193,,=0.6768
2024-03-01,=86996583650086.8594,=4286.5038,,=0.6722
2024-02-23,=85794477742162.2969,=4187.6097,,=0.6629
2024-02-08,=81509287325548.8750,=3985.3963,,=0.6298
2024-02-02,=77797652340190.0938,=3765.6602,,=0.6011
2024-01-26,=84036112348315.1406,=4142.7269,,=0.6493
2024-01-19,=82519366345441.4688,=4117.7214,,=0.6376
2024-01-12,=84342671898846.9219,=4230.0851,,=0.6517
2024-01-05,=85745965472141.8750,=4292.7876,,=0.6625
2023-12-31,,,=129427170000000,=0.6766
2023-12-29,=87564244970917.4531,=4421.9569,,=0.7096
2023-12-22,=85421752037284.8438,=4310.3902,,=0.6922
2023-12-15,=86550634748496.5313,=4390.0106,,=0.7014
2023-12-08,=86385430779055.4844,=4433.6740,,=0.7000
2023-12-01,=88055437338906.1250,=4531.1431,,=0.7136
2023-11-24,=88366879524865.1719,=4558.1807,,=0.7161
2023-11-17,=88895759460111.5313,=4602.6081,,=0.7204
2023-11-10,=88334188081591.6094,=4567.8864,,=0.7158
2023-11-03,=87791390470262.2813,=4523.6681,,=0.7114
2023-10-27,=87351318662596.4219,=4490.0996,,=0.7079
2023-10-20,=86140888623172.0469,=4402.6931,,=0.6980
2023-10-13,=89555572309183.9531,=4600.1303,,=0.7257
2023-09-28,=89783825481552.2969,=4621.4108,,=0.7276
2023-09-22,=90291936681870.8281,=4639.8568,,=0.7317
2023-09-15,=89981884070914.9844,=4625.1348,,=0.7292
2023-09-08,=90216032011355.3438,=4654.7461,,=0.7311
2023-09-01,=90729822036853.6719,=4690.2923,,=0.7352
2023-08-25,=88309723030367.4531,=4550.0167,,=0.7156
2023-08-18,=90475782305353.8125,=4683.6868,,=0.7332
2023-08-11,=92323544009952.6875,=4798.5827,,=0.7481
2023-08-04,=95207723065735.5625,=4967.3118,,=0.7715
2023-07-28,=94653297440796.7031,=4924.5186,,=0.7670
2023-07-21,=91993103397050.5781,=4791.5230,,=0.7455
2023-07-14,=94086464419337.1250,=4889.7442,,=0.7624
2023-07-07,=92947795776872.7813,=4831.1695,,=0.7532
2023-06-30,=93277032476975.1875,=4859.8924,,=0.7559
2023-06-21,=93075429512259.4375,=4853.0233,,=0.7542
2023-06-16,=95270093394002.8750,=4965.4835,,=0.7720
2023-06-09,=92241489595869.2344,=4827.0025,,=0.7475
2023-06-02,=92542336760986.0938,=4877.5536,,=0.7499
2023-05-26,=91800346919874.2813,=4841.9347,,=0.7439
2023-05-19,=93493697573844.2969,=4916.9769,,=0.7576
2023-05-12,=92984457177827.3438,=4888.8439,,=0.7535
2023-05-05,=94704133393665.3906,=4976.5826,,=0.7674
2023-04-28,=94686771488622.9531,=4998.8052,,=0.7673
2023-04-21,=94376804866401.0625,=5003.5475,,=0.7648
2023-04-14,=95938740333638.8438,=5131.8160,,=0.7774
2023-04-07,=95861362573592.1563,=5162.8095,,=0.7768
2023-03-31,=94038154968204.1875,=5074.0300,,=0.7620
2023-03-24,=93769006760655.4375,=5060.3400,,=0.7599
2023-03-17,=92871943861339.5000,=4967.6800,,=0.7526
2023-03-10,=92550696749301.6875,=4993.5100,,=0.7500
2023-03-03,=95210713403120.2031,=5161.7900,,=0.7715
2023-02-24,=93667293748528.2656,=5105.6000,,=0.7590
2023-02-17,=92645045318337.7188,=5054.7700,,=0.7508
2023-02-10,=93945306926189.7344,=5139.4300,,=0.7613
2023-02-03,=94011782703393.9063,=5143.6800,,=0.7618
2023-01-20,=93363076162790.5625,=5096.7800,,=0.7566
2023-01-13,=91111184159478.2031,=4959.1400,,=0.7383
2023-01-06,=89950844345089.0938,=4895.2400,,=0.7289
2022-12-31,,,=123402939999999.9844,=0.7093
2022-12-30,=87534924021726.1563,=4756.6200,,=0.7617
2022-12-23,=86356783276694.3594,=4689.8200,,=0.7514
2022-12-16,=89895188757250.3125,=4897.9500,,=0.7822
2022-12-09,=89418397588544.3438,=4973.3500,,=0.7781
2022-12-02,=88021526135750.5313,=4893.8200,,=0.7659
2022-11-25,=86152933378549.9688,=4777.8800,,=0.7497
2022-11-18,=86565565793943.6563,=4842.8100,,=0.7532
2022-11-11,=86230803695268.3125,=4817.2400,,=0.7503
2022-11-04,=85978495571032.2969,=4808.2300,,=0.7481
2022-10-28,=81182437639101.6250,=4503.1400,,=0.7064
2022-10-21,=84574148707672.0781,=4706.9100,,=0.7359
2022-10-14,=85342379727967.1719,=4762.0200,,=0.7426
2022-09-30,=83406815009505.1719,=4631.6800,,=0.7258
2022-09-23,=85327373960385.4375,=4750.7100,,=0.7425
2022-09-16,=86384300409082.0625,=4836.3700,,=0.7517
2022-09-09,=90421607405864.5938,=5087.4700,,=0.7868
2022-09-02,=88648513314678.3906,=4994.8100,,=0.7714
2022-08-26,=90376969680238.8750,=5109.4400,,=0.7864
2022-08-19,=91563166605606.8906,=5209.7200,,=0.7967
2022-08-12,=91761516986205.7344,=5228.8900,,=0.7985
2022-08-05,=90234519509097.5156,=5142.2700,,=0.7852
2022-07-29,=90784816268455.3594,=5174.9800,,=0.7900
2022-07-22,=91140713508607.4375,=5194.8900,,=0.7931
2022-07-15,=89983672169402.6719,=5133.3200,,=0.7830
2022-07-08,=93117130835158.4219,=5308.5200,,=0.8103
2022-07-01,=93678119981986.2031,=5336.1400,,=0.8151
2022-06-24,=92750608898755.8125,=5269.8100,,=0.8071
2022-06-17,=91316351381400.4375,=5165.7900,,=0.7946
2022-06-10,=86165277731919.1250,=5079.6900,,=0.7498
2022-06-02,=83862389141611.4219,=4931.2100,,=0.7297
2022-05-27,=81734794653348.4063,=4795.2900,,=0.7112
2022-05-20,=82486936286168.2813,=4857.2600,,=0.7178
2022-05-13,=80686283904956.0781,=4739.1900,,=0.7021
2022-05-06,=78232878559716.7031,=4580.5500,,=0.6807
2022-04-29,=79301735367230.0625,=4647.0200,,=0.6900
2022-04-22,=80523150572606.9063,=4718.9100,,=0.7007
2022-04-15,=84012725953554.8750,=4957.7200,,=0.7310
2022-04-08,=85760925819388.4219,=5078,,=0.7462
2022-04-01,=86964924180203.0781,=5170.9800,,=0.7567
2022-03-25,=85562893537732.1875,=5103.0700,,=0.7445
2022-03-18,=86607323148456.1563,=5179.1400,,=0.7536
2022-03-11,=87917434607155.6250,=5248.1100,,=0.7650
2022-03-04,=91555748773583.5313,=5464.8700,,=0.7967
2022-02-25,=92286880839348.9844,=5536.7500,,=0.8030
2022-02-18,=92981955045942.9063,=5564.3800,,=0.8091
2022-02-11,=91783845017472.9531,=5471.5700,,=0.7987
2022-01-28,=90072765659360.1875,=5405.9100,,=0.7838
2022-01-21,=94574916286397.8906,=5695.0200,,=0.8229
2022-01-14,=95341461920199.9063,=5746.2300,,=0.8296
2022-01-07,=96480951279797.5469,=5811.6100,,=0.8395
2021-12-31,=98563775541199.4219,=5969.8000,=114923697861087,=0.8576
2021-12-24,=97514923718497.8438,=5896.6400,,=0.9621
2021-12-17,=98273783823506.1094,=5951.2900,,=0.9696
2021-12-10,=95991032791789.0469,=6008.6200,,=0.9471
2021-12-03,=94709408572324.3906,=5935.4000,,=0.9344
2021-11-26,=93734100334009.3906,=5876.0200,,=0.9248
2021-11-19,=93455319102110.9219,=5853.5700,,=0.9220
2021-11-12,=92835616913248.7969,=5821.3400,,=0.9159
2021-11-05,=91135827253734.8906,=5702.4800,,=0.8992
2021-10-29,=91717505248491.0938,=5740.2900,,=0.9049
2021-10-22,=92534376034921.7969,=5775.4400,,=0.9130
2021-10-15,=92146703241702.0938,=5740.9900,,=0.9091
2021-10-08,=92640617682363.5156,=5769.2900,,=0.9140
2021-09-30,=91950538008894.6406,=5723.4600,,=0.9072
2021-09-24,=93208951801732.2500,=5807.9600,,=0.9196
2021-09-17,=93453965485350.6250,=5827.8100,,=0.9220
2021-09-10,=95757701438409.8750,=5980.3600,,=0.9448
2021-09-03,=92497394706812.3281,=5767.8800,,=0.9126
2021-08-27,=91929015686754.6875,=5757.1500,,=0.9070
2021-08-20,=89818144361838.1875,=5626.2400,,=0.8862
2021-08-13,=92270776094151.4063,=5804.7300,,=0.9104
2021-08-06,=90888368133980.4844,=5738.2000,,=0.8967
2021-07-30,=89112130449568.7188,=5607.7500,,=0.8792
2021-07-23,=92474961216901.1719,=5833.6500,,=0.9124
2021-07-16,=92085995991660.2188,=5795.5300,,=0.9085
2021-07-09,=91920427892630.5781,=5752.1100,,=0.9069
2021-07-02,=91288070640368.2188,=5687.2900,,=0.9007
2021-06-25,=93339241079502.6406,=5812.0800,,=0.9209
2021-06-18,=91080933324964.5781,=5669.4500,,=0.8986
2021-06-11,=89811136656642.0156,=5755.7300,,=0.8861
2021-06-04,=89819999011284.4219,=5768.9700,,=0.8862
2021-05-28,=89764081494839.6250,=5765,,=0.8856
2021-05-21,=86970132892230.7656,=5582.6100,,=0.8581
2021-05-14,=86594390102156.5469,=5562.1600,,=0.8544
2021-05-07,=84692891775314.1406,=5445.0900,,=0.8356
2021-04-30,=85979378535968.9375,=5544.2600,,=0.8483
2021-04-23,=86483773650795.0156,=5560.1700,,=0.8533
2021-04-16,=84679469151358.0938,=5420.6800,,=0.8355
2021-04-09,=85231497549091.4375,=5457.5900,,=0.8409
2021-04-02,=86054859053432.7969,=5524.6900,,=0.8490
2021-03-26,=84349187514543.2031,=5425.7500,,=0.8322
2021-03-19,=83866349791765.8750,=5389.6300,,=0.8274
2021-03-12,=85032474580332.7969,=5469.1600,,=0.8389
2021-03-05,=87007233696397.4531,=5607.5500,,=0.8584
2021-02-26,=86892957265814.1250,=5617.6700,,=0.8573
2021-02-19,=92011499696820.1406,=5977.4200,,=0.9078
2021-02-10,=91206503859233.1406,=5918.5900,,=0.8999
2021-02-05,=86988783133517.9844,=5628.4300,,=0.8582
2021-01-29,=86925335639626.2188,=5615.5700,,=0.8576
2021-01-22,=90445950398182.7969,=5885.3500,,=0.8924
2021-01-15,=88609599541832.5781,=5740.2800,,=0.8742
2021-01-08,=89273140480514.1250,=5804.6000,,=0.8808
2020-12-31,=86663719852804.7188,=5621.7300,=101356700223068,=0.8550
2020-12-25,=84660254539171.9531,=5485.7200,,=0.8582
2020-12-18,=84487402205696.3281,=5465.5800,,=0.8564
2020-12-11,=78972161983360.3438,=5371.6900,,=0.8005
2020-12-04,=81570786913196.3594,=5564.9300,,=0.8269
2020-11-27,=80367390031592.4688,=5470.4800,,=0.8147
2020-11-20,=80188501835367.6563,=5488.7700,,=0.8128
2020-11-13,=78880431697982.8906,=5402.7700,,=0.7996
2020-11-06,=79138472494380.6563,=5423.9600,,=0.8022
2020-10-30,=76757142795742.8281,=5241.1700,,=0.7781
2020-10-23,=77516353368406.1875,=5295.6200,,=0.7858
2020-10-16,=79179910416328.3125,=5424.6100,,=0.8026
2020-10-09,=77517235669624.8750,=5319.4500,,=0.7858
2020-09-30,=75864103122934.4844,=5189.3600,,=0.7690
2020-09-25,=75723297669217.3438,=5187.2900,,=0.7676
2020-09-18,=78454464048350.9063,=5387.1100,,=0.7953
2020-09-11,=76470814628782.8594,=5256.6200,,=0.7752
2020-09-04,=79425926277709.6094,=5485.2700,,=0.8051
2020-08-28,=80364218770117.5781,=5541.3500,,=0.8146
2020-08-21,=79292825124054.7188,=5447.7200,,=0.8038
2020-08-14,=78978483390718.7031,=5431.5400,,=0.8006
2020-08-07,=79242739860895.9219,=5469.8100,,=0.8033
2020-07-31,=78353866854576.7188,=5409.4600,,=0.7942
2020-07-24,=75127193258986.7031,=5169.0700,,=0.7615
2020-07-17,=75710580383636.8281,=5202.8200,,=0.7675
2020-07-10,=79588451241146.0781,=5452.8500,,=0.8068
2020-07-03,=73396636520629.0469,=5008.3500,,=0.7440
2020-06-24,=68130257241676.2891,=4748.3300,,=0.6906
2020-06-19,=67657412188827.6406,=4717.9000,,=0.6858
2020-06-12,=66168553829065.1016,=4596.9600,,=0.6707
2020-06-05,=66205459155290.1406,=4591.9600,,=0.6711
2020-05-29,=64168910765217.4141,=4439.0900,,=0.6505
2020-05-22,=63258798137671.9141,=4370.1500,,=0.6412
2020-05-15,=64789813163536.0781,=4491.4300,,=0.6568
2020-05-08,=65136771493711.8359,=4517.6800,,=0.6603
2020-04-30,=64105540563987.8125,=4426.3400,,=0.6498
2020-04-24,=62994172703697.7031,=4351.5500,,=0.6386
2020-04-17,=63590574758506.6953,=4391.6000,,=0.6446
2020-04-10,=62565970233595.3203,=4319.3600,,=0.6342
2020-04-03,=61691439939048.9297,=4244.7400,,=0.6253
2020-03-27,=61781690937489.3750,=4257.8000,,=0.6263
2020-03-20,=61540094433002.2813,=4257,,=0.6238
2020-03-13,=64750314602838.6250,=4494.5500,,=0.6564
2020-03-06,=68345524804658.2109,=4764.2400,,=0.6928
2020-02-28,=64767170351178.5547,=4493,,=0.6565
2020-02-21,=68433425237364.6250,=4751.4600,,=0.6937
2020-02-14,=65094785846952.7500,=4487.7800,,=0.6598
2020-02-07,=63903166993124.0859,=4397.2100,,=0.6478
2020-01-23,=65535906382783.9297,=4488.9700,,=0.6643
2020-01-17,=67521096980757.4531,=4637.2700,,=0.6844
2020-01-10,=67494917169602.8594,=4633.4200,,=0.6842
2020-01-03,=66888496101813.6094,=4576.5400,,=0.6780
2019-12-31,,,=98651520229190.2969,=0.6254
2019-12-27,=61697216944290.2188,=4428.6800,,=0.6711
2019-12-20,=61681483615654.0547,=4426.5800,,=0.6710
2019-12-13,=60594400596818.6250,=4350.4700,,=0.6591
2019-12-06,=59576658428618.4609,=4280.5100,,=0.6481
2019-11-29,=58472208950615.2500,=4186.1800,,=0.6361
2019-11-22,=58746365773414.0781,=4212.9300,,=0.6390
2019-11-15,=58833398093559.1641,=4216.2900,,=0.6400
2019-11-08,=60345075043290.1406,=4329.0100,,=0.6564
2019-11-01,=60090434578403.4141,=4311.0500,,=0.6537
2019-10-25,=59922171728520.7266,=4289.7400,,=0.6518
2019-10-18,=59422128184380.7891,=4261.8300,,=0.6464
2019-10-11,=60080123759337,=4322.1600,,=0.6536
2019-09-30,=58611540462411.7266,=4214.4000,,=0.6376
2019-09-27,=59179272231570.2344,=4259.7800,,=0.6438
2019-09-20,=60884772835185.9375,=4398.2400,,=0.6623
2019-09-12,=61259186387131.8984,=4433.9300,,=0.6664
2019-09-06,=60539198742065.6719,=4376.6600,,=0.6585
2019-08-30,=58075519630691.4375,=4184.7800,,=0.6317
2019-08-23,=58253706265661.3438,=4201.7200,,=0.6337
2019-08-16,=56672910490661.5625,=4068.2500,,=0.6165
2019-08-09,=55525265041758.0547,=3971.5300,,=0.6040
2019-08-02,=57487604277109.3203,=4124.2900,,=0.6254
2019-07-26,=58957365045693.5156,=4231.3900,,=0.6413
2019-07-19,=58484500515928.1875,=4199.3200,,=0.6362
2019-07-12,=58472240866201.1797,=4198.0800,,=0.6361
2019-07-05,=60066755985179.4688,=4319.9500,,=0.6534
2019-06-28,=59142374456584.2188,=4244.0800,,=0.6434
2019-06-21,=59599928707745.2891,=4282.0700,,=0.6483
2019-06-14,=57079530379026.0078,=4086.1300,,=0.6209
2019-06-06,=55875978727996.7656,=3980.9400,,=0.6078
2019-05-31,=57508087730175.2578,=4123.5100,,=0.6256
2019-05-24,=56554621347250.2031,=4056.5400,,=0.6152
2019-05-17,=57344566533359.1641,=4134.6300,,=0.6238
2019-05-10,=58552597190980.8594,=4226.0200,,=0.6369
2019-04-30,=61299610890149.6328,=4422.4900,,=0.6668
2019-04-26,=61684243577973.7031,=4460.6800,,=0.6710
2019-04-19,=65499141404069.1172,=4756.5400,,=0.7125
2019-04-12,=63763922149567.6406,=4632.0100,,=0.6936
2019-04-04,=65047106485688.2188,=4727.6700,,=0.7076
2019-03-29,=61913416051134.0156,=4487.7200,,=0.6735
2019-03-22,=62145059503021.7500,=4499.5400,,=0.6760
2019-03-15,=60388827779853.5234,=4351.4300,,=0.6569
2019-03-08,=59236773820061.7734,=4249.7300,,=0.6444
2019-03-01,=59230722141042.8438,=4215.7000,,=0.6443
2019-02-22,=55586981211560.6641,=3968.8800,,=0.6047
2019-02-15,=52866652265998.6953,=3752.4700,,=0.5751
2019-02-01,=51149971692958.0547,=3596.0200,,=0.5564
2019-01-25,=50904454924792.9922,=3598.6000,,=0.5537
2019-01-18,=50757644457661.2813,=3598.4300,,=0.5521
2019-01-11,=49975735164758.8047,=3551.3300,,=0.5436
2019-01-04,=49050263409824.3438,=3470.2800,,=0.5336
2018-12-31,,,=91928112906664.5938,=0.5209
2018-12-28,=47885454357503.7734,=3432.3800,,=0.5755
2018-12-21,=48337789116263.7734,=3472.6900,,=0.5810
2018-12-14,=49898011198797.7813,=3592.5200,,=0.5997
2018-12-07,=50318445811015.5234,=3634.5700,,=0.6048
2018-11-30,=49959565530127.3750,=3606.1000,,=0.6004
2018-11-23,=49782684137860,=3589.6700,,=0.5983
2018-11-16,=51911674360810.6953,=3763.2700,,=0.6239
2018-11-09,=49918728035576.0859,=3584.8800,,=0.6000
2018-11-02,=51214452731426.9453,=3666.5900,,=0.6155
2018-10-26,=49561091213587.6094,=3523.3500,,=0.5957
2018-10-19,=48552258903822.8203,=3454.3400,,=0.5835
2018-10-12,=49573955161138.2422,=3536.7600,,=0.5958
2018-09-28,=54003063840776.2422,=3890.8300,,=0.6490
2018-09-21,=53696326372306.4609,=3880.9200,,=0.6454
2018-09-14,=51567612299431.9688,=3737.7000,,=0.6198
2018-09-07,=52159569734960.5469,=3798.5800,,=0.6269
2018-08-31,=52708424939766.2969,=3842.1400,,=0.6335
2018-08-24,=52811866307862.8516,=3854.9900,,=0.6347
2018-08-17,=51749685725239.4609,=3785.0100,,=0.6220
2018-08-10,=54234182870833.5781,=3979.6100,,=0.6518
2018-08-03,=53177989602557.6250,=3892.8800,,=0.6391
2018-07-27,=56158229366736.3906,=4144.3600,,=0.6749
2018-07-20,=55537091395701.3359,=4096.5200,,=0.6675
2018-07-13,=55719527691439.5859,=4105.0600,,=0.6697
2018-07-06,=53717623700061.2656,=3956.6200,,=0.6456
2018-06-29,=54343463315815.1953,=4127.9500,,=0.6531
2018-06-22,=54956847379723.0547,=4157.4600,,=0.6605
2018-06-15,=57638801983638.4375,=4380.6600,,=0.6927
2018-06-08,=58726189703234.4141,=4486.6300,,=0.7058
2018-06-01,=58782752167808.6250,=4488.9200,,=0.7065
2018-05-25,=60376030685530.0938,=4614.4700,,=0.7256
2018-05-18,=61448109811242.0313,=4685.9000,,=0.7385
2018-05-11,=61094181963786.7656,=4666.5000,,=0.7343
2018-05-04,=59713635109998.7422,=4571.4000,,=0.7177
2018-04-27,=59501048548837.6250,=4548.4200,,=0.7151
2018-04-20,=59388996933613.2656,=4556.7100,,=0.7138
2018-04-13,=61159062934464.0078,=4688.6200,,=0.7351
2018-04-04,=60708512856929.0234,=4676.6100,,=0.7296
2018-03-30,=61535800891357.8047,=4731.0300,,=0.7396
2018-03-23,=60402420983701.7422,=4604.9000,,=0.7260
2018-03-16,=62891629413120.1953,=4828.5000,,=0.7559
2018-03-09,=63673845585194.9375,=4876.4600,,=0.7653
2018-03-02,=62264344552818.8359,=4751.9400,,=0.7483
2018-02-23,=61905432835602.8047,=4709.7300,,=0.7440
2018-02-14,=60329780200490.7656,=4600.6100,,=0.7251
2018-02-09,=58730201685995.5469,=4457.4600,,=0.7059
2018-02-02,=64643561185385.5703,=4874.8100,,=0.7769
2018-01-26,=67197241261458.0313,=5126.6100,,=0.8076
2018-01-19,=65854341130049.8438,=5036.9900,,=0.7915
2018-01-12,=65108809067853.4453,=5057.9100,,=0.7825
2018-01-05,=64500769546210.3906,=5020.4900,,=0.7752
2017-12-31,,,=83203594855991.7969,=0.7390
2017-12-29,=61485392269851.1328,=4898.9000,,=0.8238
2017-12-22,=61296501274039.1797,=4915.8000,,=0.8212
2017-12-15,=60754635977513.4141,=4889.4400,,=0.8140
2017-12-08,=60883072923673.9375,=4889.2300,,=0.8157
2017-12-01,=61387815300260.0781,=4929.9200,,=0.8225
2017-11-24,=61923556661761.3359,=4973.5100,,=0.8296
2017-11-17,=62398218929152.3125,=5026.9900,,=0.8360
2017-11-10,=63694632679147.5703,=5145.6900,,=0.8534
2017-11-03,=62359765065867.4297,=5003.1700,,=0.8355
2017-10-27,=63327350881779.5469,=5109.6800,,=0.8484
2017-10-20,=62600094132437.3359,=5036.9300,,=0.8387
2017-10-13,=63067110434032.9219,=5100.5500,,=0.8450
2017-09-29,=61994014135768.0938,=5002.5500,,=0.8306
2017-09-22,=61998211670263.3828,=5001.3200,,=0.8306
2017-09-15,=61926207299249.1797,=5010.1500,,=0.8297
2017-09-08,=62039114424760.5938,=4993.1900,,=0.8312
2017-09-01,=61762028767801.0938,=4972.2500,,=0.8275
2017-08-25,=61022509990886.9219,=4887.1100,,=0.8176
2017-08-18,=60084203170785.3672,=4845.8600,,=0.8050
2017-08-11,=58689293389450.3750,=4720.9200,,=0.7863
2017-08-04,=59542047182130.5078,=4782.9500,,=0.7977
2017-07-28,=59497881790270.9766,=4790.2300,,=0.7971
2017-07-21,=58946623650296.9531,=4754.6100,,=0.7898
2017-07-14,=59141988948449.3594,=4781.4700,,=0.7924
2017-07-07,=59370186313343.5781,=4808.6300,,=0.7954
2017-06-30,=57221375199986.8125,=4772.1400,,=0.7666
2017-06-23,=56604572134760.5469,=4708.6200,,=0.7584
2017-06-16,=56016233469492.8438,=4661.4300,,=0.7505
2017-06-09,=56361045556477.3203,=4674.9400,,=0.7551
2017-06-02,=55063077725614.5547,=4536.5500,,=0.7377
2017-05-26,=55298283041073.9922,=4569.9700,,=0.7409
2017-05-19,=55315075103936.5391,=4599.6100,,=0.7411
2017-05-12,=54884456834637.2422,=4540.4700,,=0.7353
2017-05-05,=55580320013148.7344,=4637.6800,,=0.7447
2017-04-28,=56483356278692.5781,=4718.1300,,=0.7567
2017-04-21,=56828874979907.6172,=4768.2500,,=0.7614
2017-04-14,=58251218378505.4844,=4901.2300,,=0.7804
2017-04-07,=59071403972776.2422,=4970.4000,,=0.7914
2017-03-31,=57865851584026.3359,=4863.5100,,=0.7753
2017-03-24,=58866226319949.6875,=4962.3700,,=0.7887
2017-03-17,=58381550726912.0313,=4923.5300,,=0.7822
2017-03-10,=58023189078216.0156,=4894.7700,,=0.7774
2017-03-03,=57987399866331.2422,=4888.7800,,=0.7769
2017-02-24,=58386238684342.9922,=4930.0600,,=0.7822
2017-02-17,=57200728646710.2578,=4831.8400,,=0.7664
2017-02-10,=57176883578728.7344,=4842.3000,,=0.7660
2017-02-03,=56093635491503.5781,=4748.2100,,=0.7515
2017-01-26,=56409330172754.6953,=4770.4300,,=0.7558
2017-01-20,=55427761185940.1719,=4711.3100,,=0.7426
2017-01-13,=55414936206459.8594,=4741.0800,,=0.7424
2017-01-06,=56459874031126.3516,=4850.9400,,=0.7564
2016-12-31,,,=74639505948351.7031,=0.7196
2016-12-30,=53711789689086.2500,=4786.9800,,=0.7797
2016-12-23,=53632409104676.0703,=4786.6100,,=0.7786
2016-12-16,=53858297996047.2969,=4827.3500,,=0.7818
2016-12-09,=55845363414770.4453,=5006.6100,,=0.8107
2016-12-02,=56039296015676.3125,=5030.2700,,=0.8135
2016-11-25,=56601266632507.7266,=5096.9300,,=0.8217
2016-11-18,=55597224212788.8672,=5022.1600,,=0.8071
2016-11-11,=55501788580802.2422,=5012.4700,,=0.8057
2016-11-04,=54443102420444.7109,=4919.6200,,=0.7903
2016-10-28,=54102618386283.6406,=4890.5500,,=0.7854
2016-10-21,=53990191471406.9141,=4887.9100,,=0.7838
2016-10-14,=53592915632556.9609,=4865.1700,,=0.7780
2016-09-30,=52401051714016.4922,=4757.4000,,=0.7607
2016-09-23,=52618234204422.8125,=4790.9000,,=0.7638
2016-09-14,=51913868141557.4219,=4726.5000,,=0.7536
2016-09-09,=53276084509868.6016,=4852.0700,,=0.7734
2016-09-02,=52822416603153.9063,=4799.6200,,=0.7668
2016-08-26,=52954742223778.3359,=4817.5700,,=0.7687
2016-08-19,=53566891030768.7188,=4882.4300,,=0.7776
2016-08-12,=52233158697139.7891,=4745.2100,,=0.7583
2016-08-05,=51058023508343.5234,=4653.3400,,=0.7412
2016-07-29,=51070322423795.9766,=4652.7100,,=0.7414
2016-07-22,=52116014949451.3828,=4775.5000,,=0.7566
2016-07-15,=52719830295055.8359,=4824.8500,,=0.7653
2016-07-08,=51699248645431.9297,=4741.7500,,=0.7505
2016-07-01,=50715968573975.6641,=4644.6100,,=0.7362
2016-06-24,=48620476787711.1250,=4505.9600,,=0.7058
2016-06-17,=48911949445594.2344,=4538.5000,,=0.7100
2016-06-08,=49521701163240.2266,=4587.3900,,=0.7189
2016-06-03,=49555441208646.9531,=4597.3400,,=0.7194
2016-05-27,=47328413706592.7422,=4378.0900,,=0.6871
2016-05-20,=47232799656193.8516,=4374.1900,,=0.6857
2016-05-13,=47045139028782.7656,=4363.0500,,=0.6829
2016-05-06,=48694887574264.1172,=4537.6400,,=0.7069
2016-04-29,=48903523478673.0156,=4564.6700,,=0.7099
2016-04-22,=49014557201081.4922,=4573.1800,,=0.7115
2016-04-15,=51175293526457.5000,=4799.4200,,=0.7429
2016-04-08,=49525659596208.7813,=4640.2000,,=0.7190
2016-04-01,=49644514372174.2188,=4639.5600,,=0.7207
2016-03-25,=49128762512753.4219,=4600.6500,,=0.7132
2016-03-18,=48389047380609.5234,=4514.1600,,=0.7025
2016-03-11,=45396926807201.8203,=4203.8900,,=0.6590
2016-03-04,=46226961720529.1094,=4280.6200,,=0.6711
2016-02-26,=45356235222899.8203,=4241.5900,,=0.6584
2016-02-19,=47385888002392.7734,=4466.1600,,=0.6879
2016-02-05,=45420381505337.4531,=4261.1100,,=0.6594
2016-01-29,=44536357054836.8828,=4154.9100,,=0.6465
2016-01-22,=47650283742327.4922,=4474.6300,,=0.6917
2016-01-15,=47136785782201.6484,=4420.9900,,=0.6843
2016-01-08,=51736837777158.1250,=4874.6500,,=0.7511
2015-12-31,=57874103069786.8750,=5592.6400,=68885821804928.3047,=0.8401
2015-12-25,=58890090782132.1563,=5716.5600,,
2015-12-18,=58108671593178.5547,=5633.0200,,
2015-12-11,=55230263888505.7109,=5335.8400,,
2015-12-04,=56408656188683.9063,=5439.6500,,
2015-11-27,=54927761797147.3984,=5306.0700,,
2015-11-20,=57733869998189.3672,=5592.7100,,
2015-11-13,=56357454104626.6641,=5445.3600,,
2015-11-06,=55930169074964.2188,=5401.9200,,
2015-10-30,=52692248244447.5938,=5090.6400,,
2015-10-23,=52945560798221.9609,=5118.8400,,
2015-10-16,=52191335966840.1172,=5036.5200,,
2015-10-09,=48732589362726.4375,=4681.4100,,
2015-09-30,=46553245758449.3359,=4460.1000,,
2015-09-25,=46765525687413.8281,=4463.4900,,
2015-09-18,=46656422503443.6953,=4449.1800,,
2015-09-11,=48541755077955.3438,=4657.6900,,
2015-09-02,=47350625534627.1484,=4466.5700,,
2015-08-28,=49243103507084.0703,=4764.9400,,

数据来源于：理杏仁网站(lixinger.com)