date,open,high,low,close,volume
2023-01-03,3864.8356,3893.9904,3831.2450,3887.8992,11505187500
2023-01-04,3886.2504,3905.9032,3873.6549,3892.9477,11066074300
2023-01-05,3913.4928,3974.8750,3912.2600,3968.5782,11650239500
2023-01-06,3969.5493,4000.4143,3966.4696,3980.8888,11095303800
2023-01-09,3998.5278,4023.0898,3990.7073,4013.1196,11705442500
2023-01-10,4014.7125,4030.4574,4002.2297,4017.4737,10175114100
2023-01-11,4019.8844,4043.3991,4008.0153,4010.0309,9999788900
2023-01-12,4021.7547,4030.2876,4003.5079,4017.8692,9055262700
2023-01-13,4032.2906,4074.3772,4027.8864,4074.3772,9587189600
2023-01-16,4077.8793,4177.1035,4076.6394,4137.9643,15139545500
2023-01-17,4138.8433,4148.5838,4118.1570,4137.2422,9547904000
2023-01-18,4140.1019,4151.4577,4125.7687,4130.3143,8420064500
2023-01-19,4125.5772,4156.0077,4105.9797,4156.0077,9460839800
2023-01-20,4166.8444,4189.8310,4161.6698,4181.5267,12355380900
2023-01-30,4267.6248,4268.1522,4197.8596,4201.3450,16460706400
2023-01-31,4200.5813,4212.7347,4153.0484,4156.8578,12455083500
2023-02-01,4170.1322,4195.9332,4137.7659,4195.9332,14100895400
2023-02-02,4207.4123,4207.4123,4170.5565,4181.1493,13382373600
2023-02-03,4162.0258,4162.0258,4103.1654,4141.6319,11704122100
2023-02-06,4103.8307,4105.9445,4065.2224,4086.8779,11019271700
2023-02-07,4098.3117,4107.3438,4077.9623,4094.2335,9136007200
2023-02-08,4099.8573,4111.4745,4072.6474,4076.1411,8478609900
2023-02-09,4067.5631,4130.8565,4064.7489,4130.8565,10228996100
2023-02-10,4124.0986,4125.2893,4092.3472,4106.3097,9671673300
2023-02-13,4098.8795,4146.4500,4092.2729,4143.5740,12889257700
2023-02-14,4151.2470,4152.0487,4125.2583,4145.2902,10249989000
2023-02-15,4146.8547,4153.7159,4115.9671,4123.6893,12166450800
2023-02-16,4125.4087,4167.9003,4068.8591,4093.4876,15931058500
2023-02-17,4086.2237,4104.6398,4032.9285,4034.5070,11614258900
2023-02-20,4039.9623,4134.8623,4035.4762,4133.4896,16179448100
2023-02-21,4130.0632,4151.7994,4116.2716,4144.3536,14577617300
2023-02-22,4118.9669,4134.8759,4101.8596,4106.9506,10429029500
2023-02-23,4106.2136,4132.3896,4088.2073,4103.6463,10356490600
2023-02-24,4100.9897,4102.6094,4048.2374,4061.0457,10098942500
2023-02-27,4040.4571,4067.0296,4034.5237,4043.8444,9378763000
2023-02-28,4058.1298,4074.2639,4026.4476,4069.4587,11032359100
2023-03-01,4068.7331,4135.4812,4061.2167,4126.9415,15601579400
2023-03-02,4119.9919,4137.2525,4113.8264,4117.7377,14821763700
2023-03-03,4126.0183,4135.2116,4100.3827,4130.5513,16033174100
2023-03-06,4131.1525,4132.8367,4088.4484,4109.0102,16297180700
2023-03-07,4103.6419,4124.9609,4046.5679,4048.8519,19591206800
2023-03-08,4030.7387,4037.2870,4011.5231,4034.1077,11793649300
2023-03-09,4035.8433,4043.8493,4000.8901,4019.8505,11653962900
2023-03-10,3991.7959,4004.3612,3966.4280,3967.1352,12385540900
2023-03-13,3962.6426,4008.6860,3962.6426,4008.6860,14356137000
2023-03-14,3999.8803,4001.9415,3946.9405,3984.6956,15054417400
2023-03-15,4011.8444,4018.7495,3986.9020,3986.9020,14202600700
2023-03-16,3958.1962,3981.3210,3936.4758,3939.1505,15251564400
2023-03-17,3971.1585,4004.2153,3945.2501,3958.8194,17743381800
2023-03-20,3962.6625,3979.5485,3935.0161,3939.0770,20526497000
2023-03-21,3948.1573,3982.7047,3948.1573,3982.3782,14509067900
2023-03-22,3993.7849,4016.4495,3986.7093,3999.4427,14922897000
2023-03-23,3985.9928,4039.0895,3983.9986,4039.0895,15888742100
2023-03-24,4035.1564,4037.8417,4017.0028,4027.0457,15944233000
2023-03-27,4023.3028,4023.3028,3987.0297,4012.4771,16848227900
2023-03-28,4015.6973,4023.7834,3994.5999,3999.5147,13189511700
2023-03-29,4013.5926,4017.7572,3992.6662,4006.1440,13374351000
2023-03-30,4009.5573,4040.5023,3983.8958,4038.5257,14990103700
2023-03-31,4045.4538,4063.5675,4039.9587,4050.9257,13884254600
2023-04-03,4059.6227,4094.9376,4059.0607,4090.5676,18212431300
2023-04-04,4089.2932,4103.1583,4080.0682,4103.1052,19714663100
2023-04-06,4084.1320,4098.8332,4078.4048,4096.6400,15070337400
2023-04-07,4096.9009,4131.3126,4092.1848,4123.2799,12867673800
2023-04-10,4132.0096,4132.2952,4099.0519,4104.8118,15245300200
2023-04-11,4108.5062,4116.1247,4083.4946,4100.1479,15390133300
2023-04-12,4102.3968,4108.2451,4090.2784,4097.2876,16596527800
2023-04-13,4081.3871,4088.8809,4059.5744,4068.9786,15644429500
2023-04-14,4078.9703,4098.2151,4075.2049,4091.9988,15069568200
2023-04-17,4090.0719,4149.3836,4089.5090,4149.3836,18877309500
2023-04-18,4139.3088,4169.6678,4138.4618,4162.0320,17018413000
2023-04-19,4159.3938,4159.3938,4118.6261,4124.5589,16255459200
2023-04-20,4122.9461,4125.8231,4094.0022,4113.0192,16270667700
2023-04-21,4114.2642,4114.2642,4031.9123,4032.5672,18080243500
2023-04-24,4031.3030,4033.6367,3967.9070,3982.6429,17009921700
2023-04-25,3985.1055,3991.6868,3925.4360,3962.6658,17255540900
2023-04-26,3950.2553,3975.6562,3934.6625,3959.2323,16270200600
2023-04-27,3948.0313,3999.1302,3942.8152,3988.4185,15382819500
2023-04-28,3993.2561,4030.4469,3993.2561,4029.0858,17950848800
2023-05-04,4013.4713,4035.7832,4001.1259,4030.2471,22758284600
2023-05-05,4031.0946,4047.6015,3998.3920,4016.8774,20662692400
2023-05-08,4028.1056,4070.7724,4018.9608,4062.6624,25558308500
2023-05-09,4065.4390,4092.8501,4026.3886,4027.8754,27930604800
2023-05-10,4017.9358,4019.0587,3984.6287,3996.8695,20755270900
2023-05-11,4005.7823,4018.0579,3988.4816,3990.6637,14480461900
2023-05-12,3987.7690,3999.3831,3937.5274,3937.7622,14442172800
2023-05-15,3938.8300,3998.8872,3923.0317,3998.8872,17625736200
2023-05-16,4002.5237,4005.0150,3966.9921,3978.2054,13683327100
2023-05-17,3971.7017,3982.6044,3945.7137,3960.1650,11844818500
2023-05-18,3965.5162,3982.7178,3939.5526,3956.0701,13653394700
2023-05-19,3946.2215,3967.2816,3928.3160,3944.5403,12021247900
2023-05-22,3941.0015,3985.4031,3935.8015,3969.3277,10911660500
2023-05-23,3968.2346,3971.9390,3913.1882,3913.1882,11868507700
2023-05-24,3903.7818,3903.7818,3859.0935,3859.0935,13725826500
2023-05-25,3851.4053,3861.3815,3817.8365,3850.4996,12415077000
2023-05-26,3848.4174,3859.6291,3815.5701,3850.9511,10032643900
2023-05-29,3862.0838,3866.7238,3819.1822,3833.9416,13185996700
2023-05-30,3827.7924,3844.0052,3789.2736,3837.7531,13761962900
2023-05-31,3827.1634,3827.1634,3781.4034,3798.5434,12638736800
2023-06-01,3788.5902,3832.2051,3786.7344,3806.8679,13456188100
2023-06-02,3821.6198,3865.2843,3821.6198,3861.8337,12501511000
2023-06-05,3860.5557,3860.5557,3832.4578,3844.2492,11616398900
2023-06-06,3840.4587,3867.8452,3802.8449,3808.1629,12578125800
2023-06-07,3815.4823,3823.1124,3780.1021,3789.3418,9886243200
2023-06-08,3791.0826,3834.3888,3777.7752,3820.1867,11870093400
2023-06-09,3822.4088,3836.7026,3811.2189,3836.7026,13431986300
2023-06-12,3827.3253,3859.7156,3813.8577,3844.4324,12675854300
2023-06-13,3838.1287,3867.3034,3833.4598,3864.9074,11092494600
2023-06-14,3872.7155,3891.6656,3862.0609,3864.0247,12495575900
2023-06-15,3871.7746,3925.4994,3871.7746,3925.4994,12836993800
2023-06-16,3932.2114,3968.0128,3928.5419,3963.3509,13976007600
2023-06-19,3957.0327,3957.0327,3922.4742,3930.9079,13490584800
2023-06-20,3926.0940,3937.4945,3918.4730,3924.2377,12252031800
2023-06-21,3909.1044,3920.1276,3864.0323,3864.0323,11834657500
2023-06-26,3833.4436,3841.2862,3801.0537,3809.6962,13399041900
2023-06-27,3811.6872,3851.8957,3806.3242,3845.4334,11699268100
2023-06-28,3836.6086,3846.8516,3808.1607,3840.7986,10702154100
2023-06-29,3836.7305,3840.7132,3817.3759,3821.8435,9828927400
2023-06-30,3816.3345,3860.0311,3813.5520,3842.4516,10126842900
2023-07-03,3853.2919,3897.3273,3853.2919,3892.8821,13315805100
2023-07-04,3888.0328,3899.9755,3878.3978,3899.0133,10949452700
2023-07-05,3895.1945,3899.5188,3864.1301,3868.8054,9763638400
2023-07-06,3857.0304,3876.8901,3836.4573,3842.7547,10012184200
2023-07-07,3831.5955,3844.8438,3819.0772,3825.6988,10090692000
2023-07-10,3841.5591,3865.4566,3831.9200,3844.3269,9203344100
2023-07-11,3853.7955,3870.6549,3844.5244,3869.4861,8651071600
2023-07-12,3864.6013,3874.0403,3838.5632,3843.4369,11152202400
2023-07-13,3855.6620,3901.1023,3855.6620,3898.4229,12030023200
2023-07-14,3904.6033,3908.4871,3893.7862,3899.1027,12236484600
2023-07-17,3881.6225,3881.6225,3852.2626,3867.1749,9834014400
2023-07-18,3871.0444,3871.0444,3844.5129,3854.9393,9143861500
2023-07-19,3848.4826,3860.0092,3830.4073,3850.8663,7958570000
2023-07-20,3857.7725,3875.6241,3818.7134,3823.6946,9204207600
2023-07-21,3816.9835,3849.5109,3808.8030,3821.9100,7950756300
2023-07-24,3803.3492,3828.7853,3798.8048,3805.2210,7548354500
2023-07-25,3866.6445,3915.8148,3866.6445,3915.1153,16306632000
2023-07-26,3908.1740,3912.9834,3893.3987,3907.0128,10788171700
2023-07-27,3914.2298,3935.3578,3894.6923,3902.3458,11066710900
2023-07-28,3889.7929,4000.9190,3886.5535,3992.7376,17973548100
2023-07-31,4018.8895,4064.3621,4002.0784,4014.6301,19960683000
2023-08-01,4009.1831,4031.7008,3983.0273,3998.0010,14228685900
2023-08-02,3985.6951,4008.3343,3958.5127,3969.8950,12585569000
2023-08-03,3962.1296,4004.9996,3962.1296,4004.9839,12900664000
2023-08-04,4033.7239,4058.2431,4011.6202,4020.5792,17826718900
2023-08-07,4002.9677,4002.9677,3977.0173,3990.1531,12131066200
2023-08-08,3980.0423,4002.2904,3963.4632,3979.7322,10987169900
2023-08-09,3967.3566,3982.1091,3961.8434,3967.5652,9464026900
2023-08-10,3962.8569,3976.4637,3945.3869,3975.7166,9717684900
2023-08-11,3977.9834,3977.9834,3884.2538,3884.2538,12608293100
2023-08-14,3840.8872,3859.4718,3814.0711,3855.9061,11596633600
2023-08-15,3858.3662,3865.2840,3811.6839,3846.5357,10309711100
2023-08-16,3830.8274,3852.4198,3817.6324,3818.3338,9461694600
2023-08-17,3801.1969,3836.1507,3782.4967,3831.1008,9841549300
2023-08-18,3832.4554,3844.1950,3784.0038,3784.0038,9554963800
2023-08-21,3773.2250,3782.1112,3729.5550,3729.5550,9870836900
2023-08-22,3748.0675,3770.0556,3704.6785,3758.2271,12031832700
2023-08-23,3751.7736,3756.1659,3695.0309,3696.6339,9708163800
2023-08-24,3711.5403,3748.8567,3701.5717,3723.4293,11961452100
2023-08-25,3703.5136,3734.2185,3695.8442,3709.1517,10518261000
2023-08-28,3911.5485,3911.5485,3740.5279,3752.6194,19799037900
2023-08-29,3743.0534,3810.3772,3742.0758,3790.1067,15248614600
2023-08-30,3803.1191,3813.7032,3780.2411,3788.5097,12967166100
2023-08-31,3786.9261,3793.9972,3762.0046,3765.2678,11896164600
2023-09-01,3778.9129,3808.5306,3778.9129,3791.4912,10531904500
2023-09-04,3812.9873,3854.2605,3804.5886,3848.9517,14238520100
2023-09-05,3839.5779,3839.5779,3814.3338,3820.3174,10405233300
2023-09-06,3808.1000,3817.5239,3790.8949,3812.0283,9344239300
2023-09-07,3802.2272,3802.2272,3756.8530,3758.4748,9510390300
2023-09-08,3747.6509,3753.2630,3724.9870,3739.9927,7163816600
2023-09-11,3740.5846,3788.3219,3734.7228,3767.5370,10535801600
2023-09-12,3764.3331,3775.0930,3755.4162,3760.6048,7938537800
2023-09-13,3759.6091,3768.8162,3719.1114,3736.6513,8157690100
2023-09-14,3736.9355,3748.8177,3717.3107,3733.5077,10038607500
2023-09-15,3740.7853,3749.0247,3699.3806,3708.7766,10939568900
2023-09-18,3698.9344,3737.5306,3691.1107,3727.7110,8672774100
2023-09-19,3723.4244,3724.0717,3702.6934,3720.5021,8319903800
2023-09-20,3715.9578,3718.5207,3705.1274,3705.6898,7544820900
2023-09-21,3698.3130,3708.4557,3672.4448,3672.4448,8303100500
2023-09-22,3672.6402,3740.4183,3664.7661,3738.9327,11023116600
2023-09-25,3738.0622,3738.0622,3711.2049,3714.6037,9259647900
2023-09-26,3711.7106,3723.8481,3692.6172,3692.8928,7804452500
2023-09-27,3694.9607,3731.1405,3694.3938,3700.4950,9162921000
2023-09-28,3711.2117,3716.0569,3685.3001,3689.5172,8522171900
2023-10-09,3678.9290,3694.1713,3641.9966,3684.7272,10214805800
2023-10-10,3696.2542,3701.2562,3655.5890,3657.1259,9916373000
2023-10-11,3674.7514,3689.5347,3658.3550,3667.5483,10209158700
2023-10-12,3697.9337,3711.4985,3682.8418,3702.3824,11436322500
2023-10-13,3677.9585,3678.1913,3652.3094,3663.4104,9828798700
2023-10-16,3664.0390,3664.0390,3615.7686,3626.5972,9185311800
2023-10-17,3635.2994,3645.5654,3619.1277,3639.4018,9074518800
2023-10-18,3631.0671,3632.0579,3608.9768,3610.5767,9454587900
2023-10-19,3588.5154,3588.5154,3532.3059,3533.5445,11173752000
2023-10-20,3518.3464,3535.6623,3501.7250,3510.5889,9851860500
2023-10-23,3500.1990,3505.3468,3450.6456,3474.2438,9656165200
2023-10-24,3481.7644,3495.0039,3453.1016,3487.1302,11554728900
2023-10-25,3524.2965,3531.8314,3500.9154,3504.4576,12800961700
2023-10-26,3484.7807,3515.5716,3478.0503,3514.1448,10514356600
2023-10-27,3501.1710,3576.5861,3494.5488,3562.3851,12022510800
2023-10-30,3554.1055,3592.7188,3554.0238,3583.7718,14401042600
2023-10-31,3581.6759,3581.6759,3554.5822,3572.5056,11258726700
2023-11-01,3605.7576,3606.4126,3564.6421,3571.0268,9764553800
2023-11-02,3580.0672,3597.1699,3553.7406,3554.1889,9035964300
2023-11-03,3558.5303,3596.1010,3558.5303,3584.1364,9754210100
2023-11-06,3608.3187,3635.7897,3600.6304,3632.6084,15298246300
2023-11-07,3623.7849,3628.4615,3606.2975,3619.7593,11028859100
2023-11-08,3610.6434,3627.0479,3591.8248,3611.0723,11059423000
2023-11-09,3603.1082,3624.4141,3601.3744,3612.8263,11187205700
2023-11-10,3596.0688,3599.4519,3576.1011,3586.4893,10210703400
2023-11-13,3593.9109,3599.3897,3562.7682,3579.4141,9670764900
2023-11-14,3581.1034,3600.1483,3568.8820,3582.0584,10088415800
2023-11-15,3616.8765,3620.6007,3596.9158,3607.2454,10492921800
2023-11-16,3600.9813,3605.2898,3572.3636,3572.3641,8746478000
2023-11-17,3561.3112,3573.6819,3547.0287,3568.0685,8731920700
2023-11-20,3569.7314,3586.9731,3545.1038,3576.3233,9108044500
2023-11-21,3587.8779,3615.0569,3575.6820,3581.0674,10859431400
2023-11-22,3569.4389,3574.3782,3544.4162,3544.4162,8478438100
2023-11-23,3541.4416,3562.0675,3529.9390,3561.5204,8480016700
2023-11-24,3560.6462,3560.6462,3533.9955,3538.0087,8501840300
2023-11-27,3534.4445,3534.4445,3492.8623,3511.9424,9910231400
2023-11-28,3510.6554,3521.0463,3501.1093,3518.5232,8933578900
2023-11-29,3518.8836,3519.1980,3482.2444,3488.3073,9884141200
2023-11-30,3485.5171,3505.1273,3481.4515,3496.2028,10135082000
2023-12-01,3494.2234,3494.2234,3452.1728,3482.8813,10853094100
2023-12-04,3481.0449,3488.1330,3459.6110,3460.1380,9715682600
2023-12-05,3450.0898,3450.0898,3393.8139,3394.2571,10047200700
2023-12-06,3387.8798,3420.2773,3382.9457,3399.5980,10580551900
2023-12-07,3394.3064,3404.4074,3369.7675,3391.2823,9771324800
2023-12-08,3391.8585,3409.3845,3383.4479,3399.4618,12952205400
2023-12-11,3378.0517,3426.6106,3346.8902,3419.4548,13962624900
2023-12-12,3409.9976,3427.5456,3406.1013,3426.8030,10559001300
2023-12-13,3418.6413,3418.6413,3369.6050,3369.6050,9528536700
2023-12-14,3387.3847,3399.1394,3350.7648,3351.9639,8365513500
2023-12-15,3365.9388,3388.5047,3339.5190,3341.5517,9778778300
2023-12-18,3329.1910,3352.3458,3314.9095,3329.3657,9052682600
2023-12-19,3325.6596,3345.7795,3313.1874,3334.0412,8380811800
2023-12-20,3334.3320,3338.5434,3297.3652,3297.5022,9241286800
2023-12-21,3285.6049,3339.3552,3283.9883,3330.8698,10254619800
2023-12-22,3329.4668,3359.0601,3315.8976,3337.2281,10522013300
2023-12-25,3330.3333,3348.8820,3330.3333,3347.4508,7454269300
2023-12-26,3345.3952,3345.4171,3315.9370,3324.7902,7473293500
2023-12-27,3326.9267,3341.2659,3309.6731,3336.3572,9440392800
2023-12-28,3335.5572,3423.4018,3331.2082,3414.5403,14806485100
2023-12-29,3411.1094,3432.5412,3409.5795,3431.1099,11492893200
2024-01-02,3426.2684,3426.2684,3386.3522,3386.3522,11618072600
2024-01-03,3379.7501,3392.8504,3362.6617,3378.2971,10561385100
2024-01-04,3375.0207,3375.0207,3323.8647,3347.0519,10672101300
2024-01-05,3341.3061,3372.5444,3313.5542,3329.1114,12640057400
2024-01-08,3322.6051,3333.5160,3283.3421,3286.0564,11742948500
2024-01-09,3286.7083,3304.6008,3273.8431,3292.4994,10933046500
2024-01-10,3281.6692,3312.9161,3268.2471,3277.1290,9419936600
2024-01-11,3275.3086,3311.1137,3266.7911,3295.6717,10878973500
2024-01-12,3284.3580,3310.4704,3279.6987,3284.1667,9685355500
2024-01-15,3270.1029,3306.9217,3261.2687,3280.9195,8885153000
2024-01-16,3272.5710,3300.8762,3260.4362,3300.8762,11327666500
2024-01-17,3291.1392,3291.1392,3229.0820,3229.0820,10876972800
2024-01-18,3214.2844,3279.2538,3171.6329,3274.7286,17490916800
2024-01-19,3261.2393,3286.9415,3251.8136,3269.7763,11850140800
2024-01-22,3262.4685,3281.4205,3193.1776,3218.9016,14870562800
2024-01-23,3208.4316,3249.5306,3188.1259,3231.9329,12201200000
2024-01-24,3245.9592,3281.4892,3190.4674,3277.1089,15437195400
2024-01-25,3274.3391,3344.2426,3269.7943,3342.9189,19683361400
2024-01-26,3326.6465,3351.9692,3315.1265,3333.8213,18066400500
2024-01-29,3335.3936,3351.3715,3303.9604,3303.9604,18416479500
2024-01-30,3283.8977,3300.2040,3244.9719,3245.0387,14364935000
2024-01-31,3231.5425,3252.1475,3201.9264,3215.3518,15314346900
2024-02-01,3202.2564,3251.7582,3191.8968,3217.7109,14551679200
2024-02-02,3219.8734,3235.4079,3108.3515,3179.6276,17375808900
2024-02-05,3164.2500,3233.8485,3111.5184,3200.4218,20304297000
2024-02-06,3185.2498,3314.5120,3182.8216,3311.6922,20271309900
2024-02-07,3314.0306,3343.6303,3289.6704,3343.6303,21664793300
2024-02-08,3351.4052,3367.2101,3336.9779,3364.9297,18997757800
2024-02-19,3393.1916,3403.8078,3364.1418,3403.8078,18331980000
2024-02-20,3395.1916,3415.8943,3380.1030,3410.8542,14073458100
2024-02-21,3390.3619,3500.1338,3383.6911,3456.8713,18887936200
2024-02-22,3450.3518,3486.6826,3448.4135,3486.6747,14102078400
2024-02-23,3491.3367,3507.5592,3472.9680,3489.7416,14482127300
2024-02-26,3485.5427,3492.6061,3445.3889,3453.3585,15124833100
2024-02-27,3440.0516,3494.7874,3437.4422,3494.7874,13952824600
2024-02-28,3499.8257,3521.6574,3450.2598,3450.2598,18983754800
2024-02-29,3437.8984,3516.0826,3437.8984,3516.0826,15594453200
2024-03-01,3515.0587,3544.3595,3503.4590,3537.8038,16270957000
2024-03-04,3538.3660,3548.6901,3519.7599,3540.8686,16324461300
2024-03-05,3524.9644,3570.6935,3519.0816,3565.5143,16642238900
2024-03-06,3556.5323,3577.3883,3545.1013,3551.0481,14307661300
2024-03-07,3548.1007,3569.9185,3522.8964,3529.7195,14811051000
2024-03-08,3529.5509,3548.5055,3511.5770,3544.9099,12579266400
2024-03-11,3545.9427,3589.2635,3542.2789,3589.2635,14820282500
2024-03-12,3592.5826,3605.6976,3574.2117,3597.4939,18068556000
2024-03-13,3594.4211,3594.4211,3563.3685,3572.3610,14459059000
2024-03-14,3571.7885,3597.4600,3545.6120,3562.2229,14096272200
2024-03-15,3554.9068,3572.8091,3533.6798,3569.9930,13831604400
2024-03-18,3577.0564,3604.0519,3573.4040,3603.5280,16037943800
2024-03-19,3593.3396,3610.7389,3577.1880,3577.6303,14557178600
2024-03-20,3568.7158,3589.5456,3568.4341,3585.3838,12952896600
2024-03-21,3593.0700,3601.1145,3575.0331,3581.0902,13074337700
2024-03-22,3571.2736,3575.7171,3522.8404,3545.0023,13922735800
2024-03-25,3536.7136,3564.9604,3525.7634,3525.7634,13701572400
2024-03-26,3526.6818,3547.6461,3518.6018,3543.7467,12620953500
2024-03-27,3538.7244,3542.9624,3502.7866,3502.7866,12862676300
2024-03-28,3498.4820,3551.2143,3489.3861,3520.9648,14333471700
2024-03-29,3516.8830,3538.2378,3516.8830,3537.4843,12864329000
2024-04-01,3551.5815,3600.9193,3551.5815,3595.6466,16277656100
2024-04-02,3593.2206,3596.1903,3568.7539,3580.6759,14127297200
2024-04-03,3578.6835,3582.4324,3558.8740,3567.8031,13559233100
2024-04-08,3553.5554,3567.8200,3535.7688,3536.4077,15530428300
2024-04-09,3533.3849,3543.7141,3518.8601,3533.4871,12967094200
2024-04-10,3528.9679,3531.2295,3490.0525,3504.7086,12879027400
2024-04-11,3485.0294,3520.5893,3484.9252,3504.2447,12653439500
2024-04-12,3505.7499,3516.6988,3470.0611,3475.8389,12892111600
2024-04-15,3473.5047,3552.4125,3473.5047,3549.0759,18394125000
2024-04-16,3533.3636,3545.5034,3503.6158,3511.1146,17615306500
2024-04-17,3509.1318,3565.9389,3498.0324,3565.4030,16846639800
2024-04-18,3550.5562,3602.7902,3547.5996,3569.8018,17857410500
2024-04-19,3550.6087,3560.9492,3529.3237,3541.6619,14728150500
2024-04-22,3536.1844,3558.1642,3528.0186,3530.9045,15057904200
2024-04-23,3525.6681,3533.7584,3499.9838,3506.2249,14311350400
2024-04-24,3514.0108,3524.5370,3495.6494,3521.6219,12173985100
2024-04-25,3510.6396,3543.9699,3505.1999,3530.2813,11518772200
2024-04-26,3531.9647,3588.4003,3531.9647,3584.2686,19721613300
2024-04-29,3584.5427,3645.8229,3578.7597,3623.9124,22272138100
2024-04-30,3619.2586,3630.7092,3604.3943,3604.3943,19129689900
2024-05-06,3654.0485,3668.2565,3645.7380,3657.8767,20801800700
2024-05-07,3657.0007,3665.6840,3648.3760,3659.0076,16483428600
2024-05-08,3650.7484,3650.9355,3628.6984,3630.2233,13003533600
2024-05-09,3630.4142,3669.7593,3630.4142,3664.5610,14655901700
2024-05-10,3669.0869,3674.6088,3641.7639,3666.2771,15072053600
2024-05-13,3646.3491,3673.6211,3634.6049,3664.6907,15726745500
2024-05-14,3668.2254,3675.7760,3646.7092,3657.0454,13340649000
2024-05-15,3651.0536,3656.5277,3624.0020,3626.0559,12352276400
2024-05-16,3636.6007,3657.4831,3626.3340,3640.3592,15463050300
2024-05-17,3638.5613,3677.9696,3627.4470,3677.9696,16457041700
2024-05-20,3682.0615,3703.0287,3677.4426,3690.9623,18460942300
2024-05-21,3682.2868,3684.6106,3665.1524,3676.1611,13067828300
2024-05-22,3675.6471,3691.8804,3667.0885,3684.4510,15191460500
2024-05-23,3672.8403,3674.3654,3633.5051,3641.7917,14257299000
2024-05-24,3630.8270,3650.8734,3599.6678,3601.4754,12479117700
2024-05-27,3606.6450,3638.1514,3603.7131,3635.7079,13127264400
2024-05-28,3633.2535,3638.9703,3605.9213,3609.1724,12353223800
2024-05-29,3609.0708,3633.1971,3602.8198,3613.5223,11590632100
2024-05-30,3607.0522,3624.0352,3586.7543,3594.3121,12260299500
2024-05-31,3599.8196,3614.6439,3579.9247,3579.9247,11246201900
2024-06-03,3577.3798,3600.6044,3567.8713,3588.7483,14105459100
2024-06-04,3583.8104,3622.5012,3580.2771,3615.6714,12454509600
2024-06-05,3610.3601,3623.3232,3594.1056,3594.7936,11090676600
2024-06-06,3602.1554,3625.0109,3584.1710,3592.2454,13789351700
2024-06-07,3594.6335,3603.0698,3552.0853,3574.1143,13110302600
2024-06-11,3555.8186,3565.3113,3525.8945,3542.8771,13452230600
2024-06-12,3539.0947,3551.1706,3531.5657,3544.1225,12281372900
2024-06-13,3548.2162,3551.0771,3520.1802,3526.1306,12324546200
2024-06-14,3514.7998,3547.1473,3503.5233,3541.5331,17151694200
2024-06-17,3521.4365,3540.7932,3520.7381,3536.1986,13743343800
2024-06-18,3533.4875,3551.7085,3532.7845,3545.5902,12367183800
2024-06-19,3543.3599,3543.3599,3524.8449,3528.7490,10664279700
2024-06-20,3525.1687,3533.9865,3500.1310,3503.2817,11161739600
2024-06-21,3496.3428,3505.5123,3473.8283,3495.6198,10918661500
2024-06-24,3473.6392,3505.7752,3471.2164,3476.8102,11799018400
2024-06-25,3475.1648,3483.2189,3440.6464,3457.9023,11844811800
2024-06-26,3451.5389,3487.3964,3442.2982,3480.2648,10589886100
2024-06-27,3467.2888,3471.1423,3452.5775,3454.1175,11491810100
2024-06-28,3443.6744,3484.6780,3443.6744,3461.6570,13540915300
2024-07-01,3458.2636,3479.9548,3443.8086,3478.1827,12182977000
2024-07-02,3472.4527,3488.3189,3464.5237,3471.7857,12165012100
2024-07-03,3471.5556,3478.7047,3454.9942,3463.4141,10385710800
2024-07-04,3468.2958,3483.3098,3444.9280,3445.8128,10442990900
2024-07-05,3443.3588,3451.0386,3399.6693,3431.0605,11660965900
2024-07-08,3420.8033,3428.0418,3395.9123,3401.7604,11552821800
2024-07-09,3396.8044,3448.9279,3384.8086,3439.8111,13162944300
2024-07-10,3425.8818,3447.5050,3423.6483,3428.9657,12720345600
2024-07-11,3451.0442,3473.9837,3438.1180,3468.1690,14589246600
2024-07-12,3459.9564,3479.0958,3457.3633,3472.4014,13087458900
2024-07-15,3462.6113,3481.4613,3460.7915,3476.2467,11851708300
2024-07-16,3466.8523,3500.2943,3464.3655,3498.2827,12065901700
2024-07-17,3494.2090,3514.4753,3486.2229,3501.5836,13180206200
2024-07-18,3483.2975,3522.7995,3475.7236,3520.9310,12376819900
2024-07-19,3500.8052,3545.3383,3493.0734,3539.0156,13244797500
2024-07-22,3538.4012,3540.1874,3494.0143,3514.9249,13212633700
2024-07-23,3509.7887,3509.7887,3439.8779,3439.8779,12889766000
2024-07-24,3432.3459,3451.4196,3408.4129,3418.1663,12703626300
2024-07-25,3404.6110,3415.8557,3383.7991,3399.2716,13102224200
2024-07-26,3403.7084,3420.8201,3388.6601,3409.2931,12419555800
2024-07-29,3404.3663,3408.5024,3388.8444,3390.7420,10978778600
2024-07-30,3380.6893,3380.6893,3352.8043,3369.3821,10495216400
2024-07-31,3364.0268,3445.0042,3364.0268,3442.0844,17195917700
2024-08-01,3443.1397,3448.3361,3419.1872,3419.2666,13632346400
2024-08-02,3393.9167,3419.1023,3380.9645,3384.3919,11661525500
2024-08-05,3362.1117,3409.0314,3343.3205,3343.3205,14281251600
2024-08-06,3367.3517,3376.7956,3318.6251,3342.9789,11934027900
2024-08-07,3338.5909,3362.3839,3329.9658,3341.4890,9508437700
2024-08-08,3332.4281,3364.7855,3320.8432,3342.9369,9249569500
2024-08-09,3358.1280,3366.6688,3331.6274,3331.6274,9151162600
2024-08-12,3327.5561,3338.0771,3319.8908,3325.8645,7993875400
2024-08-13,3328.0138,3335.0140,3310.1909,3334.3903,8448967900
2024-08-14,3332.7866,3332.7866,3309.1000,3309.2389,7874240700
2024-08-15,3301.4455,3356.7644,3297.9711,3341.9530,10476639900
2024-08-16,3342.0346,3356.9071,3335.6239,3345.6340,9651908300
2024-08-19,3344.2614,3375.9621,3343.7116,3356.9677,10557111000
2024-08-20,3361.6394,3362.3338,3321.6397,3332.7034,10166833100
2024-08-21,3322.9134,3339.4430,3307.9917,3321.6350,8995475100
2024-08-22,3322.8723,3327.6962,3305.2453,3313.1357,10036650400
2024-08-23,3305.9307,3336.2414,3305.6403,3327.1905,8952577400
2024-08-26,3330.7184,3336.5271,3311.5701,3324.2231,9399077200
2024-08-27,3315.6860,3320.5667,3299.5635,3305.3338,9580815700
2024-08-28,3298.9089,3305.3496,3274.5881,3286.4956,9269665000
2024-08-29,3273.5410,3290.7857,3269.5288,3277.6812,13070233300
2024-08-30,3273.7532,3351.6254,3273.6496,3321.4323,18869544300
2024-09-02,3307.5432,3307.7627,3264.7565,3265.0110,14761235300
2024-09-03,3261.7410,3281.5935,3261.1877,3273.4282,12289730600
2024-09-04,3253.8980,3272.9861,3249.9809,3252.1649,10483248200
2024-09-05,3252.9600,3266.8820,3247.1725,3257.7578,9710945000
2024-09-06,3261.1542,3274.8144,3231.0685,3231.3457,8840041700
2024-09-09,3214.7996,3222.9278,3180.9277,3192.9516,10867306900
2024-09-10,3193.4557,3205.0972,3171.7932,3195.7552,9729007800
2024-09-11,3187.0508,3197.3363,3174.0343,3186.1299,10248211000
2024-09-12,3189.4271,3201.5544,3171.8775,3172.4747,9286865700
2024-09-13,3174.0344,3188.9145,3159.2470,3159.2470,8833667700
2024-09-18,3158.8179,3179.9012,3145.7908,3171.0102,8472281400
2024-09-19,3178.3959,3213.8378,3149.7925,3196.0357,12543927200
2024-09-20,3192.4322,3207.9875,3173.2238,3201.0497,11806409800
2024-09-23,3200.8678,3230.1613,3198.0248,3212.7639,9534485500
2024-09-24,3244.6468,3351.9684,3222.4885,3351.9090,20407221700
2024-09-25,3403.7021,3465.4882,3393.4380,3401.5330,24156425500
2024-09-26,3399.3188,3545.3249,3391.6772,3545.3204,24313401000
2024-09-27,3617.9203,3708.4951,3596.5833,3703.6849,26548777400
2024-09-30,3846.6515,4038.6968,3796.5045,4017.8545,51021770700
2024-10-08,4450.3675,4450.3675,4094.3519,4256.0962,58986789400
2024-10-09,4168.8436,4197.6000,3942.5118,3955.9839,48226929500
2024-10-10,3979.6116,4098.4967,3912.7708,3997.7879,39505309900
2024-10-11,3969.7576,3978.2389,3847.1228,3887.1670,27409650500
2024-10-14,3915.2186,3979.5431,3868.7790,3961.3424,30757899300
2024-10-15,3942.5342,3967.8712,3855.9949,3855.9949,24248644800
2024-10-16,3806.1373,3877.7483,3805.0868,3831.5890,21886640700
2024-10-17,3853.8410,3882.0733,3787.7498,3788.2217,21231382000
2024-10-18,3780.3143,3998.2140,3765.1615,3925.2340,31295883400
2024-10-21,3946.9016,3979.2638,3896.1650,3935.1974,29118563400
2024-10-22,3923.7443,3965.9084,3917.5218,3957.7755,22343339600
2024-10-23,3955.3191,4012.1795,3939.0986,3973.2089,24587394900
2024-10-24,3950.8987,3957.9832,3914.0887,3928.8334,17472406200
2024-10-25,3931.3205,3992.8918,3921.9396,3956.4210,21069488500
2024-10-28,3953.1063,3964.1569,3917.2042,3964.1569,21616041500
2024-10-29,3970.0080,3991.3091,3921.5795,3924.6490,21729398400
2024-10-30,3904.1595,3926.0581,3864.3051,3889.4487,21943662600
2024-10-31,3888.4229,3923.8997,3859.1079,3891.0396,30063671800
2024-11-01,3882.4579,3933.2204,3879.9588,3890.0203,30798648100
2024-11-04,3897.7144,3944.7619,3891.2109,3944.7619,22923906000
2024-11-05,3937.6228,4046.6977,3925.4138,4044.5725,31686279400
2024-11-06,4051.2891,4091.7031,4002.5027,4024.2831,33580793800
2024-11-07,3987.2665,4146.1510,3984.6652,4145.6952,34143641400
2024-11-08,4192.0794,4200.9080,4094.1631,4104.0470,33235038500
2024-11-11,4066.9336,4132.5111,4048.0390,4131.1312,28959422700
2024-11-12,4133.3528,4181.7096,4060.7936,4085.7430,29777808600
2024-11-13,4059.5898,4121.0735,4059.5898,4110.8901,24048409900
2024-11-14,4101.2228,4118.1686,4034.9441,4039.6191,23015278400
2024-11-15,4025.6482,4049.0710,3968.8308,3968.8308,24739946300
2024-11-18,3982.1036,4034.0596,3931.1872,3950.3806,30677794600
2024-11-19,3954.6038,3979.1505,3896.7493,3976.8912,24294646500
2024-11-20,3966.1238,4001.0847,3958.3383,3985.7727,18459937200
2024-11-21,3979.4554,3999.5693,3966.0658,3989.2979,16612592700
2024-11-22,3984.2435,3990.2647,3865.6989,3865.6989,21628580900
2024-11-25,3875.6126,3889.7069,3812.3179,3848.0909,19070295300
2024-11-26,3836.2590,3875.2290,3833.2842,3840.1847,14989244100
2024-11-27,3829.3442,3907.1640,3817.9125,3907.0447,17413609600
2024-11-28,3904.2525,3908.3918,3866.0136,3872.5505,15011729100
2024-11-29,3869.8903,3962.7002,3869.8903,3916.5832,18765671300
2024-12-02,3909.7029,3955.1252,3902.1697,3947.6320,19728978400
2024-12-03,3946.7034,3963.9474,3922.8425,3951.8912,18249686700
2024-12-04,3948.1300,3957.3650,3917.7467,3930.5568,17462631800
2024-12-05,3916.5638,3936.3358,3910.0834,3921.5881,13853403800
2024-12-06,3923.8954,3995.1168,3923.8954,3973.1405,19205790700
2024-12-09,3970.6628,3995.5116,3948.4206,3966.5708,17595995800
2024-12-10,4094.0500,4098.3804,3988.9676,3995.6369,25346379500
2024-12-11,3988.0179,4005.3253,3977.3522,3988.8308,17725284600
2024-12-12,3987.1525,4031.7441,3981.3485,4028.5048,18162177700
2024-12-13,4000.9854,4000.9854,3931.7392,3933.1808,23035307900
2024-12-16,3930.7807,3938.7595,3901.6465,3911.8416,17851125100
2024-12-17,3908.1263,3955.9450,3908.1263,3922.0334,16093909000
2024-12-18,3934.5425,3956.1441,3933.9693,3941.8900,15773832100
2024-12-19,3911.8901,3954.3491,3899.7479,3945.4635,16108104000
2024-12-20,3937.4722,3958.6336,3923.2562,3927.7441,15498649600
2024-12-23,3928.1493,3965.8502,3928.1493,3933.5718,19006736200
2024-12-24,3934.9422,3985.8588,3934.7338,3983.6882,16149458900
2024-12-25,3987.9557,4007.7626,3969.4766,3985.6291,15939074700
2024-12-26,3981.7317,3991.5331,3965.5461,3987.4801,14342528600
2024-12-27,3987.0189,4007.1314,3970.9365,3981.0307,16926866600
2024-12-30,3976.7004,4005.7780,3976.7004,3999.0549,16461248500
2024-12-31,3995.8705,4004.3462,3934.9109,3934.9109,18392839700
2025-01-02,3931.8155,3934.2034,3796.3389,3820.3952,21789872400
2025-01-03,3825.2426,3835.9353,3767.6653,3775.1648,17534267600
2025-01-06,3775.9902,3788.8489,3743.0727,3768.9697,15094667000
2025-01-07,3760.8660,3797.6020,3749.0581,3796.1055,14645577900
2025-01-08,3781.2610,3810.7355,3731.1887,3789.2153,16916696800
2025-01-09,3780.7341,3795.2608,3768.6810,3779.8773,12979400200
2025-01-10,3778.8928,3786.8069,3732.4806,3732.4806,13752317100
2025-01-13,3704.4442,3737.8852,3704.1073,3722.5130,13644619900
2025-01-14,3728.5561,3826.6399,3718.8768,3820.5395,17066465700
2025-01-15,3810.0353,3816.8284,3790.1655,3796.0260,14147552000
2025-01-16,3812.1935,3842.9470,3776.2861,3800.3836,14450587100
2025-01-17,3788.3729,3831.6404,3780.2133,3812.3429,12662196100
2025-01-20,3835.3042,3858.6677,3821.9815,3829.6764,13958127700
2025-01-21,3850.3563,3850.9106,3817.1214,3832.6145,14121840600
2025-01-22,3823.9447,3823.9447,3783.1438,3797.0166,13725506200
2025-01-23,3829.0462,3864.2585,3801.8531,3803.7439,18056955100
2025-01-24,3793.8498,3847.6003,3793.4836,3832.8637,14897172200
2025-01-27,3836.9578,3851.9969,3817.0802,3817.0802,14667077200
2025-02-05,3844.6998,3844.6998,3785.1620,3795.0848,15716830800
2025-02-06,3789.6086,3843.4942,3788.3196,3842.8314,16728817600
2025-02-07,3844.0574,3919.3499,3833.8685,3892.7028,22185770700
2025-02-10,3898.1023,3906.3678,3878.8314,3901.0618,18890304000
2025-02-11,3905.1594,3905.1594,3872.9087,3883.1352,16657490900
2025-02-12,3875.9596,3920.7229,3867.3538,3919.8617,16422854000
2025-02-13,3913.9044,3939.1978,3904.9845,3905.1398,17248587400
2025-02-14,3900.8274,3942.0356,3900.8274,3939.0085,17297645200
2025-02-17,3954.4147,3955.8959,3921.7017,3947.3983,21358824600
2025-02-18,3942.5761,3965.4232,3901.8675,3912.7829,20942510100
2025-02-19,3906.2201,3943.6742,3904.1455,3940.1602,18282951700
2025-02-20,3934.6503,3940.6780,3916.1772,3928.8959,16389523600
2025-02-21,3938.0518,3981.0480,3927.7874,3978.4440,22740033000
2025-02-24,3972.4831,3995.9456,3949.2309,3969.7169,22081061800
2025-02-25,3933.6360,3955.4336,3915.6527,3925.6505,17810858000
2025-02-26,3931.8420,3960.3298,3925.3664,3959.9413,19106250100
2025-02-27,3961.0635,3973.9323,3933.4611,3968.1159,20288796300
2025-02-28,3950.1866,3972.4813,3886.3994,3890.0487,19810414700
2025-03-03,3899.6962,3930.0048,3872.5872,3888.4738,17762316600
2025-03-04,3865.9939,3890.4235,3855.7254,3885.2208,14985096700
2025-03-05,3887.7992,3906.4214,3877.0188,3902.5706,15865275100
2025-03-06,3923.3827,3964.4942,3917.0833,3956.2369,19396091500
2025-03-07,3944.9145,3967.0743,3935.0464,3944.0143,16673237500
2025-03-10,3945.5795,3949.1448,3905.1270,3928.8018,15276523200
2025-03-11,3890.4305,3941.4157,3889.4298,3941.4157,14475440200
2025-03-12,3946.8623,3953.6125,3921.4736,3927.2315,15673219000
2025-03-13,3925.7439,3939.2854,3897.3758,3911.5793,15653644300
2025-03-14,3919.6159,4014.1586,3919.6159,4006.5567,21613900300
2025-03-17,4020.6402,4021.7278,3992.2563,3996.7876,16220291100
2025-03-18,4011.7794,4016.8730,3995.9602,4007.7229,14020849600
2025-03-19,4004.8251,4025.2990,3989.5120,4010.1680,14441942800
2025-03-20,4011.0588,4012.0416,3969.9259,3974.9918,13375467000
2025-03-21,3966.5146,3983.1476,3904.7674,3914.6956,16590529400
2025-03-24,3916.1136,3938.1826,3907.1999,3934.8486,15223467400
2025-03-25,3937.8975,3946.3574,3921.5287,3932.2951,14047539900
2025-03-26,3930.2073,3942.0260,3916.8607,3919.3566,13116418700
2025-03-27,3911.3841,3952.9852,3903.6520,3932.4117,12679373800
2025-03-28,3930.7763,3934.2336,3907.3840,3915.1662,12635621400
2025-03-31,3905.9815,3928.4482,3872.4030,3887.3056,16679852300
2025-04-01,3892.7794,3905.2622,3882.4045,3887.6841,14038027400
2025-04-02,3884.4181,3900.4949,3877.1599,3884.3858,11304317500
2025-04-03,3843.4177,3883.7025,3843.4177,3861.5034,14259978900
2025-04-07,3675.2017,3707.7771,3514.1165,3589.4406,31257858600
2025-04-08,3597.9859,3650.7590,3583.8746,3650.7590,28019731200
2025-04-09,3606.1036,3686.7943,3587.3368,3686.7943,26230570800
2025-04-10,3749.1262,3756.1386,3708.8194,3735.1151,22725222700
2025-04-11,3730.3148,3762.3653,3708.4617,3750.5167,16875969100
2025-04-14,3772.0407,3776.6344,3754.0330,3759.1422,16446240300
2025-04-15,3756.4788,3764.4860,3737.8495,3761.2348,13400604000
2025-04-16,3757.8757,3775.1661,3721.6025,3772.8204,15635900600
2025-04-17,3755.0862,3779.1253,3749.5040,3772.2221,12237100200
2025-04-18,3760.0425,3782.0443,3754.4072,3772.5230,10294850900
2025-04-21,3768.1421,3790.1782,3763.1383,3784.8806,12135573000
2025-04-22,3780.1122,3799.2295,3778.0791,3783.9522,12568825700
2025-04-23,3803.4295,3807.9536,3780.5183,3786.8824,13198687000
2025-04-24,3787.4590,3807.2599,3775.2070,3784.3574,11716456000
2025-04-25,3792.0838,3801.5765,3780.7772,3786.9937,12459113300
2025-04-28,3786.3867,3792.0082,3772.8029,3781.6188,12514509100
2025-04-29,3776.0025,3785.3157,3768.0311,3775.0767,11151469400
2025-04-30,3775.8306,3787.5639,3768.7573,3770.5705,14368165800
2025-05-06,3794.3757,3809.0939,3782.7770,3808.5424,15852045900
2025-05-07,3861.5767,3863.6776,3814.9868,3831.6270,16117229900
2025-05-08,3820.5481,3867.3313,3816.2642,3852.8963,12495983300
2025-05-09,3848.6187,3853.6632,3836.5349,3846.1566,11938952600
2025-05-12,3866.5305,3890.7342,3859.0346,3890.6096,15333246000
2025-05-13,3915.5924,3915.5924,3890.6855,3896.2583,14732029900
2025-05-14,3894.8386,3960.5228,3890.6504,3943.2108,17203377900
2025-05-15,3934.0273,3936.4653,3904.9068,3907.1992,13808174900
2025-05-16,3898.6662,3903.8528,3874.8619,3889.0854,11840534500
2025-05-19,3882.5677,3885.5889,3866.5695,3877.1453,9864341400
2025-05-20,3883.1024,3911.4737,3881.7436,3898.1705,10488523400
2025-05-21,3899.4365,3928.6339,3899.4365,3916.3807,10979134300
2025-05-22,3912.6007,3923.0195,3903.0898,3913.8651,10759705200
2025-05-23,3910.3739,3931.5514,3882.2741,3882.2741,12027741900
2025-05-26,3875.7891,3884.5370,3849.0384,3860.1067,10960120700
2025-05-27,3857.6271,3865.4291,3834.8455,3839.3969,9857242500
2025-05-28,3843.0747,3849.7360,3833.9582,3836.2366,8903102600
2025-05-29,3838.0092,3869.7909,3831.4577,3858.6998,10847188600
2025-05-30,3850.4930,3858.6128,3829.2542,3840.2323,11167222800
2025-06-03,3833.4584,3863.2952,3832.7202,3852.0127,13140309000
2025-06-04,3855.4878,3875.8569,3855.4878,3868.7429,11680387300
2025-06-05,3872.6373,3883.1345,3861.2720,3877.5557,12287818400
2025-06-06,3878.1027,3889.4557,3869.3871,3873.9841,11098797100
2025-06-09,3877.7977,3894.6517,3871.9917,3885.2459,13630629300
2025-06-10,3887.5512,3897.4573,3850.4663,3865.4652,14556385900
2025-06-11,3870.6719,3911.6107,3870.6719,3894.6252,14241477200
2025-06-12,3885.5196,3900.0408,3870.3838,3892.1992,13399869700
2025-06-13,3881.4923,3889.1602,3853.8186,3864.1822,17253953600
2025-06-16,3853.6193,3876.1704,3853.6193,3873.7951,13734183500
2025-06-17,3875.1768,3880.4156,3860.4090,3870.3786,12234252600
2025-06-18,3871.6502,3881.3460,3854.6575,3874.9708,12752862100
2025-06-19,3870.0490,3872.9425,3834.9512,3843.0912,13028065800
2025-06-20,3839.7833,3856.4799,3839.7833,3846.6443,11815102000
2025-06-23,3831.1703,3867.5896,3827.0829,3857.9016,13380089200
2025-06-24,3862.3876,3914.1579,3862.3876,3904.0342,16365618800
2025-06-25,3907.0682,3963.0371,3902.1771,3960.0662,18721367100
2025-06-26,3953.1603,3964.4820,3945.2589,3946.0195,16531626300
2025-06-27,3949.7879,3969.2626,3918.2041,3921.7578,19455791300
2025-06-30,3920.3149,3940.3611,3911.6044,3936.0791,14517023600
2025-07-01,3935.9078,3946.2451,3924.7219,3942.7620,12895936200
2025-07-02,3943.3232,3952.1378,3929.6956,3943.6849,14706306200
2025-07-03,3949.3998,3971.6160,3945.1380,3968.0676,14100400600
2025-07-04,3967.4637,4013.8478,3958.3762,3982.2034,15719713300
2025-07-07,3977.2881,3979.7481,3956.5663,3965.1746,13113527300
2025-07-08,3965.4260,4002.2690,3965.4260,3998.4527,15640289500
2025-07-09,3997.5044,4016.7434,3987.4267,3991.4006,17329379600
2025-07-10,3993.4196,4032.9829,3992.5242,4010.0243,20977890400
2025-07-11,4011.4652,4065.9419,4010.1052,4014.8070,26205277300
2025-07-14,4021.2135,4034.9198,4017.6678,4017.6678,20791717500
2025-07-15,4023.9896,4042.6574,3994.2628,4019.0644,19104293100
2025-07-16,4019.3925,4027.8567,3993.9209,4007.2019,15102730800
2025-07-17,4005.0670,4034.5935,4005.0670,4034.4910,16124904100
2025-07-18,4039.8712,4064.6378,4039.3181,4058.5486,18621106300
2025-07-21,4069.7685,4086.1171,4063.4427,4085.6072,22326847600
2025-07-22,4087.3354,4119.2021,4068.3383,4118.9582,25759698500
2025-07-23,4129.1476,4155.6783,4113.9085,4119.7685,30050615400
2025-07-24,4116.8312,4152.4265,4111.8849,4149.0368,31963239200
2025-07-25,4145.3195,4150.4994,4117.8005,4127.1634,27359496300
2025-07-28,4128.1993,4146.1200,4112.9677,4135.8242,22275981500
2025-07-29,4132.6833,4153.3307,4117.5772,4152.0247,23080788000
2025-07-30,4148.9405,4185.2064,4127.4301,4151.2379,24985304800
2025-07-31,4141.5612,4141.8243,4063.6662,4075.5912,26708740600
2025-08-01,4069.9254,4085.3543,4040.4620,4054.9286,19622182600
2025-08-04,4037.9378,4070.7023,4037.9378,4070.7023,16227590200
2025-08-05,4080.3877,4106.2969,4075.5836,4103.4500,17885199900
2025-08-06,4100.4283,4116.7085,4098.3544,4113.4852,17667615500
2025-08-07,4120.2822,4129.7382,4094.8214,4114.6660,19864190200
2025-08-08,4109.2734,4122.2104,4097.4157,4104.9669,17317120100
2025-08-11,4110.2939,4134.2462,4103.6050,4122.5106,19044371600
2025-08-12,4123.5762,4153.2948,4121.2243,4143.8252,17728782300
2025-08-13,4150.5037,4186.7480,4147.1991,4176.5776,21393499900
2025-08-14,4179.9650,4220.3109,4165.9376,4173.3131,22110359500
2025-08-15,4162.4205,4214.7291,4157.4950,4202.3533,26132756600
2025-08-18,4218.2471,4272.9602,4203.4191,4239.4125,30147910200
2025-08-19,4241.7651,4264.2303,4215.2075,4223.3741,25081877100
2025-08-20,4208.4005,4272.1463,4190.5559,4271.3958,24648177300
2025-08-21,4284.3712,4308.4472,4273.6523,4288.0707,25903001400
