日期,收盘,成交量
2013-03-25,1.889,2969737
2013-03-26,1.856,1235689
2013-03-27,1.864,1166247
2013-03-28,1.802,376925
2013-03-29,1.798,1145511
2013-04-01,1.8,437450
2013-04-02,1.792,196576
2013-04-03,1.786,108515
2013-04-08,1.78,92018
2013-04-09,1.794,158597
2013-04-10,1.792,35076
2013-04-11,1.784,61597
2013-04-12,1.772,55336
2013-04-15,1.756,16393
2013-04-16,1.768,31270
2013-04-17,1.772,28941
2013-04-18,1.772,23758
2013-04-19,1.832,41102
2013-04-22,1.826,22313
2013-04-23,1.766,14530
2013-04-24,1.8,16003
2013-04-25,1.782,12112
2013-04-26,1.762,13868
2013-05-02,1.76,7364
2013-05-03,1.802,110545
2013-05-06,1.82,346758
2013-05-07,1.826,442698
2013-05-08,1.838,477363
2013-05-09,1.826,425961
2013-05-10,1.834,452005
2013-05-13,1.824,393636
2013-05-14,1.792,457280
2013-05-15,1.81,432010
2013-05-16,1.84,337642
2013-05-17,1.875,181665
2013-05-20,1.895,129375
2013-05-21,1.895,17482
2013-05-22,1.899,60398
2013-05-23,1.873,19025
2013-05-24,1.887,22680
2013-05-27,1.885,47909
2013-05-28,1.919,21874
2013-05-29,1.923,20107
2013-05-30,1.917,15683
2013-05-31,1.885,48944
2013-06-03,1.895,7009
2013-06-04,1.871,7497
2013-06-05,1.86,4961
2013-06-06,1.842,11795
2013-06-07,1.82,7526
2013-06-13,1.732,90408
2013-06-14,1.754,15809
2013-06-17,1.744,7779
2013-06-18,1.756,84253
2013-06-19,1.746,3011
2013-06-20,1.696,18307
2013-06-21,1.674,15566
2013-06-24,1.674,34675
2013-06-25,1.554,62147
2013-06-26,1.556,56695
2013-06-27,1.564,52121
2013-06-28,1.59,12808
2013-07-01,1.6,8446
2013-07-02,1.606,5927
2013-07-03,1.598,3842
2013-07-04,1.606,8874
2013-07-05,1.618,58173
2013-07-08,1.574,12127
2013-07-09,1.58,8214
2013-07-10,1.618,14522
2013-07-11,1.704,30068
2013-07-12,1.66,12412
2013-07-15,1.678,11836
2013-07-16,1.692,26688
2013-07-17,1.672,25405
2013-07-18,1.638,2143
2013-07-19,1.596,10394
2013-07-22,1.6,11009
2013-07-23,1.652,24994
2013-07-24,1.64,21782
2013-07-25,1.636,8228
2013-07-26,1.62,3515
2013-07-29,1.582,4496
2013-07-30,1.608,3432
2013-07-31,1.604,1491
2013-08-01,1.64,5515
2013-08-02,1.644,835
2013-08-05,1.67,7607
2013-08-06,1.688,1967
2013-08-07,1.672,2236
2013-08-08,1.66,2060
2013-08-09,1.672,4288
2013-08-12,1.73,7149
2013-08-13,1.728,3472
2013-08-14,1.73,7263
2013-08-15,1.706,1635
2013-08-16,1.696,24945
2013-08-19,1.714,797
2013-08-20,1.696,1866
2013-08-21,1.692,1432
2013-08-22,1.696,8452
2013-08-23,1.68,2230
2013-08-26,1.718,3619
2013-08-27,1.718,5106
2013-08-28,1.716,4393
2013-08-29,1.704,5109
2013-08-30,1.696,6169
2013-09-02,1.708,5285
2013-09-03,1.73,6058
2013-09-04,1.726,2520
2013-09-05,1.72,2900
2013-09-06,1.738,12383
2013-09-09,1.798,24948
2013-09-10,1.828,10255
2013-09-11,1.838,16274
2013-09-12,1.86,12320
2013-09-13,1.842,8704
2013-09-16,1.832,6029
2013-09-17,1.794,13185
2013-09-18,1.8,11629
2013-09-23,1.836,105828
2013-09-24,1.81,124143
2013-09-25,1.8,107917
2013-09-26,1.766,103081
2013-09-27,1.764,316618
2013-09-30,1.784,511284
2013-10-08,1.804,523253
2013-10-09,1.816,404538
2013-10-10,1.798,433160
2013-10-11,1.828,494381
2013-10-14,1.83,312961
2013-10-15,1.826,366901
2013-10-16,1.784,366478
2013-10-17,1.782,329969
2013-10-18,1.792,504001
2013-10-21,1.824,520788
2013-10-22,1.808,225525
2013-10-23,1.786,411601
2013-10-24,1.77,396373
2013-10-25,1.744,366560
2013-10-28,1.746,336603
2013-10-29,1.748,506314
2013-10-30,1.78,396913
2013-10-31,1.754,335281
2013-11-01,1.762,327522
2013-11-04,1.754,268492
2013-11-05,1.758,368985
2013-11-06,1.738,307849
2013-11-07,1.722,451472
2013-11-08,1.7,395769
2013-11-11,1.702,295848
2013-11-12,1.722,329865
2013-11-13,1.684,323231
2013-11-14,1.694,301135
2013-11-15,1.732,431669
2013-11-18,1.79,358475
2013-11-19,1.78,338330
2013-11-20,1.788,289622
2013-11-21,1.78,249996
2013-11-22,1.772,325802
2013-11-25,1.764,294295
2013-11-26,1.762,302742
2013-11-27,1.782,387915
2013-11-28,1.8,381595
2013-11-29,1.798,927521
2013-12-02,1.78,334237
2013-12-03,1.798,153406
2013-12-04,1.826,150450
2013-12-05,1.818,99002
2013-12-06,1.81,199411
2013-12-09,1.806,319101
2013-12-10,1.808,86407
2013-12-11,1.774,497625
2013-12-12,1.77,47690
2013-12-13,1.77,66305
2013-12-16,1.742,192144
2013-12-17,1.732,133483
2013-12-18,1.73,721468
2013-12-19,1.714,432135
2013-12-20,1.674,233556
2013-12-23,1.676,140268
2013-12-24,1.676,136290
2013-12-25,1.69,63766
2013-12-26,1.662,71248
2013-12-27,1.686,97119
2013-12-30,1.688,115033
2013-12-31,1.71,285485
2014-01-02,1.7,769404
2014-01-03,1.68,89533
2014-01-06,1.64,211435
2014-01-07,1.636,930957
2014-01-08,1.64,30991
2014-01-09,1.626,36054
2014-01-10,1.612,409051
2014-01-13,1.606,349944
2014-01-14,1.616,37851
2014-01-15,1.614,130725
2014-01-16,1.616,130910
2014-01-17,1.594,112979
2014-01-20,1.584,39772
2014-01-21,1.596,25618
2014-01-22,1.642,67001
2014-01-23,1.634,11260
2014-01-24,1.646,20456
2014-01-27,1.62,10769
2014-01-28,1.626,68473
2014-01-29,1.628,12902
2014-01-30,1.606,16663
2014-02-07,1.616,17457
2014-02-10,1.658,259575
2014-02-11,1.674,119235
2014-02-12,1.678,120685
2014-02-13,1.67,252381
2014-02-14,1.678,118942
2014-02-17,1.692,178398
2014-02-18,1.668,708085
2014-02-19,1.688,747002
2014-02-20,1.678,440736
2014-02-21,1.654,310991
2014-02-24,1.616,144180
2014-02-25,1.574,412589
2014-02-26,1.574,403074
2014-02-27,1.572,149183
2014-02-28,1.588,30219
2014-03-03,1.6,50475
2014-03-04,1.592,29688
2014-03-05,1.574,3860
2014-03-06,1.584,326411
2014-03-07,1.576,223631
2014-03-10,1.528,17233
2014-03-11,1.536,4734
2014-03-12,1.532,58320
2014-03-13,1.56,19256
2014-03-14,1.542,10674
2014-03-17,1.556,8291
2014-03-18,1.554,4538
2014-03-19,1.54,82492
2014-03-20,1.52,47157
2014-03-21,1.57,40711
2014-03-24,1.58,57647
2014-03-25,1.586,21481
2014-03-26,1.582,17531
2014-03-27,1.576,25013
2014-03-28,1.57,18376
2014-03-31,1.564,3159
2014-04-01,1.578,9457
2014-04-02,1.588,200932
2014-04-03,1.58,17668
2014-04-04,1.592,5347
2014-04-08,1.638,104193
2014-04-09,1.638,27256
2014-04-10,1.666,142783
2014-04-11,1.658,123079
2014-04-14,1.658,112716
2014-04-15,1.632,68483
2014-04-16,1.63,28565
2014-04-17,1.628,21042
2014-04-18,1.626,67701
2014-04-21,1.592,107891
2014-04-22,1.602,107711
2014-04-23,1.602,76197
2014-04-24,1.598,27833
2014-04-25,1.58,257532
2014-04-28,1.558,12707
2014-04-29,1.576,9462
2014-04-30,1.574,21776
2014-05-05,1.568,17953
2014-05-06,1.57,75471
2014-05-07,1.56,7990
2014-05-08,1.558,36046
2014-05-09,1.556,15920
2014-05-12,1.592,101568
2014-05-13,1.586,11329
2014-05-14,1.586,34351
2014-05-15,1.568,62778
2014-05-16,1.564,7212
2014-05-19,1.544,22598
2014-05-20,1.542,10821
2014-05-21,1.554,75184
2014-05-22,1.55,28849
2014-05-23,1.57,15118
2014-05-26,1.578,24858
2014-05-27,1.57,4355
2014-05-28,1.588,14752
2014-05-29,1.576,11302
2014-05-30,1.576,9292
2014-06-03,1.57,57189
2014-06-04,1.55,6859
2014-06-05,1.574,18252
2014-06-06,1.56,22255
2014-06-09,1.558,129357
2014-06-10,1.578,115851
2014-06-11,1.576,21017
2014-06-12,1.576,8852
2014-06-13,1.594,28296
2014-06-16,1.606,13715
2014-06-17,1.588,2219046
2014-06-18,1.588,8060
2014-06-19,1.56,318986
2014-06-20,1.564,273279
2014-06-23,1.562,45936
2014-06-24,1.578,27890
2014-06-25,1.572,27049
2014-06-26,1.58,38943
2014-06-27,1.582,40677
2014-06-30,1.594,87141
2014-07-01,1.592,201628
2014-07-02,1.6,164289
2014-07-03,1.61,130988
2014-07-04,1.608,120155
2014-07-07,1.604,118755
2014-07-08,1.606,14360
2014-07-09,1.584,219257
2014-07-10,1.584,27632
2014-07-11,1.588,51479
2014-07-14,1.614,118668
2014-07-15,1.612,11635
2014-07-16,1.608,131954
2014-07-17,1.604,6795
2014-07-18,1.608,35311
2014-07-21,1.61,159314
2014-07-22,1.632,303929
2014-07-23,1.634,153353
2014-07-24,1.672,90627
2014-07-25,1.696,134326
2014-07-28,1.74,151964
2014-07-29,1.752,235132
2014-07-30,1.748,28641
2014-07-31,1.772,31877
2014-08-01,1.746,48635
2014-08-04,1.784,2432890
2014-08-05,1.778,268677
2014-08-06,1.77,76916
2014-08-07,1.748,130188
2014-08-08,1.752,25498
2014-08-11,1.774,45715
2014-08-12,1.772,146319
2014-08-13,1.77,52551
2014-08-14,1.756,219088
2014-08-15,1.772,13282
2014-08-18,1.778,385184
2014-08-19,1.78,107969
2014-08-20,1.774,4679
2014-08-21,1.764,91564
2014-08-22,1.772,334152
2014-08-25,1.764,16430
2014-08-26,1.746,74037
2014-08-27,1.746,205752
2014-08-28,1.734,33244
2014-08-29,1.758,13761
2014-09-01,1.77,88685
2014-09-02,1.796,165103
2014-09-03,1.81,190883
2014-09-04,1.828,250275
2014-09-05,1.846,316008
2014-09-09,1.84,23457
2014-09-10,1.832,16600
2014-09-11,1.82,48648
2014-09-12,1.838,346516
2014-09-15,1.828,225238
2014-09-16,1.796,93881
2014-09-17,1.802,236406
2014-09-18,1.808,111416
2014-09-19,1.83,21505
2014-09-22,1.786,251221
2014-09-23,1.8,35531
2014-09-24,1.842,61994
2014-09-25,1.832,15851
2014-09-26,1.838,9099
2014-09-29,1.84,206702
2014-09-30,1.852,27724
2014-10-08,1.864,347849
2014-10-09,1.866,24163
2014-10-10,1.852,301649
2014-10-13,1.846,174865
2014-10-14,1.838,418870
2014-10-15,1.852,8809
2014-10-16,1.844,16962
2014-10-17,1.836,8636
2014-10-20,1.84,206321
2014-10-21,1.83,7417
2014-10-22,1.822,308422
2014-10-23,1.804,67483
2014-10-24,1.796,17169
2014-10-27,1.784,55985
2014-10-28,1.822,14409
2014-10-29,1.842,25081
2014-10-30,1.856,337943
2014-10-31,1.895,262180
2014-11-03,1.891,13949
2014-11-04,1.891,471241
2014-11-05,1.889,33555
2014-11-06,1.889,10461
2014-11-07,1.891,336283
2014-11-10,1.935,57077
2014-11-11,1.929,1147313
2014-11-12,1.969,270727
2014-11-13,1.959,535737
2014-11-14,1.957,414917
2014-11-17,1.945,230048
2014-11-18,1.921,448496
2014-11-19,1.921,207709
2014-11-20,1.919,216632
2014-11-21,1.959,181184
2014-11-24,2.009,167208
2014-11-25,2.035,32913
2014-11-26,2.055,81698
2014-11-27,2.079,317770
2014-11-28,2.137,208955
2014-12-01,2.143,331741
2014-12-02,2.261,40983
2014-12-03,2.267,95480
2014-12-04,2.473,909903
2014-12-05,2.409,250327
2014-12-08,2.483,441981
2014-12-09,2.361,399014
2014-12-10,2.465,140205
2014-12-11,2.439,331211
2014-12-12,2.439,67356
2014-12-15,2.465,530911
2014-12-16,2.525,84047
2014-12-17,2.579,114782
2014-12-18,2.569,81540
2014-12-19,2.605,243078
2014-12-22,2.617,539436
2014-12-23,2.543,824627
2014-12-24,2.447,593809
2014-12-25,2.561,59219
2014-12-26,2.661,614030
2014-12-29,2.669,95888
2014-12-30,2.657,283606
2014-12-31,2.737,131085
2015-01-05,2.819,453266
2015-01-06,2.801,169141
2015-01-07,2.799,583146
2015-01-08,2.743,499885
2015-01-09,2.735,558025
2015-01-12,2.713,1373278
2015-01-13,2.697,603183
2015-01-14,2.689,155851
2015-01-15,2.771,184224
2015-01-16,2.797,467133
2015-01-19,2.525,382642
2015-01-20,2.607,665784
2015-01-21,2.719,1461611
2015-01-22,2.735,215991
2015-01-23,2.741,583646
2015-01-26,2.765,46600
2015-01-27,2.741,448278
2015-01-28,2.709,507061
2015-01-29,2.665,76066
2015-01-30,2.645,1585480
2015-02-02,2.567,877290
2015-02-03,2.637,291489
2015-02-04,2.603,281313
2015-02-05,2.583,97581
2015-02-06,2.533,88889
2015-02-09,2.567,95649
2015-02-10,2.609,164253
2015-02-11,2.631,257832
2015-02-12,2.643,48158
2015-02-13,2.659,349568
2015-02-16,2.681,190582
2015-02-17,2.705,57347
2015-02-25,2.661,136954
2015-02-26,2.743,227835
2015-02-27,2.747,286392
2015-03-02,2.765,407900
2015-03-03,2.691,281461
2015-03-04,2.707,371779
2015-03-05,2.679,94937
2015-03-06,2.661,62746
2015-03-09,2.713,262231
2015-03-10,2.701,35549
2015-03-11,2.705,60583
2015-03-12,2.755,385383
2015-03-13,2.771,354557
2015-03-16,2.849,413418
2015-03-17,2.887,604790
2015-03-18,2.965,945184
2015-03-19,2.945,403356
2015-03-20,2.993,652436
2015-03-23,3.061,582822
2015-03-24,3.053,1003696
2015-03-25,3.029,475499
2015-03-26,3.035,140246
2015-03-27,3.063,340637
2015-03-30,3.163,268354
2015-03-31,3.131,258110
2015-04-01,3.185,66786
2015-04-02,3.175,274601
2015-04-03,3.223,163516
2015-04-07,3.283,262492
2015-04-08,3.307,381852
2015-04-09,3.287,1088072
2015-04-10,3.369,463498
2015-04-13,3.419,281918
2015-04-14,3.429,139644
2015-04-15,3.385,243440
2015-04-16,3.499,229822
2015-04-17,3.575,392485
2015-04-20,3.491,528479
2015-04-21,3.561,268542
2015-04-22,3.675,674378
2015-04-23,3.667,123023
2015-04-24,3.631,79723
2015-04-27,3.743,396909
2015-04-28,3.673,397026
2015-04-29,3.705,267771
2015-04-30,3.693,288775
2015-05-04,3.717,296916
2015-05-05,3.571,222775
2015-05-06,3.525,259387
2015-05-07,3.465,180971
2015-05-08,3.529,265920
2015-05-11,3.631,137349
2015-05-12,3.673,87807
2015-05-13,3.649,43884
2015-05-14,3.637,214364
2015-05-15,3.585,197045
2015-05-18,3.555,93886
2015-05-19,3.675,166954
2015-05-20,3.701,85857
2015-05-21,3.759,42256
2015-05-22,3.857,218256
2015-05-25,3.975,343405
2015-05-26,4.061,237937
2015-05-27,4.049,103995
2015-05-28,3.859,379248
2015-05-29,3.795,378010
2015-06-01,3.971,301938
2015-06-02,4.035,85281
2015-06-03,3.997,37296
2015-06-04,4.039,79459
2015-06-05,4.095,114909
2015-06-08,4.154,308528
2015-06-09,4.158,249249
2015-06-10,4.138,166175
2015-06-11,4.142,125119
2015-06-12,4.166,155110
2015-06-15,4.073,238000
2015-06-16,3.955,158196
2015-06-17,4.011,211442
2015-06-18,3.861,139767
2015-06-19,3.637,86627
2015-06-23,3.755,171017
2015-06-24,3.833,133304
2015-06-25,3.675,36547
2015-06-26,3.435,114525
2015-06-29,3.317,179021
2015-06-30,3.507,151696
2015-07-01,3.315,145288
2015-07-02,3.179,142721
2015-07-03,3.021,228409
2015-07-06,3.221,874090
2015-07-07,2.893,512533
2015-07-08,2.595,679573
2015-07-09,2.869,304362
2015-07-10,3.169,260499
2015-07-13,3.373,285965
2015-07-14,3.281,666149
2015-07-15,3.019,309937
2015-07-16,3.107,134277
2015-07-17,3.237,87311
2015-07-20,3.219,92039
2015-07-21,3.205,51293
2015-07-22,3.215,50088
2015-07-23,3.301,75078
2015-07-24,3.251,67874
2015-07-27,2.947,53449
2015-07-28,2.929,55497
2015-07-29,3.053,48078
2015-07-30,2.965,323587
2015-07-31,2.941,43341
2015-08-03,2.931,38994
2015-08-04,3.067,40290
2015-08-05,3.007,23778
2015-08-06,2.977,11685
2015-08-07,3.041,260256
2015-08-10,3.187,68950
2015-08-11,3.151,58467
2015-08-12,3.141,463840
2015-08-13,3.161,45532
2015-08-14,3.147,38456
2015-08-17,3.167,38608
2015-08-18,2.979,34612
2015-08-19,3.011,38863
2015-08-20,2.933,33610
2015-08-21,2.849,62958
2015-08-24,2.551,121096
2015-08-25,2.283,86769
2015-08-26,2.299,97939
2015-08-27,2.429,60968
2015-08-28,2.537,83915
2015-08-31,2.529,139352
2015-09-01,2.557,78083
2015-09-02,2.507,18317
2015-09-07,2.523,22649
2015-09-08,2.575,22365
2015-09-09,2.609,71556
2015-09-10,2.591,22917
2015-09-11,2.579,5439
2015-09-14,2.477,45655
2015-09-15,2.419,10670
2015-09-16,2.547,34672
2015-09-17,2.475,24057
2015-09-18,2.487,10553
2015-09-21,2.527,11226
2015-09-22,2.559,39520
2015-09-23,2.509,6645
2015-09-24,2.527,2827
2015-09-25,2.491,6757
2015-09-28,2.489,5488
2015-09-29,2.459,6510
2015-09-30,2.467,6706
2015-10-08,2.539,9205
2015-10-09,2.577,16945
2015-10-12,2.679,31309
2015-10-13,2.661,6597
2015-10-14,2.641,6015
2015-10-15,2.699,26291
2015-10-16,2.735,37696
2015-10-19,2.727,29485
2015-10-20,2.765,20663
2015-10-21,2.681,26176
2015-10-22,2.721,12085
2015-10-23,2.763,11909
2015-10-26,2.773,13015
2015-10-27,2.785,9721
2015-10-28,2.731,12448
2015-10-29,2.739,6686
2015-10-30,2.753,19917
2015-11-02,2.705,12580
2015-11-03,2.673,10451
2015-11-04,2.855,27947
2015-11-05,2.975,42467
2015-11-06,2.977,19088
2015-11-09,3.019,25255
2015-11-10,2.995,322435
2015-11-11,2.941,222104
2015-11-12,2.923,64730
2015-11-13,2.907,35496
2015-11-16,2.915,15302
2015-11-17,2.889,34622
2015-11-18,2.865,32558
2015-11-19,2.909,7729
2015-11-20,2.911,21931
2015-11-23,2.895,34465
2015-11-24,2.903,10112
2015-11-25,2.923,7898
2015-11-26,2.923,30650
2015-11-27,2.755,122521
2015-11-30,2.751,19824
2015-12-01,2.767,18329
2015-12-02,2.889,23432
2015-12-03,2.903,46939
2015-12-04,2.871,10485
2015-12-07,2.849,5906
2015-12-08,2.815,16731
2015-12-09,2.815,3066
2015-12-10,2.821,9244
2015-12-11,2.799,6464
2015-12-14,2.871,14774
2015-12-15,2.855,9512
2015-12-16,2.857,5864
2015-12-17,2.905,12613
2015-12-18,2.921,17999
2015-12-21,3.003,113802
2015-12-22,3.001,204712
2015-12-23,2.991,116664
2015-12-24,2.981,112714
2015-12-25,2.971,33515
2015-12-28,2.901,19961
2015-12-29,2.919,3986
2015-12-30,2.917,3442
2015-12-31,2.901,16578
2016-01-04,2.713,22348
2016-01-05,2.713,31639
2016-01-06,2.735,15669
2016-01-07,2.599,4288
2016-01-08,2.629,33867
2016-01-11,2.471,35749
2016-01-12,2.493,25547
2016-01-13,2.441,16938
2016-01-14,2.501,21852
2016-01-15,2.405,231897
2016-01-18,2.417,12651
2016-01-19,2.495,25378
2016-01-20,2.463,8522
2016-01-21,2.417,12959
2016-01-22,2.405,17090
2016-01-25,2.407,6925
2016-01-26,2.265,122613
2016-01-27,2.261,344869
2016-01-28,2.199,14573
2016-01-29,2.291,362596
2016-02-01,2.239,19865
2016-02-02,2.287,18290
2016-02-03,2.271,304332
2016-02-04,2.301,6577
2016-02-05,2.287,4339
2016-02-15,2.273,8625
2016-02-16,2.333,14826
2016-02-17,2.351,12388
2016-02-18,2.343,16733
2016-02-19,2.349,6597
2016-02-22,2.397,42859
2016-02-23,2.371,9334
2016-02-24,2.387,3809
2016-02-25,2.281,17855
2016-02-26,2.255,24919
2016-02-29,2.219,16672
2016-03-01,2.247,6443
2016-03-02,2.337,17439
2016-03-03,2.331,15478
2016-03-04,2.377,176849
2016-03-07,2.387,25955
2016-03-08,2.371,16391
2016-03-09,2.351,10012
2016-03-10,2.323,80595
2016-03-11,2.321,5278
2016-03-14,2.367,24606
2016-03-15,2.351,17139
2016-03-16,2.363,15062
2016-03-17,2.391,17361
2016-03-18,2.443,17189
2016-03-21,2.519,41950
2016-03-22,2.487,7964
2016-03-23,2.483,14512
2016-03-24,2.443,9368
2016-03-25,2.453,9247
2016-03-28,2.445,9307
2016-03-29,2.411,6254
2016-03-30,2.481,5823
2016-03-31,2.473,19525
2016-04-01,2.481,10447
2016-04-05,2.521,19112
2016-04-06,2.507,17726
2016-04-07,2.481,9124
2016-04-08,2.457,19093
2016-04-11,2.493,10251
2016-04-12,2.477,8853
2016-04-13,2.521,39648
2016-04-14,2.545,53833
2016-04-15,2.541,2712
2016-04-18,2.503,64082
2016-04-19,2.495,4352
2016-04-20,2.457,57496
2016-04-21,2.437,14311
2016-04-22,2.451,7335
2016-04-25,2.439,5955
2016-04-26,2.445,4426
2016-04-27,2.443,3361
2016-04-28,2.435,6618
2016-04-29,2.439,1425
2016-05-03,2.477,6211
2016-05-04,2.469,34946
2016-05-05,2.483,4622
2016-05-06,2.419,5619
2016-05-09,2.371,12829
2016-05-10,2.371,5654
2016-05-11,2.379,4062
2016-05-12,2.381,4617
2016-05-13,2.363,5238
2016-05-16,2.381,2202
2016-05-17,2.381,1376
2016-05-18,2.359,3894
2016-05-19,2.361,2245
2016-05-20,2.365,4503
2016-05-23,2.375,3020
2016-05-24,2.355,1405
2016-05-25,2.361,1901
2016-05-26,2.349,4694
2016-05-27,2.361,2275
2016-05-30,2.361,2013
2016-05-31,2.435,11464
2016-06-01,2.439,9349
2016-06-02,2.441,1270
2016-06-03,2.469,28143
2016-06-06,2.451,43322
2016-06-07,2.441,42314
2016-06-08,2.449,7978
2016-06-13,2.375,7128
2016-06-14,2.379,6408
2016-06-15,2.403,8175
2016-06-16,2.399,2447
2016-06-17,2.403,2953
2016-06-20,2.403,939
2016-06-21,2.413,3643
2016-06-22,2.415,1798
2016-06-23,2.415,1552
2016-06-24,2.395,6657
2016-06-27,2.409,2443
2016-06-28,2.419,4810
2016-06-29,2.429,15895
2016-06-30,2.429,85782
2016-07-01,2.443,6676
2016-07-04,2.495,37116
2016-07-05,2.485,35774
2016-07-06,2.509,38762
2016-07-07,2.503,85952
2016-07-08,2.491,8913
2016-07-11,2.509,27805
2016-07-12,2.571,58991
2016-07-13,2.575,56481
2016-07-14,2.569,55289
2016-07-15,2.577,9003
2016-07-18,2.565,8309
2016-07-19,2.551,36426
2016-07-20,2.543,3283
2016-07-21,2.561,46083
2016-07-22,2.537,6965
2016-07-25,2.541,7507
2016-07-26,2.567,9213
2016-07-27,2.521,67293
2016-07-28,2.527,12575
2016-07-29,2.523,3776
2016-08-01,2.505,13675
2016-08-02,2.511,7388
2016-08-03,2.513,775
2016-08-04,2.509,2542
2016-08-05,2.515,2124
2016-08-08,2.551,1960
2016-08-09,2.563,4602
2016-08-10,2.561,44136
2016-08-11,2.561,44122
2016-08-12,2.603,95347
2016-08-15,2.675,70690
2016-08-16,2.667,73577
2016-08-17,2.655,58015
2016-08-18,2.651,9831
2016-08-19,2.651,5956
2016-08-22,2.643,39212
2016-08-23,2.637,9189
2016-08-24,2.623,3467
2016-08-25,2.613,11923
2016-08-26,2.613,2702
2016-08-29,2.609,4901
2016-08-30,2.611,22552
2016-08-31,2.623,8169
2016-09-01,2.605,4232
2016-09-02,2.605,4821
2016-09-05,2.613,4616
2016-09-06,2.633,11072
2016-09-07,2.633,8486
2016-09-08,2.635,5766
2016-09-09,2.625,8726
2016-09-12,2.565,12856
2016-09-13,2.571,36016
2016-09-14,2.559,8347
2016-09-19,2.569,2901
2016-09-20,2.573,1082
2016-09-21,2.581,6276
2016-09-22,2.593,2977
2016-09-23,2.593,929
2016-09-26,2.543,32877
2016-09-27,2.567,17492
2016-09-28,2.561,1143
2016-09-29,2.569,1715
2016-09-30,2.577,5393
2016-10-10,2.601,12704
2016-10-11,2.611,6666
2016-10-12,2.607,6613
2016-10-13,2.611,7071
2016-10-14,2.615,49485
2016-10-17,2.591,5989
2016-10-18,2.623,50954
2016-10-19,2.625,12838
2016-10-20,2.621,68752
2016-10-21,2.631,12984
2016-10-24,2.675,63273
2016-10-25,2.663,53779
2016-10-26,2.657,16029
2016-10-27,2.649,44495
2016-10-28,2.641,40160
2016-10-31,2.637,13077
2016-11-01,2.655,7259
2016-11-02,2.637,54943
2016-11-03,2.663,3601
2016-11-04,2.655,3715
2016-11-07,2.659,22238
2016-11-08,2.671,76549
2016-11-09,2.659,20649
2016-11-10,2.693,79645
2016-11-11,2.707,80594
2016-11-14,2.717,77745
2016-11-15,2.721,37675
2016-11-16,2.715,16634
2016-11-17,2.723,4702
2016-11-18,2.713,6428
2016-11-21,2.725,24757
2016-11-22,2.747,58822
2016-11-23,2.745,11954
2016-11-24,2.763,68815
2016-11-25,2.801,68458
2016-11-28,2.809,28251
2016-11-29,2.833,16323
2016-11-30,2.813,6906
2016-12-01,2.837,27216
2016-12-02,2.809,60666
2016-12-05,2.753,64289
2016-12-06,2.751,4286
2016-12-07,2.755,37068
2016-12-08,2.751,12393
2016-12-09,2.767,22721
2016-12-12,2.709,48220
2016-12-13,2.693,19438
2016-12-14,2.687,77673
2016-12-15,2.647,24806
2016-12-16,2.655,22333
2016-12-19,2.633,8643
2016-12-20,2.629,75243
2016-12-21,2.641,67599
2016-12-22,2.639,41401
2016-12-23,2.625,14101
2016-12-26,2.627,48479
2016-12-27,2.637,182713
2016-12-28,2.609,158850
2016-12-29,2.613,13454
2016-12-30,2.631,29731
2017-01-03,2.647,2796
2017-01-04,2.669,4266
2017-01-05,2.663,8283
2017-01-06,2.651,4549
2017-01-09,2.669,2707
2017-01-10,2.669,8546
2017-01-11,2.651,5196
2017-01-12,2.631,2955
2017-01-13,2.633,5398
2017-01-16,2.629,10103
2017-01-17,2.639,2119
2017-01-18,2.643,33895
2017-01-19,2.639,52906
2017-01-20,2.651,16606
2017-01-23,2.669,43748
2017-01-24,2.661,9781
2017-01-25,2.675,18507
2017-01-26,2.685,7628
2017-02-03,2.671,4843
2017-02-06,2.673,6923
2017-02-07,2.665,1537
2017-02-08,2.679,10892
2017-02-09,2.693,7737
2017-02-10,2.703,86607
2017-02-13,2.723,11436
2017-02-14,2.727,32118
2017-02-15,2.713,42255
2017-02-16,2.731,5613
2017-02-17,2.731,36241
2017-02-20,2.759,40988
2017-02-21,2.767,12843
2017-02-22,2.773,60590
2017-02-23,2.761,40038
2017-02-24,2.759,6201
2017-02-27,2.733,7982
2017-02-28,2.739,15017
2017-03-01,2.745,4279
2017-03-02,2.723,3582
2017-03-03,2.717,4248
2017-03-06,2.735,5762
2017-03-07,2.739,36103
2017-03-08,2.741,44702
2017-03-09,2.723,8061
2017-03-10,2.721,28337
2017-03-13,2.747,46888
2017-03-14,2.749,9791
2017-03-15,2.749,24930
2017-03-16,2.763,83304
2017-03-17,2.733,82425
2017-03-20,2.741,8271
2017-03-21,2.751,13324
2017-03-22,2.743,7155
2017-03-23,2.745,36502
2017-03-24,2.775,31877
2017-03-27,2.761,42593
2017-03-28,2.761,8173
2017-03-29,2.757,31106
2017-03-30,2.739,20143
2017-03-31,2.749,2718
2017-04-05,2.791,15833
2017-04-06,2.791,27502
2017-04-07,2.801,67448
2017-04-10,2.787,45620
2017-04-11,2.801,83560
2017-04-12,2.789,7381
2017-04-13,2.797,8596
2017-04-14,2.773,4962
2017-04-17,2.773,8675
2017-04-18,2.759,7109
2017-04-19,2.743,21245
2017-04-20,2.755,6992
2017-04-21,2.759,5341
2017-04-24,2.727,22127
2017-04-25,2.749,48909
2017-04-26,2.737,16850
2017-04-27,2.737,8953
2017-04-28,2.733,6970
2017-05-02,2.725,5689
2017-05-03,2.717,4015
2017-05-04,2.705,6358
2017-05-05,2.687,8856
2017-05-08,2.673,20933
2017-05-09,2.671,7643
2017-05-10,2.659,5136
2017-05-11,2.667,49513
2017-05-12,2.693,18243
2017-05-15,2.707,4358
2017-05-16,2.731,6155
2017-05-17,2.717,7620
2017-05-18,2.703,21729
2017-05-19,2.709,2511
2017-05-22,2.717,5167
2017-05-23,2.725,3802
2017-05-24,2.723,3360
2017-05-25,2.777,38783
2017-05-26,2.773,4383
2017-05-31,2.791,36878
2017-06-01,2.781,22561
2017-06-02,2.773,29861
2017-06-05,2.765,2979
2017-06-06,2.783,29739
2017-06-07,2.817,17008
2017-06-08,2.851,112896
2017-06-09,2.861,44625
2017-06-12,2.851,123816
2017-06-13,2.867,9435
2017-06-14,2.833,10588
2017-06-15,2.827,7932
2017-06-16,2.821,3913
2017-06-19,2.849,12032
2017-06-20,2.847,8232
2017-06-21,2.877,10059
2017-06-22,2.891,43303
2017-06-23,2.915,24240
2017-06-26,2.951,32726
2017-06-27,2.947,36430
2017-06-28,2.935,64924
2017-06-29,2.945,27553
2017-06-30,2.943,15825
2017-07-03,2.935,67178
2017-07-04,2.907,11794
2017-07-05,2.939,40115
2017-07-06,2.947,45388
2017-07-07,2.945,7957
2017-07-10,2.947,5310
2017-07-11,2.961,51445
2017-07-12,2.951,50577
2017-07-13,2.971,69190
2017-07-14,2.999,88625
2017-07-17,2.971,29439
2017-07-18,2.961,17512
2017-07-19,3.021,39898
2017-07-20,3.031,41955
2017-07-21,3.021,23740
2017-07-24,3.037,46247
2017-07-25,3.013,34197
2017-07-26,2.997,42176
2017-07-27,3.007,9711
2017-07-28,3.013,5892
2017-07-31,3.027,39750
2017-08-01,3.057,77049
2017-08-02,3.047,40639
2017-08-03,3.021,33177
2017-08-04,3.007,15371
2017-08-07,3.029,30580
2017-08-08,3.023,10924
2017-08-09,3.031,5356
2017-08-10,3.019,29135
2017-08-11,2.957,23187
2017-08-14,3.003,28715
2017-08-15,3.013,38563
2017-08-16,3.005,2992
2017-08-17,3.025,24920
2017-08-18,3.035,21670
2017-08-21,3.041,19511
2017-08-22,3.047,22997
2017-08-23,3.055,20548
2017-08-24,3.037,5117
2017-08-25,3.087,16275
2017-08-28,3.127,56656
2017-08-29,3.121,5742
2017-08-30,3.121,11421
2017-08-31,3.111,15147
2017-09-01,3.121,7861
2017-09-04,3.131,10113
2017-09-05,3.141,12883
2017-09-06,3.137,46209
2017-09-07,3.121,8562
2017-09-08,3.117,6977
2017-09-11,3.115,5753
2017-09-12,3.121,11239
2017-09-13,3.123,6697
2017-09-14,3.113,21661
2017-09-15,3.117,7694
2017-09-18,3.137,21139
2017-09-19,3.121,10746
2017-09-20,3.125,29244
2017-09-21,3.127,31542
2017-09-22,3.125,23688
2017-09-25,3.105,18261
2017-09-26,3.105,2782
2017-09-27,3.111,8972
2017-09-28,3.111,24905
2017-09-29,3.129,26949
2017-10-09,3.169,38203
2017-10-10,3.169,30587
2017-10-11,3.177,25077
2017-10-12,3.185,22807
2017-10-13,3.195,7931
2017-10-16,3.189,18846
2017-10-17,3.189,10311
2017-10-18,3.207,32638
2017-10-19,3.207,25018
2017-10-20,3.199,34948
2017-10-23,3.203,39586
2017-10-24,3.229,25007
2017-10-25,3.247,40277
2017-10-26,3.271,36177
2017-10-27,3.277,10225
2017-10-30,3.275,29100
2017-10-31,3.269,8253
2017-11-01,3.271,16912
2017-11-02,3.271,6848
2017-11-03,3.257,34158
2017-11-06,3.265,20903
2017-11-07,3.305,29981
2017-11-08,3.307,45094
2017-11-09,3.329,22715
2017-11-10,3.353,17951
2017-11-13,3.371,51948
2017-11-14,3.355,18632
2017-11-15,3.329,29725
2017-11-16,3.347,23377
2017-11-17,3.361,32343
2017-11-20,3.381,18766
2017-11-21,3.451,31306
2017-11-22,3.455,33673
2017-11-23,3.353,56563
2017-11-24,3.359,40269
2017-11-27,3.301,24702
2017-11-28,3.307,13196
2017-11-29,3.303,16318
2017-11-30,3.269,19923
2017-12-01,3.257,11706
2017-12-04,3.273,15570
2017-12-05,3.293,20416
2017-12-06,3.271,44326
2017-12-07,3.229,40066
2017-12-08,3.267,12084
2017-12-11,3.315,27359
2017-12-12,3.269,36864
2017-12-13,3.299,15178
2017-12-14,3.277,15949
2017-12-15,3.237,19258
2017-12-18,3.241,15101
2017-12-19,3.283,36000
2017-12-20,3.269,12040
2017-12-21,3.307,34822
2017-12-22,3.297,15892
2017-12-25,3.285,34928
2017-12-26,3.289,31230
2017-12-27,3.239,34521
2017-12-28,3.265,31928
2017-12-29,3.277,9716
2018-01-02,3.325,21734
2018-01-03,3.343,47497
2018-01-04,3.353,42660
2018-01-05,3.367,43663
2018-01-08,3.389,80332
2018-01-09,3.413,43901
2018-01-10,3.431,35381
2018-01-11,3.423,16974
2018-01-12,3.439,50741
2018-01-15,3.437,93799
2018-01-16,3.467,22127
2018-01-17,3.467,61071
2018-01-18,3.481,59712
2018-01-19,3.489,52222
2018-01-22,3.539,67744
2018-01-23,3.573,66180
2018-01-24,3.583,46464
2018-01-25,3.561,34178
2018-01-26,3.575,22695
2018-01-29,3.509,43276
2018-01-30,3.465,33796
2018-01-31,3.485,59964
2018-02-01,3.455,34328
2018-02-02,3.487,64574
2018-02-05,3.479,35732
2018-02-06,3.379,58247
2018-02-07,3.309,72817
2018-02-08,3.275,59316
2018-02-09,3.103,133385
2018-02-12,3.155,40361
2018-02-13,3.201,40700
2018-02-14,3.229,24978
2018-02-22,3.293,30962
2018-02-23,3.305,38752
2018-02-26,3.351,46654
2018-02-27,3.309,22352
2018-02-28,3.273,18416
2018-03-01,3.291,13635
2018-03-02,3.277,16987
2018-03-05,3.271,16611
2018-03-06,3.315,19788
2018-03-07,3.295,16760
2018-03-08,3.317,23317
2018-03-09,3.345,20379
2018-03-12,3.359,20815
2018-03-13,3.325,18345
2018-03-14,3.317,13878
2018-03-15,3.329,18088
2018-03-16,3.305,30297
2018-03-19,3.313,14957
2018-03-20,3.307,23506
2018-03-21,3.301,60326
2018-03-22,3.261,27288
2018-03-23,3.151,61486
2018-03-26,3.145,20863
2018-03-27,3.169,25758
2018-03-28,3.115,20494
2018-03-29,3.171,24395
2018-03-30,3.169,13645
2018-04-02,3.159,23075
2018-04-03,3.131,8876
2018-04-04,3.129,12857
2018-04-09,3.133,25165
2018-04-10,3.193,43975
2018-04-11,3.201,23257
2018-04-12,3.169,16998
2018-04-13,3.155,21334
2018-04-16,3.093,29977
2018-04-17,3.047,37168
2018-04-18,3.061,33755
2018-04-19,3.093,18356
2018-04-20,3.057,15083
2018-04-23,3.055,19594
2018-04-24,3.121,35876
2018-04-25,3.111,19143
2018-04-26,3.051,19335
2018-04-27,3.067,23120
2018-05-02,3.057,44674
2018-05-03,3.081,17524
2018-05-04,3.069,13272
2018-05-07,3.109,32067
2018-05-08,3.149,22087
2018-05-09,3.143,14815
2018-05-10,3.159,17655
2018-05-11,3.147,12162
2018-05-14,3.173,23508
2018-05-15,3.189,21701
2018-05-16,3.163,14373
2018-05-17,3.141,32927
2018-05-18,3.169,16299
2018-05-21,3.185,36264
2018-05-22,3.179,14943
2018-05-23,3.139,17908
2018-05-24,3.109,23185
2018-05-25,3.097,27589
2018-05-28,3.111,7077
2018-05-29,3.091,17368
2018-05-30,3.047,22201
2018-05-31,3.087,20826
2018-06-01,3.071,9963
2018-06-04,3.103,10345
2018-06-05,3.129,14882
2018-06-06,3.117,13086
2018-06-07,3.117,9725
2018-06-08,3.077,12713
2018-06-11,3.083,22351
2018-06-12,3.113,17854
2018-06-13,3.093,25106
2018-06-14,3.079,29699
2018-06-15,3.065,44653
2018-06-19,2.947,72342
2018-06-20,2.967,36129
2018-06-21,2.929,27943
2018-06-22,2.947,20142
2018-06-25,2.913,18370
2018-06-26,2.885,45489
2018-06-27,2.841,79068
2018-06-28,2.795,23948
2018-06-29,2.869,54521
2018-07-02,2.801,156341
2018-07-03,2.787,360477
2018-07-04,2.741,33907
2018-07-05,2.723,40384
2018-07-06,2.761,57047
2018-07-09,2.833,24861
2018-07-10,2.837,28394
2018-07-11,2.805,43506
2018-07-12,2.855,31447
2018-07-13,2.873,23182
2018-07-16,2.859,23826
2018-07-17,2.841,17849
2018-07-18,2.829,14663
2018-07-19,2.821,11688
2018-07-20,2.873,22828
2018-07-23,2.901,41259
2018-07-24,2.957,42795
2018-07-25,2.947,22963
2018-07-26,2.911,32571
2018-07-27,2.907,9807
2018-07-30,2.897,16118
2018-07-31,2.899,10630
2018-08-01,2.839,62755
2018-08-02,2.781,121567
2018-08-03,2.761,37353
2018-08-06,2.689,122006
2018-08-07,2.779,29956
2018-08-08,2.729,59018
2018-08-09,2.801,38429
2018-08-10,2.807,23911
2018-08-13,2.797,50101
2018-08-14,2.783,12058
2018-08-15,2.711,144215
2018-08-16,2.701,26217
2018-08-17,2.681,34429
2018-08-20,2.695,76600
2018-08-21,2.745,44622
2018-08-22,2.733,12880
2018-08-23,2.735,92801
2018-08-24,2.745,28463
2018-08-27,2.801,86011
2018-08-28,2.801,42935
2018-08-29,2.791,131567
2018-08-30,2.771,174583
2018-08-31,2.741,40255
2018-09-03,2.737,58017
2018-09-04,2.773,57985
2018-09-05,2.721,59863
2018-09-06,2.699,70344
2018-09-07,2.711,24300
2018-09-10,2.677,59712
2018-09-11,2.665,35843
2018-09-12,2.651,36855
2018-09-13,2.669,41781
2018-09-14,2.671,13652
2018-09-17,2.647,58889
2018-09-18,2.691,56373
2018-09-19,2.725,205842
2018-09-20,2.731,60069
2018-09-21,2.815,261036
2018-09-25,2.785,108290
2018-09-26,2.819,217659
2018-09-27,2.813,52186
2018-09-28,2.845,47750
2018-10-08,2.715,230377
2018-10-09,2.719,73194
2018-10-10,2.709,35128
2018-10-11,2.559,211179
2018-10-12,2.615,81490
2018-10-15,2.585,65396
2018-10-16,2.563,76410
2018-10-17,2.571,130113
2018-10-18,2.517,120530
2018-10-19,2.579,128670
2018-10-22,2.719,197437
2018-10-23,2.655,102274
2018-10-24,2.633,132058
2018-10-25,2.631,86315
2018-10-26,2.611,53581
2018-10-29,2.537,118766
2018-10-30,2.559,130163
2018-10-31,2.591,199675
2018-11-01,2.611,74242
2018-11-02,2.709,176784
2018-11-05,2.691,111652
2018-11-06,2.675,64439
2018-11-07,2.653,60563
2018-11-08,2.655,72504
2018-11-09,2.615,128058
2018-11-12,2.643,104944
2018-11-13,2.667,116740
2018-11-14,2.641,64330
2018-11-15,2.675,93206
2018-11-16,2.689,69399
2018-11-19,2.713,51749
2018-11-20,2.661,119151
2018-11-21,2.661,43741
2018-11-22,2.653,60262
2018-11-23,2.613,115271
2018-11-26,2.593,131854
2018-11-27,2.583,60027
2018-11-28,2.619,103071
2018-11-29,2.587,67236
2018-11-30,2.611,64336
2018-12-03,2.689,152694
2018-12-04,2.693,74968
2018-12-05,2.681,82142
2018-12-06,2.623,75469
2018-12-07,2.621,44492
2018-12-10,2.595,94637
2018-12-11,2.607,44117
2018-12-12,2.613,53916
2018-12-13,2.659,178847
2018-12-14,2.609,69840
2018-12-17,2.607,105949
2018-12-18,2.575,88582
2018-12-19,2.545,67532
2018-12-20,2.533,106034
2018-12-21,2.493,212981
2018-12-24,2.501,66099
2018-12-25,2.483,139476
2018-12-26,2.473,62790
2018-12-27,2.469,123853
2018-12-28,2.465,178494
2019-01-02,2.435,160192
2019-01-03,2.433,71657
2019-01-04,2.499,285676
2019-01-07,2.505,102079
2019-01-08,2.507,45753
2019-01-09,2.529,207385
2019-01-10,2.527,55060
2019-01-11,2.549,82283
2019-01-14,2.525,63596
2019-01-15,2.573,104634
2019-01-16,2.573,55089
2019-01-17,2.559,62076
2019-01-18,2.607,113973
2019-01-21,2.621,93454
2019-01-22,2.587,61465
2019-01-23,2.581,65166
2019-01-24,2.599,74523
2019-01-25,2.619,180265
2019-01-28,2.621,125216
2019-01-29,2.629,94470
2019-01-30,2.617,64073
2019-01-31,2.639,67356
2019-02-01,2.685,125694
2019-02-11,2.731,240152
2019-02-12,2.745,122252
2019-02-13,2.805,218521
2019-02-14,2.809,106059
2019-02-15,2.761,172114
2019-02-18,2.839,160062
2019-02-19,2.837,215218
2019-02-20,2.845,414786
2019-02-21,2.841,171924
2019-02-22,2.915,181990
2019-02-25,3.123,371499
2019-02-26,3.061,433508
2019-02-27,3.049,230459
2019-02-28,3.039,156533
2019-03-01,3.101,502583
2019-03-04,3.147,701562
2019-03-05,3.161,264959
2019-03-06,3.191,261925
2019-03-07,3.145,293840
2019-03-08,3.027,378893
2019-03-11,3.077,267526
2019-03-12,3.105,254478
2019-03-13,3.081,160591
2019-03-14,3.057,240638
2019-03-15,3.099,179753
2019-03-18,3.197,229825
2019-03-19,3.179,165006
2019-03-20,3.179,155552
2019-03-21,3.173,187994
2019-03-22,3.177,144304
2019-03-25,3.115,218492
2019-03-26,3.071,204214
2019-03-27,3.095,175877
2019-03-28,3.085,145395
2019-03-29,3.211,260347
2019-04-01,3.303,253070
2019-04-02,3.293,298704
2019-04-03,3.337,365618
2019-04-04,3.379,478231
2019-04-08,3.361,340580
2019-04-09,3.377,173975
2019-04-10,3.389,187210
2019-04-11,3.327,203419
2019-04-12,3.315,91918
2019-04-15,3.299,295691
2019-04-16,3.397,204821
2019-04-17,3.391,104598
2019-04-18,3.385,95158
2019-04-19,3.431,305942
2019-04-22,3.361,295275
2019-04-23,3.345,242052
2019-04-24,3.345,139842
2019-04-25,3.279,183684
2019-04-26,3.233,320882
2019-04-29,3.241,249223
2019-04-30,3.247,232283
2019-05-06,3.065,529639
2019-05-07,3.087,258308
2019-05-08,3.043,231528
2019-05-09,2.991,289658
2019-05-10,3.089,402723
2019-05-13,3.045,250143
2019-05-14,3.027,223256
2019-05-15,3.087,220422
2019-05-16,3.109,277742
2019-05-17,3.031,890526
2019-05-20,2.999,830426
2019-05-21,3.037,546879
2019-05-22,3.035,299142
2019-05-23,2.981,523759
2019-05-24,2.985,440083
2019-05-27,3.023,488259
2019-05-28,3.035,504669
2019-05-29,3.043,503847
2019-05-30,3.035,563618
2019-05-31,3.023,552454
2019-06-03,3.029,678060
2019-06-04,3.001,552984
2019-06-05,2.993,528295
2019-06-06,2.967,664125
2019-06-10,3.009,622357
2019-06-11,3.101,910214
2019-06-12,3.081,372078
2019-06-13,3.077,506682
2019-06-14,3.057,518468
2019-06-17,3.057,480820
2019-06-18,3.063,540962
2019-06-19,3.117,735695
2019-06-20,3.207,984591
2019-06-21,3.215,731202
2019-06-24,3.219,421117
2019-06-25,3.185,687049
2019-06-26,3.181,431560
2019-06-27,3.221,731877
2019-06-28,3.221,575301
2019-07-01,3.307,835663
2019-07-02,3.305,402966
2019-07-03,3.277,582473
2019-07-04,3.255,556700
2019-07-05,3.273,630489
2019-07-08,3.197,689128
2019-07-09,3.191,468508
2019-07-10,3.189,461966
2019-07-11,3.189,558101
2019-07-12,3.213,525622
2019-07-15,3.229,674630
2019-07-16,3.215,366666
2019-07-17,3.211,337776
2019-07-18,3.187,398678
2019-07-19,3.219,485996
2019-07-22,3.197,557291
2019-07-23,3.205,384078
2019-07-24,3.231,484078
2019-07-25,3.259,445025
2019-07-26,3.269,575399
2019-07-29,3.263,463668
2019-07-30,3.277,557593
2019-07-31,3.249,926946
2019-08-01,3.223,690449
2019-08-02,3.171,837065
2019-08-05,3.113,1215242
2019-08-06,3.071,1328427
2019-08-07,3.059,608389
2019-08-08,3.101,485490
2019-08-09,3.077,574781
2019-08-12,3.127,594697
2019-08-13,3.105,586296
2019-08-14,3.121,674352
2019-08-15,3.131,808363
2019-08-16,3.143,796236
2019-08-19,3.219,709182
2019-08-20,3.205,613420
2019-08-21,3.207,487994
2019-08-22,3.211,534176
2019-08-23,3.237,815310
2019-08-26,3.195,806984
2019-08-27,3.237,746304
2019-08-28,3.223,501942
2019-08-29,3.217,783659
2019-08-30,3.225,585315
2019-09-02,3.261,625293
2019-09-03,3.265,599628
2019-09-04,3.303,982990
2019-09-05,3.335,646010
2019-09-06,3.355,712490
2019-09-09,3.375,730184
2019-09-10,3.363,414863
2019-09-11,3.339,462820
2019-09-12,3.371,475052
2019-09-16,3.367,550344
2019-09-17,3.305,543422
2019-09-18,3.315,484518
2019-09-19,3.333,456073
2019-09-20,3.335,439703
2019-09-23,3.307,607230
2019-09-24,3.309,491552
2019-09-25,3.283,500735
2019-09-26,3.263,480693
2019-09-27,3.271,391741
2019-09-30,3.227,461285
2019-10-08,3.253,421806
2019-10-09,3.263,345835
2019-10-10,3.291,459777
2019-10-11,3.327,499445
2019-10-14,3.355,610848
2019-10-15,3.345,369126
2019-10-16,3.333,404529
2019-10-17,3.333,358832
2019-10-18,3.285,643382
2019-10-21,3.291,426579
2019-10-22,3.311,545530
2019-10-23,3.289,397971
2019-10-24,3.287,520893
2019-10-25,3.309,824756
2019-10-28,3.331,644676
2019-10-29,3.319,339457
2019-10-30,3.303,412081
2019-10-31,3.301,331456
2019-11-01,3.363,583849
2019-11-04,3.379,452166
2019-11-05,3.401,467608
2019-11-06,3.389,393532
2019-11-07,3.391,439163
2019-11-08,3.381,453723
2019-11-11,3.319,585629
2019-11-12,3.315,451969
2019-11-13,3.313,625140
2019-11-14,3.317,660262
2019-11-15,3.297,450023
2019-11-18,3.319,673762
2019-11-19,3.355,529665
2019-11-20,3.319,360843
2019-11-21,3.303,553132
2019-11-22,3.269,598025
2019-11-25,3.289,519594
2019-11-26,3.299,509496
2019-11-27,3.295,388025
2019-11-28,3.287,321490
2019-11-29,3.245,635394
2019-12-02,3.257,426476
2019-12-03,3.271,355449
2019-12-04,3.273,459249
2019-12-05,3.297,780551
2019-12-06,3.317,557970
2019-12-09,3.311,388538
2019-12-10,3.317,572979
2019-12-11,3.319,438757
2019-12-12,3.311,494515
2019-12-13,3.383,772233
2019-12-16,3.387,563208
2019-12-17,3.445,706095
2019-12-18,3.427,464728
2019-12-19,3.427,716247
2019-12-20,3.421,489119
2019-12-23,3.373,611374
2019-12-24,3.397,574072
2019-12-25,3.401,556133
2019-12-26,3.421,551027
2019-12-27,3.423,682386
2019-12-30,3.481,661260
2019-12-31,3.489,475432
2020-01-02,3.533,711037
2020-01-03,3.529,510689
2020-01-06,3.513,682111
2020-01-07,3.537,661551
2020-01-08,3.507,899086
2020-01-09,3.543,698144
2020-01-10,3.547,621986
2020-01-13,3.585,541117
2020-01-14,3.571,797582
2020-01-15,3.543,526872
2020-01-16,3.537,771203
2020-01-17,3.539,461526
2020-01-20,3.567,957226
2020-01-21,3.505,691539
2020-01-22,3.517,662685
2020-01-23,3.419,789090
2020-02-03,3.071,1326193
2020-02-04,3.207,865622
2020-02-05,3.245,695254
2020-02-06,3.315,636605
2020-02-07,3.317,531681
2020-02-10,3.321,521014
2020-02-11,3.361,513639
2020-02-12,3.389,431559
2020-02-13,3.375,521087
2020-02-14,3.389,488549
2020-02-17,3.467,565985
2020-02-18,3.451,558077
2020-02-19,3.447,579187
2020-02-20,3.531,855694
2020-02-21,3.543,740567
2020-02-24,3.509,987717
2020-02-25,3.507,861566
2020-02-26,3.473,1152856
2020-02-27,3.475,776569
2020-02-28,3.369,991652
2020-03-02,3.477,620693
2020-03-03,3.481,756681
2020-03-04,3.501,622787
2020-03-05,3.583,825184
2020-03-06,3.529,548222
2020-03-09,3.413,800423
2020-03-10,3.483,1053616
2020-03-11,3.431,840565
2020-03-12,3.373,801772
2020-03-13,3.331,1135374
2020-03-16,3.167,1080306
2020-03-17,3.147,1185747
2020-03-18,3.087,1251612
2020-03-19,3.053,1208431
2020-03-20,3.113,805792
2020-03-23,2.999,965831
2020-03-24,3.067,1054617
2020-03-25,3.157,981637
2020-03-26,3.137,732626
2020-03-27,3.153,703741
2020-03-30,3.121,702545
2020-03-31,3.123,783659
2020-04-01,3.119,724538
2020-04-02,3.177,733628
2020-04-03,3.153,889946
2020-04-07,3.221,1012907
2020-04-08,3.211,678714
2020-04-09,3.221,893339
2020-04-10,3.207,887892
2020-04-13,3.187,620505
2020-04-14,3.249,981224
2020-04-15,3.231,716031
2020-04-16,3.231,883789
2020-04-17,3.267,1271093
2020-04-20,3.273,877270
2020-04-21,3.237,923545
2020-04-22,3.269,998532
2020-04-23,3.261,943145
2020-04-24,3.229,1006305
2020-04-27,3.253,1452649
2020-04-28,3.273,1543009
2020-04-29,3.287,1346140
2020-04-30,3.339,1486875
2020-05-06,3.351,2019198
2020-05-07,3.343,1579034
2020-05-08,3.379,1459090
2020-05-11,3.373,912283
2020-05-12,3.373,1409479
2020-05-13,3.383,1953412
2020-05-14,3.353,1570776
2020-05-15,3.331,1331853
2020-05-18,3.343,1103467
2020-05-19,3.373,946616
2020-05-20,3.353,1093665
2020-05-21,3.333,1117083
2020-05-22,3.261,1159892
2020-05-25,3.259,1078499
2020-05-26,3.305,1414370
2020-05-27,3.289,996341
2020-05-28,3.291,1027787
2020-05-29,3.297,995916
2020-06-01,3.391,1307094
2020-06-02,3.405,1076013
2020-06-03,3.405,944395
2020-06-04,3.405,947234
2020-06-05,3.429,904829
2020-06-08,3.443,866394
2020-06-09,3.459,1120150
2020-06-10,3.463,933618
2020-06-11,3.425,1289463
2020-06-12,3.433,1356566
2020-06-15,3.391,1103341
2020-06-16,3.439,1232574
2020-06-17,3.443,938507
2020-06-18,3.475,909402
2020-06-19,3.511,1185646
2020-06-22,3.519,1255645
2020-06-23,3.545,1265991
2020-06-24,3.569,1006930
2020-06-29,3.541,1087075
2020-06-30,3.589,1364633
2020-07-01,3.665,1573711
2020-07-02,3.747,1711856
2020-07-03,3.827,1657705
2020-07-06,4.124,2055804
2020-07-07,4.085,2178929
2020-07-08,4.132,1663615
2020-07-09,4.21,1720850
2020-07-10,4.13,1438852
2020-07-13,4.216,1614912
2020-07-14,4.18,1848015
2020-07-15,4.134,1413511
2020-07-16,3.941,1849980
2020-07-17,3.953,1621044
2020-07-20,4.079,1305121
2020-07-21,4.095,1393111
2020-07-22,4.116,1412012
2020-07-23,4.112,1366760
2020-07-24,3.945,1504211
2020-07-27,3.953,1011338
2020-07-28,3.983,1132512
2020-07-29,4.097,1713677
2020-07-30,4.067,948618
2020-07-31,4.097,1710140
2020-08-03,4.174,1730101
2020-08-04,4.17,1361172
2020-08-05,4.172,1183326
2020-08-06,4.164,1647259
2020-08-07,4.124,1620193
2020-08-10,4.138,1121050
2020-08-11,4.091,1259380
2020-08-12,4.059,1197752
2020-08-13,4.047,982318
2020-08-14,4.128,1323855
2020-08-17,4.22,1378134
2020-08-18,4.214,1057577
2020-08-19,4.15,1179932
2020-08-20,4.097,1021540
2020-08-21,4.14,1277046
2020-08-24,4.164,1140216
2020-08-25,4.176,891628
2020-08-26,4.124,1165794
2020-08-27,4.152,839408
2020-08-28,4.256,1810803
2020-08-31,4.23,1422248
2020-09-01,4.248,913757
2020-09-02,4.242,1312350
2020-09-03,4.228,1039371
2020-09-04,4.19,1244606
2020-09-07,4.102,978647
2020-09-08,4.114,1192516
2020-09-09,4.021,1275171
2020-09-10,4.015,975553
2020-09-11,4.055,1028459
2020-09-14,4.073,832507
2020-09-15,4.106,796016
2020-09-16,4.085,735875
2020-09-17,4.061,829251
2020-09-18,4.164,1042391
2020-09-21,4.116,883683
2020-09-22,4.065,1174357
2020-09-23,4.077,930114
2020-09-24,4.005,945543
2020-09-25,4.013,764718
2020-09-28,4.021,610041
2020-09-29,4.029,817747
2020-09-30,4.015,995807
2020-10-09,4.106,730362
2020-10-12,4.236,780458
2020-10-13,4.252,1024142
2020-10-14,4.226,688653
2020-10-15,4.22,714226
2020-10-16,4.214,716866
2020-10-19,4.178,965559
2020-10-20,4.208,810600
2020-10-21,4.216,918908
2020-10-22,4.2,804857
2020-10-23,4.156,1049585
2020-10-26,4.114,978193
2020-10-27,4.134,910471
2020-10-28,4.164,679981
2020-10-29,4.206,832266
2020-10-30,4.126,1072211
2020-11-02,4.148,892639
2020-11-03,4.2,1026827
2020-11-04,4.228,984117
2020-11-05,4.298,978910
2020-11-06,4.3,1038252
2020-11-09,4.384,1014468
2020-11-10,4.36,1199922
2020-11-11,4.316,1181130
2020-11-12,4.318,1616027
2020-11-13,4.274,1231134
2020-11-16,4.32,904120
2020-11-17,4.308,1035861
2020-11-18,4.302,933593
2020-11-19,4.34,932437
2020-11-20,4.354,727800
2020-11-23,4.404,1283530
2020-11-24,4.38,742698
2020-11-25,4.33,913473
2020-11-26,4.328,912088
2020-11-27,4.396,917349
2020-11-30,4.374,991229
2020-12-01,4.472,1165924
2020-12-02,4.468,1130677
2020-12-03,4.462,670658
2020-12-04,4.472,666233
2020-12-07,4.43,696043
2020-12-08,4.418,696395
2020-12-09,4.364,786175
2020-12-10,4.356,795810
2020-12-11,4.304,959578
2020-12-14,4.34,783602
2020-12-15,4.352,679598
2020-12-16,4.36,598887
2020-12-17,4.428,824260
2020-12-18,4.408,684747
2020-12-21,4.44,680400
2020-12-22,4.37,920744
2020-12-23,4.408,753928
2020-12-24,4.408,725005
2020-12-25,4.446,709792
2020-12-28,4.464,793588
2020-12-29,4.448,824115
2020-12-30,4.504,831692
2020-12-31,4.598,703268
2021-01-04,4.646,1349399
2021-01-05,4.73,1364021
2021-01-06,4.778,1125798
2021-01-07,4.878,955362
2021-01-08,4.86,1083076
2021-01-11,4.802,966930
2021-01-12,4.948,1202946
2021-01-13,4.926,931067
2021-01-14,4.834,927106
2021-01-15,4.822,1056850
2021-01-18,4.872,935991
2021-01-19,4.802,813193
2021-01-20,4.83,690091
2021-01-21,4.916,793181
2021-01-22,4.914,752128
2021-01-25,4.968,647607
2021-01-26,4.876,606675
2021-01-27,4.882,896822
2021-01-28,4.75,1072563
2021-01-29,4.73,1227206
2021-02-01,4.778,1058825
2021-02-02,4.852,734823
2021-02-03,4.848,890034
2021-02-04,4.838,983108
2021-02-05,4.846,702572
2021-02-08,4.904,937499
2021-02-09,5.028,711419
2021-02-10,5.14,833200
2021-02-18,5.108,1174698
2021-02-19,5.1,1308397
2021-02-22,4.946,1085483
2021-02-23,4.932,718542
2021-02-24,4.794,1180456
2021-02-25,4.84,1145861
2021-02-26,4.712,1207564
2021-03-01,4.782,788199
2021-03-02,4.726,604050
2021-03-03,4.816,616114
2021-03-04,4.676,752152
2021-03-05,4.648,945564
2021-03-08,4.48,971913
2021-03-09,4.384,1333223
2021-03-10,4.402,1339986
2021-03-11,4.52,1001845
2021-03-12,4.532,713133
2021-03-15,4.444,546743
2021-03-16,4.47,533529
2021-03-17,4.49,605106
2021-03-18,4.53,612423
2021-03-19,4.412,619564
2021-03-22,4.45,430373
2021-03-23,4.414,630992
2021-03-24,4.35,926504
2021-03-25,4.346,520913
2021-03-26,4.436,688896
2021-03-29,4.442,773162
2021-03-30,4.484,505339
2021-03-31,4.45,627947
2021-04-01,4.512,379925
2021-04-02,4.552,420417
2021-04-06,4.524,370919
2021-04-07,4.5,383434
2021-04-08,4.51,370365
2021-04-09,4.446,497616
2021-04-12,4.366,804017
2021-04-13,4.36,831972
2021-04-14,4.386,802914
2021-04-15,4.364,664663
2021-04-16,4.382,961137
2021-04-19,4.494,907752
2021-04-20,4.486,910502
2021-04-21,4.49,650821
2021-04-22,4.488,674176
2021-04-23,4.538,508310
2021-04-26,4.474,787142
2021-04-27,4.494,560197
2021-04-28,4.526,530338
2021-04-29,4.564,1321068
2021-04-30,4.534,829354
2021-05-06,4.468,573809
2021-05-07,4.416,1272358
2021-05-10,4.412,685321
2021-05-11,4.436,804705
2021-05-12,4.462,547076
2021-05-13,4.412,592725
2021-05-14,4.526,901887
2021-05-17,4.582,787431
2021-05-18,4.582,643936
2021-05-19,4.572,704640
2021-05-20,4.588,733316
2021-05-21,4.54,995067
2021-05-24,4.558,550377
2021-05-25,4.71,1415905
2021-05-26,4.71,686872
2021-05-27,4.726,778444
2021-05-28,4.714,739062
2021-05-31,4.72,570808
2021-06-01,4.728,821454
2021-06-02,4.692,764891
2021-06-03,4.652,559972
2021-06-04,4.682,680716
2021-06-07,4.678,858078
2021-06-08,4.644,854305
2021-06-09,4.646,559434
2021-06-10,4.678,796664
2021-06-11,4.632,651946
2021-06-15,4.58,737353
2021-06-16,4.518,939503
2021-06-17,4.526,557914
2021-06-18,4.53,525094
2021-06-21,4.524,742451
2021-06-22,4.552,847147
2021-06-23,4.578,540226
2021-06-24,4.59,459206
2021-06-25,4.666,773549
2021-06-28,4.668,575386
2021-06-29,4.624,523517
2021-06-30,4.654,581678
2021-07-01,4.638,782588
2021-07-02,4.526,568914
2021-07-05,4.534,437828
2021-07-06,4.534,591518
2021-07-07,4.582,591048
2021-07-08,4.542,654508
2021-07-09,4.522,799059
2021-07-12,4.582,636782
2021-07-13,4.596,537315
2021-07-14,4.544,796817
2021-07-15,4.606,716879
2021-07-16,4.57,675729
2021-07-19,4.582,574863
2021-07-20,4.568,924574
2021-07-21,4.604,1243457
2021-07-22,4.61,714823
2021-07-23,4.564,582040
2021-07-26,4.414,1158997
2021-07-27,4.256,1031891
2021-07-28,4.258,924117
2021-07-29,4.332,1059391
2021-07-30,4.302,472617
2021-08-02,4.408,787864
2021-08-03,4.416,630173
2021-08-04,4.448,572304
2021-08-05,4.424,516320
2021-08-06,4.412,301944
2021-08-09,4.462,577877
2021-08-10,4.52,804914
2021-08-11,4.496,620300
2021-08-12,4.462,528728
2021-08-13,4.442,555006
2021-08-16,4.438,630940
2021-08-17,4.336,779132
2021-08-18,4.384,685482
2021-08-19,4.354,819248
2021-08-20,4.276,866844
2021-08-23,4.332,667830
2021-08-24,4.388,694427
2021-08-25,4.394,661442
2021-08-26,4.324,531298
2021-08-27,4.338,745190
2021-08-30,4.318,709089
2021-08-31,4.316,502988
2021-09-01,4.382,992369
2021-09-02,4.374,615786
2021-09-03,4.354,665755
2021-09-06,4.43,1049069
2021-09-07,4.486,921583
2021-09-08,4.466,770398
2021-09-09,4.462,512507
2021-09-10,4.51,658180
2021-09-13,4.488,787100
2021-09-14,4.424,465692
2021-09-15,4.376,430632
2021-09-16,4.326,748111
2021-09-17,4.362,725757
2021-09-22,4.332,837913
2021-09-23,4.358,618668
2021-09-24,4.366,703752
2021-09-27,4.396,771524
2021-09-28,4.39,545445
2021-09-29,4.354,1112720
2021-09-30,4.37,1021834
2021-10-08,4.432,593713
2021-10-11,4.438,491573
2021-10-12,4.384,579715
2021-10-13,4.438,526411
2021-10-14,4.418,398211
2021-10-15,4.44,522844
2021-10-18,4.382,657087
2021-10-19,4.426,412202
2021-10-20,4.416,357611
2021-10-21,4.436,468195
2021-10-22,4.462,580491
2021-10-25,4.482,470932
2021-10-26,4.468,650034
2021-10-27,4.41,461597
2021-10-28,4.386,760850
2021-10-29,4.416,518268
2021-11-01,4.402,375058
2021-11-02,4.354,720924
2021-11-03,4.338,367238
2021-11-04,4.38,494041
2021-11-05,4.366,480254
2021-11-08,4.364,518666
2021-11-09,4.366,857614
2021-11-10,4.338,1188217
2021-11-11,4.406,433386
2021-11-12,4.406,626563
2021-11-15,4.398,647523
2021-11-16,4.398,777651
2021-11-17,4.394,450572
2021-11-18,4.36,729623
2021-11-19,4.402,626126
2021-11-22,4.422,509140
2021-11-23,4.418,296409
2021-11-24,4.428,245719
2021-11-25,4.414,483322
2021-11-26,4.382,660273
2021-11-29,4.37,382975
2021-11-30,4.358,375316
2021-12-01,4.366,257858
2021-12-02,4.376,263195
2021-12-03,4.416,401377
2021-12-06,4.412,803538
2021-12-07,4.436,584672
2021-12-08,4.504,642803
2021-12-09,4.582,783373
2021-12-10,4.568,604453
2021-12-13,4.584,692482
2021-12-14,4.558,703472
2021-12-15,4.514,474933
2021-12-16,4.538,474643
2021-12-17,4.472,660359
2021-12-20,4.404,927160
2021-12-21,4.422,520673
2021-12-22,4.424,534864
2021-12-23,4.458,957045
2021-12-24,4.448,776291
2021-12-27,4.442,1213230
2021-12-28,4.466,2176442
2021-12-29,4.402,568993
2021-12-30,4.436,767888
2021-12-31,4.446,513606
2022-01-04,4.432,578674
2022-01-05,4.388,510943
2022-01-06,4.338,523758
2022-01-07,4.346,477080
2022-01-10,4.356,603643
2022-01-11,4.32,764512
2022-01-12,4.364,425259
2022-01-13,4.29,605486
2022-01-14,4.252,514639
2022-01-17,4.288,479320
2022-01-18,4.33,590728
2022-01-19,4.31,506009
2022-01-20,4.342,966559
2022-01-21,4.314,812028
2022-01-24,4.314,447377
2022-01-25,4.22,860535
2022-01-26,4.242,676329
2022-01-27,4.17,888116
2022-01-28,4.116,1103481
2022-02-07,4.164,606734
2022-02-08,4.146,714049
2022-02-09,4.182,589194
2022-02-10,4.182,676002
2022-02-11,4.146,897651
2022-02-14,4.095,552640
2022-02-15,4.132,465274
2022-02-16,4.15,440534
2022-02-17,4.156,1252544
2022-02-18,4.182,436856
2022-02-21,4.168,473487
2022-02-22,4.116,623650
2022-02-23,4.156,497667
2022-02-24,4.077,947560
2022-02-25,4.11,559417
2022-02-28,4.118,661868
2022-03-01,4.152,643125
2022-03-02,4.12,426353
2022-03-03,4.093,331517
2022-03-04,4.045,609520
2022-03-07,3.907,638636
2022-03-08,3.825,805073
2022-03-09,3.803,1283649
2022-03-10,3.849,1064096
2022-03-11,3.871,1026585
2022-03-14,3.753,1430656
2022-03-15,3.575,1266198
2022-03-16,3.735,1957265
2022-03-17,3.801,1397289
2022-03-18,3.829,606004
2022-03-21,3.819,981902
2022-03-22,3.821,406104
2022-03-23,3.837,351070
2022-03-24,3.821,396789
2022-03-25,3.749,514966
2022-03-28,3.723,557624
2022-03-29,3.703,468655
2022-03-30,3.815,580853
2022-03-31,3.785,581909
2022-04-01,3.837,819525
2022-04-06,3.827,878247
2022-04-07,3.775,708429
2022-04-08,3.801,424818
2022-04-11,3.685,1101288
2022-04-12,3.747,624462
2022-04-13,3.717,865729
2022-04-14,3.759,670731
2022-04-15,3.755,429399
2022-04-18,3.739,766565
2022-04-19,3.715,452206
2022-04-20,3.661,831056
2022-04-21,3.583,1219428
2022-04-22,3.599,648003
2022-04-25,3.425,1736098
2022-04-26,3.385,1205932
2022-04-27,3.485,1015809
2022-04-28,3.511,1120846
2022-04-29,3.601,1153075
2022-05-05,3.593,619262
2022-05-06,3.503,619563
2022-05-09,3.471,913045
2022-05-10,3.515,745947
2022-05-11,3.561,960485
2022-05-12,3.547,631115
2022-05-13,3.573,563506
2022-05-16,3.545,599079
2022-05-17,3.589,492892
2022-05-18,3.577,669431
2022-05-19,3.581,792114
2022-05-20,3.661,1026089
2022-05-23,3.631,578166
2022-05-24,3.563,762913
2022-05-25,3.573,567563
2022-05-26,3.585,560267
2022-05-27,3.593,814698
2022-05-30,3.613,700763
2022-05-31,3.671,760930
2022-06-01,3.673,628706
2022-06-02,3.685,989758
2022-06-06,3.749,713962
2022-06-07,3.757,692405
2022-06-08,3.795,735121
2022-06-09,3.765,744227
2022-06-10,3.823,619625
2022-06-13,3.777,692311
2022-06-14,3.815,901751
2022-06-15,3.857,853580
2022-06-16,3.837,764373
2022-06-17,3.887,681961
2022-06-20,3.913,1153813
2022-06-21,3.911,1049068
2022-06-22,3.865,707241
2022-06-23,3.931,726450
2022-06-24,3.977,583492
2022-06-27,4.025,733965
2022-06-28,4.069,1379387
2022-06-29,4.023,1298545
2022-06-30,4.065,711828
2022-07-01,4.053,558192
2022-07-04,4.075,724718
2022-07-05,4.073,655268
2022-07-06,4.013,669940
2022-07-07,4.033,516595
2022-07-08,4.023,732308
2022-07-11,3.959,1202629
2022-07-12,3.923,636389
2022-07-13,3.931,555589
2022-07-14,3.933,562238
2022-07-15,3.871,647311
2022-07-18,3.917,641703
2022-07-19,3.897,464234
2022-07-20,3.905,591743
2022-07-21,3.865,547736
2022-07-22,3.865,618893
2022-07-25,3.847,544882
2022-07-26,3.877,502969
2022-07-27,3.857,475268
2022-07-28,3.861,707557
2022-07-29,3.807,820287
2022-08-01,3.819,594579
2022-08-02,3.761,1620855
2022-08-03,3.711,845787
2022-08-04,3.739,482085
2022-08-05,3.801,716046
2022-08-08,3.791,336767
2022-08-09,3.797,445728
2022-08-10,3.757,499811
2022-08-11,3.835,407646
2022-08-12,3.835,394375
2022-08-15,3.825,329818
2022-08-16,3.819,450545
2022-08-17,3.855,420715
2022-08-18,3.827,440561
2022-08-19,3.803,396007
2022-08-22,3.819,421951
2022-08-23,3.803,448273
2022-08-24,3.739,655286
2022-08-25,3.767,581742
2022-08-26,3.763,402064
2022-08-29,3.741,451644
2022-08-30,3.729,570730
2022-08-31,3.729,658245
2022-09-01,3.705,634076
2022-09-02,3.683,714684
2022-09-05,3.675,446707
2022-09-06,3.707,588159
2022-09-07,3.709,543618
2022-09-08,3.695,598033
2022-09-09,3.751,646443
2022-09-13,3.761,568986
2022-09-14,3.719,463777
2022-09-15,3.685,719814
2022-09-16,3.603,1126578
2022-09-19,3.591,600525
2022-09-20,3.593,524450
2022-09-21,3.565,603243
2022-09-22,3.539,571031
2022-09-23,3.527,866265
2022-09-26,3.505,790793
2022-09-27,3.551,664391
2022-09-28,3.503,644711
2022-09-29,3.501,814570
2022-09-30,3.485,716150
2022-10-10,3.407,937471
2022-10-11,3.403,578897
2022-10-12,3.453,885283
2022-10-13,3.425,1482417
2022-10-14,3.503,627165
2022-10-17,3.507,506492
2022-10-18,3.505,525441
2022-10-19,3.447,553185
2022-10-20,3.435,527664
2022-10-21,3.425,471897
2022-10-24,3.329,1166084
2022-10-25,3.309,761641
2022-10-26,3.331,729106
2022-10-27,3.319,721487
2022-10-28,3.235,1046129
2022-10-31,3.197,1521600
2022-11-01,3.315,916684
2022-11-02,3.351,892810
2022-11-03,3.325,587890
2022-11-04,3.441,1090524
2022-11-07,3.443,846488
2022-11-08,3.425,473923
2022-11-09,3.387,535718
2022-11-10,3.369,605737
2022-11-11,3.461,862565
2022-11-14,3.461,1520191
2022-11-15,3.531,692403
2022-11-16,3.501,664278
2022-11-17,3.491,666522
2022-11-18,3.479,602438
2022-11-21,3.445,594234
2022-11-22,3.447,534258
2022-11-23,3.449,627817
2022-11-24,3.433,599079
2022-11-25,3.451,599221
2022-11-28,3.413,746154
2022-11-29,3.517,881547
2022-11-30,3.515,757564
2022-12-01,3.561,845950
2022-12-02,3.539,484360
2022-12-05,3.607,769706
2022-12-06,3.627,772527
2022-12-07,3.617,589649
2022-12-08,3.625,543284
2022-12-09,3.655,712511
2022-12-12,3.617,505010
2022-12-13,3.609,530141
2022-12-14,3.621,887129
2022-12-15,3.615,494506
2022-12-16,3.617,487439
2022-12-19,3.567,612743
2022-12-20,3.513,1093479
2022-12-21,3.507,1439475
2022-12-22,3.509,1190705
2022-12-23,3.499,1162514
2022-12-26,3.521,1493655
2022-12-27,3.559,570556
2022-12-28,3.549,629687
2022-12-29,3.531,2336929
2022-12-30,3.551,2165826
2023-01-03,3.561,1792672
2023-01-04,3.563,2601542
2023-01-05,3.633,1472107
2023-01-06,3.649,1473836
2023-01-09,3.675,2857085
2023-01-10,3.677,2147085
2023-01-11,3.679,1143173
2023-01-12,3.683,558128
2023-01-13,3.741,1131937
2023-01-16,3.797,1368115
2023-01-17,3.793,702910
2023-01-18,3.787,1389674
2023-01-19,3.813,1229441
2023-01-20,3.841,1236760
2023-01-30,3.855,1315600
2023-01-31,3.811,724436
2023-02-01,3.849,1290338
2023-02-02,3.839,1345607
2023-02-03,3.797,1504213
2023-02-06,3.741,1141454
2023-02-07,3.755,1762405
2023-02-08,3.733,856891
2023-02-09,3.783,1366708
2023-02-10,3.767,1241897
2023-02-13,3.801,798263
2023-02-14,3.807,422593
2023-02-15,3.787,727606
2023-02-16,3.757,1014480
2023-02-17,3.699,862237
2023-02-20,3.797,1054161
2023-02-21,3.803,829093
2023-02-22,3.767,612444
2023-02-23,3.771,1050425
2023-02-24,3.731,1211212
2023-02-27,3.711,1110671
2023-02-28,3.739,990333
2023-03-01,3.787,1449274
2023-03-02,3.783,1468822
2023-03-03,3.789,834498
2023-03-06,3.765,1094773
2023-03-07,3.715,924482
2023-03-08,3.699,1063337
2023-03-09,3.689,770860
2023-03-10,3.639,945811
2023-03-13,3.673,658091
2023-03-14,3.653,818365
2023-03-15,3.653,712215
2023-03-16,3.609,955925
2023-03-17,3.633,1573426
2023-03-20,3.609,727973
2023-03-21,3.647,764104
2023-03-22,3.663,725673
2023-03-23,3.703,712417
2023-03-24,3.695,849954
2023-03-27,3.677,610836
2023-03-28,3.669,727334
2023-03-29,3.669,841369
2023-03-30,3.705,1160668
2023-03-31,3.717,765363
2023-04-03,3.745,1005252
2023-04-04,3.763,967707
2023-04-06,3.757,744020
2023-04-07,3.781,837200
2023-04-10,3.767,1103314
2023-04-11,3.761,649246
2023-04-12,3.761,1364039
2023-04-13,3.735,600899
2023-04-14,3.755,559990
2023-04-17,3.807,715481
2023-04-18,3.817,603443
2023-04-19,3.783,636823
2023-04-20,3.767,1661046
2023-04-21,3.697,1444979
2023-04-24,3.653,1367591
2023-04-25,3.637,1229286
2023-04-26,3.631,1051011
2023-04-27,3.661,875051
2023-04-28,3.695,1079359
2023-05-04,3.695,617272
2023-05-05,3.683,632687
2023-05-08,3.721,852973
2023-05-09,3.693,823781
2023-05-10,3.665,825773
2023-05-11,3.659,491743
2023-05-12,3.607,1876976
2023-05-15,3.669,936637
2023-05-16,3.651,1852488
2023-05-17,3.633,863122
2023-05-18,3.631,824955
2023-05-19,3.625,955936
2023-05-22,3.645,1150062
2023-05-23,3.591,1424923
2023-05-24,3.541,1285024
2023-05-25,3.529,1113591
2023-05-26,3.535,1159884
2023-05-29,3.517,1470171
2023-05-30,3.521,1471617
2023-05-31,3.489,1317299
2023-06-01,3.493,1346886
2023-06-02,3.545,1683809
2023-06-05,3.529,636658
2023-06-06,3.497,998574
2023-06-07,3.483,2410210
2023-06-08,3.509,1710951
2023-06-09,3.525,2147085
2023-06-12,3.533,1193269
2023-06-13,3.557,881253
2023-06-14,3.563,1057725
2023-06-15,3.621,1113267
2023-06-16,3.657,1376309
2023-06-19,3.629,833458
2023-06-20,3.621,891960
2023-06-21,3.573,1201597
2023-06-26,3.527,2530706
2023-06-27,3.555,938246
2023-06-28,3.561,1041049
2023-06-29,3.543,642059
2023-06-30,3.567,845352
2023-07-03,3.607,1008377
2023-07-04,3.613,357123
2023-07-05,3.593,2273969
2023-07-06,3.563,839238
2023-07-07,3.553,1410797
2023-07-10,3.567,1140692
2023-07-11,3.591,1126262
2023-07-12,3.575,632625
2023-07-13,3.633,2593874
2023-07-14,3.633,1611366
2023-07-17,3.607,2274426
2023-07-18,3.603,742590
2023-07-19,3.599,2579611
2023-07-20,3.571,1526584
2023-07-21,3.571,1750487
2023-07-24,3.555,1164610
2023-07-25,3.663,2474899
2023-07-26,3.659,2333037
2023-07-27,3.653,2251489
2023-07-28,3.743,3298657
2023-07-31,3.759,4458921
2023-08-01,3.743,3901322
2023-08-02,3.715,3484360
2023-08-03,3.749,1413019
2023-08-04,3.767,2944750
2023-08-07,3.735,1891204
2023-08-08,3.723,3311488
2023-08-09,3.715,1319758
2023-08-10,3.721,2290906
2023-08-11,3.629,5411046
2023-08-14,3.605,4937904
2023-08-15,3.603,2372209
2023-08-16,3.575,2928786
2023-08-17,3.587,2960878
2023-08-18,3.537,1868151
2023-08-21,3.485,2001627
2023-08-22,3.511,3043383
2023-08-23,3.467,3136495
2023-08-24,3.481,2727898
2023-08-25,3.473,2778863
2023-08-28,3.521,7143794
2023-08-29,3.545,4839350
2023-08-30,3.547,2848968
2023-08-31,3.527,2831428
2023-09-01,3.549,3309082
2023-09-04,3.603,2430496
2023-09-05,3.577,1843520
2023-09-06,3.569,1378240
2023-09-07,3.517,2423856
2023-09-08,3.499,4026862
2023-09-11,3.523,2917444
2023-09-12,3.521,1344341
2023-09-13,3.495,1909392
2023-09-14,3.495,1613864
2023-09-15,3.477,2443053
2023-09-18,3.491,2667567
2023-09-19,3.483,2055396
2023-09-20,3.469,1612159
2023-09-21,3.435,2212801
2023-09-22,3.505,3046541
2023-09-25,3.477,1419207
2023-09-26,3.459,1715422
2023-09-27,3.469,1803387
2023-09-28,3.455,2885054
2023-10-09,3.445,1768419
2023-10-10,3.421,1572032
2023-10-11,3.429,1541732
2023-10-12,3.465,1930013
2023-10-13,3.427,1771652
2023-10-16,3.389,1967158
2023-10-17,3.401,1573341
2023-10-18,3.369,2194273
2023-10-19,3.307,3217657
2023-10-20,3.283,3154211
2023-10-23,3.283,6753001
2023-10-24,3.255,14140976
2023-10-25,3.275,11446442
2023-10-26,3.287,10164247
2023-10-27,3.335,7160678
2023-10-30,3.353,9353570
2023-10-31,3.347,4418823
2023-11-01,3.341,3082918
2023-11-02,3.327,5419352
2023-11-03,3.353,4292514
2023-11-06,3.397,5962468
2023-11-07,3.387,2529433
2023-11-08,3.377,3270900
2023-11-09,3.383,2748307
2023-11-10,3.353,2883578
2023-11-13,3.349,2536664
2023-11-14,3.351,2251840
2023-11-15,3.379,3086290
2023-11-16,3.341,3245826
2023-11-17,3.335,6855111
2023-11-20,3.347,2719354
2023-11-21,3.351,3824545
2023-11-22,3.315,3670272
2023-11-23,3.331,3842639
2023-11-24,3.309,3418154
2023-11-27,3.287,3707319
2023-11-28,3.289,3539587
2023-11-29,3.265,4310181
2023-11-30,3.267,3801071
2023-12-01,3.255,13840300
2023-12-04,3.229,3671114
2023-12-05,3.169,5801547
2023-12-06,3.173,6551013
2023-12-07,3.167,4132686
2023-12-08,3.173,2802415
2023-12-11,3.195,4851527
2023-12-12,3.203,2783537
2023-12-13,3.147,3247473
2023-12-14,3.129,4210130
2023-12-15,3.123,4071236
2023-12-18,3.111,3541472
2023-12-19,3.113,7791172
2023-12-20,3.081,5290600
2023-12-21,3.111,5147615
2023-12-22,3.119,14600067
2023-12-25,3.127,6971384
2023-12-26,3.107,11876632
2023-12-27,3.117,4938689
2023-12-28,3.197,7945063
2023-12-29,3.207,13716263
2024-01-02,3.161,5082316
2024-01-03,3.155,6642590
2024-01-04,3.127,14979796
2024-01-05,3.109,4606813
2024-01-08,3.065,9282225
2024-01-09,3.077,13918658
2024-01-10,3.057,3255508
2024-01-11,3.075,3027023
2024-01-12,3.063,3168582
2024-01-15,3.061,3535960
2024-01-16,3.081,29422248
2024-01-17,3.003,28741959
2024-01-18,3.057,35951847
2024-01-19,3.055,35967052
2024-01-22,2.993,57983486
2024-01-23,3.013,6166777
2024-01-24,3.069,26060741
2024-01-25,3.121,10270141
2024-01-26,3.113,28038430
2024-01-29,3.083,6072924
2024-01-30,3.025,20117660
2024-01-31,3.007,26448111
2024-02-01,3.001,7403871
2024-02-02,2.973,25015764
2024-02-05,2.981,37633763
2024-02-06,3.089,13812205
2024-02-07,3.121,54305550
2024-02-08,3.143,19884503
2024-02-19,3.171,18462827
2024-02-20,3.183,10516620
2024-02-21,3.227,9186824
2024-02-22,3.257,5219468
2024-02-23,3.259,3974898
2024-02-26,3.225,8353704
2024-02-27,3.265,5931837
2024-02-28,3.225,20091854
2024-02-29,3.283,13398690
2024-03-01,3.311,10370862
2024-03-04,3.313,5486507
2024-03-05,3.335,53847559
2024-03-06,3.323,16202295
2024-03-07,3.307,9660078
2024-03-08,3.315,7710941
2024-03-11,3.361,12398904
2024-03-12,3.369,8856450
2024-03-13,3.345,4667440
2024-03-14,3.335,8633659
2024-03-15,3.341,7060033
2024-03-18,3.375,10683599
2024-03-19,3.351,5019648
2024-03-20,3.351,5825358
2024-03-21,3.351,3227193
2024-03-22,3.317,16912064
2024-03-25,3.307,6988200
2024-03-26,3.313,9228476
2024-03-27,3.277,8921190
2024-03-28,3.293,5498852
2024-03-29,3.307,5842060
2024-04-01,3.365,5303088
2024-04-02,3.353,3985039
2024-04-03,3.339,3210202
2024-04-08,3.309,3260666
2024-04-09,3.305,2351110
2024-04-10,3.281,3308848
2024-04-11,3.277,2695388
2024-04-12,3.247,3595210
2024-04-15,3.323,3964056
2024-04-16,3.287,3410687
2024-04-17,3.335,3159232
2024-04-18,3.337,3249332
2024-04-19,3.315,5912945
2024-04-22,3.307,2762627
2024-04-23,3.281,6071497
2024-04-24,3.295,2861217
2024-04-25,3.303,3108844
2024-04-26,3.353,4569160
2024-04-29,3.397,5879514
2024-04-30,3.381,2854552
2024-05-06,3.429,3797455
2024-05-07,3.431,1990593
2024-05-08,3.403,2423383
2024-05-09,3.435,2873034
2024-05-10,3.439,4312295
2024-05-13,3.435,4211546
2024-05-14,3.427,3698622
2024-05-15,3.405,2898685
2024-05-16,3.417,2493358
2024-05-17,3.457,2999946
2024-05-20,3.465,2993526
2024-05-21,3.451,3624264
2024-05-22,3.461,2560880
2024-05-23,3.423,2808626
2024-05-24,3.383,4147491
2024-05-27,3.413,3847587
2024-05-28,3.391,3226961
2024-05-29,3.391,2981116
2024-05-30,3.379,3522806
2024-05-31,3.365,5036658
2024-06-03,3.369,3984093
2024-06-04,3.395,3331417
2024-06-05,3.379,3062743
2024-06-06,3.381,3060766
2024-06-07,3.361,2722538
2024-06-11,3.333,3601368
2024-06-12,3.331,2332962
2024-06-13,3.319,1541194
2024-06-14,3.335,3403281
2024-06-17,3.327,1453346
2024-06-18,3.335,2030443
2024-06-19,3.327,2384959
2024-06-20,3.305,1787759
2024-06-21,3.301,15180379
2024-06-24,3.281,13180650
2024-06-25,3.261,10464333
2024-06-26,3.283,3544796
2024-06-27,3.263,10056280
2024-06-28,3.271,6874609
2024-07-01,3.283,3151885
2024-07-02,3.281,3571735
2024-07-03,3.275,6501208
2024-07-04,3.259,13492698
2024-07-05,3.245,14613370
2024-07-08,3.221,8530814
2024-07-09,3.255,4710642
2024-07-10,3.247,3912817
2024-07-11,3.293,5199168
2024-07-12,3.303,4279557
2024-07-15,3.307,8728471
2024-07-16,3.333,20319689
2024-07-17,3.341,34320055
2024-07-18,3.361,22839718
2024-07-19,3.377,42952417
2024-07-22,3.353,9520450
2024-07-23,3.285,5038483
2024-07-24,3.265,11942191
2024-07-25,3.241,13153752
2024-07-26,3.261,12570506
2024-07-29,3.239,3543076
2024-07-30,3.219,14687554
2024-07-31,3.293,8455141
2024-08-01,3.269,3115466
2024-08-02,3.233,8023401
2024-08-05,3.195,16667758
2024-08-06,3.193,11086135
2024-08-07,3.191,3355906
2024-08-08,3.193,2768846
2024-08-09,3.181,3033135
2024-08-12,3.179,2488970
2024-08-13,3.183,5267483
2024-08-14,3.159,2816817
2024-08-15,3.195,18789294
2024-08-16,3.199,23203835
2024-08-19,3.207,3397753
2024-08-20,3.189,17125266
2024-08-21,3.175,12825056
2024-08-22,3.167,19191544
2024-08-23,3.181,3540578
2024-08-26,3.181,20222207
2024-08-27,3.167,11334793
2024-08-28,3.145,20899457
2024-08-29,3.135,12434076
2024-08-30,3.183,12494883
2024-09-02,3.123,5892844
2024-09-03,3.129,14326083
2024-09-04,3.111,4701952
2024-09-05,3.115,26031128
2024-09-06,3.091,6759205
2024-09-09,3.051,9173706
2024-09-10,3.053,7775679
2024-09-11,3.045,4464715
2024-09-12,3.035,3444024
2024-09-13,3.019,3693805
2024-09-18,3.029,13948017
2024-09-19,3.055,8396508
2024-09-20,3.059,36240262
2024-09-23,3.073,2706707
2024-09-24,3.214,10274018
2024-09-25,3.262,10690922
2024-09-26,3.424,11492600
2024-09-27,3.568,4199349
2024-09-30,3.939,16696898
2024-10-08,4.143,16473009
2024-10-09,3.794,12769149
2024-10-10,3.864,8399437
2024-10-11,3.757,8080324
2024-10-14,3.821,8207113
2024-10-15,3.715,6971851
2024-10-16,3.688,5278890
2024-10-17,3.646,7451730
2024-10-18,3.796,8924927
2024-10-21,3.799,5315130
2024-10-22,3.818,3710896
2024-10-23,3.833,5044069
2024-10-24,3.789,6258658
2024-10-25,3.818,5688016
2024-10-28,3.823,3533103
2024-10-29,3.792,5053891
2024-10-30,3.754,5725115
2024-10-31,3.752,14208561
2024-11-01,3.76,8406182
2024-11-04,3.81,5181853
2024-11-05,3.911,6922998
2024-11-06,3.887,6517685
2024-11-07,4.018,8278086
2024-11-08,3.964,7932289
2024-11-11,3.987,4732416
2024-11-12,3.944,7525216
2024-11-13,3.969,3759971
2024-11-14,3.899,3754971
2024-11-15,3.836,3988522
2024-11-18,3.817,4300682
2024-11-19,3.837,4994941
2024-11-20,3.846,2715654
2024-11-21,3.852,2931983
2024-11-22,3.737,2986049
2024-11-25,3.715,3753652
2024-11-26,3.705,2650487
2024-11-27,3.769,2950100
2024-11-28,3.74,2976392
2024-11-29,3.78,3340966
2024-12-02,3.81,2147106
2024-12-03,3.813,3580943
2024-12-04,3.796,2618052
2024-12-05,3.787,3359061
2024-12-06,3.835,6889931
2024-12-09,3.833,4678914
2024-12-10,3.862,6643558
2024-12-11,3.853,3871068
2024-12-12,3.891,3134407
2024-12-13,3.801,6485894
2024-12-16,3.778,2118907
2024-12-17,3.787,3663066
2024-12-18,3.805,2364695
2024-12-19,3.812,2544892
2024-12-20,3.799,4008499
2024-12-23,3.805,4287125
2024-12-24,3.849,4668209
2024-12-25,3.85,3683827
2024-12-26,3.853,5694002
2024-12-27,3.847,4903735
2024-12-30,3.864,5688341
2024-12-31,3.803,6333588
2025-01-02,3.693,5904672
2025-01-03,3.657,4671549
2025-01-06,3.64,3677486
2025-01-07,3.666,2064402
2025-01-08,3.66,4185535
2025-01-09,3.653,2353447
2025-01-10,3.614,2472788
2025-01-13,3.599,2145600
2025-01-14,3.693,5273890
2025-01-15,3.67,1491643
2025-01-16,3.672,3383430
2025-01-17,3.684,2008126
2025-01-20,3.703,2347129
2025-01-21,3.706,2183025
2025-01-22,3.674,2756542
2025-01-23,3.683,2984095
2025-01-24,3.712,3711662
2025-01-27,3.696,4292317
2025-02-05,3.672,2675900
2025-02-06,3.717,2544859
2025-02-07,3.771,5474239
2025-02-10,3.775,4279807
2025-02-11,3.759,3677966
2025-02-12,3.795,2841055
2025-02-13,3.787,4126834
2025-02-14,3.817,3506846
2025-02-17,3.826,5059699
2025-02-18,3.794,2808010
2025-02-19,3.815,2579075
2025-02-20,3.803,2900428
2025-02-21,3.854,3692716
2025-02-24,3.842,4600848
2025-02-25,3.803,4343291
2025-02-26,3.833,4080040
2025-02-27,3.847,5664868
2025-02-28,3.776,5206869
2025-03-03,3.765,4652186
2025-03-04,3.759,2547403
2025-03-05,3.778,5726947
2025-03-06,3.83,3678325
2025-03-07,3.819,4119183
2025-03-10,3.804,5590915
2025-03-11,3.814,7173570
2025-03-12,3.805,2284338
2025-03-13,3.787,2228350
2025-03-14,3.883,4916116
2025-03-17,3.871,4181266
2025-03-18,3.881,4282384
2025-03-19,3.889,3028202
2025-03-20,3.854,2626079
2025-03-21,3.789,3446127
2025-03-24,3.811,2432881
2025-03-25,3.811,2107754
2025-03-26,3.795,1517804
2025-03-27,3.809,2771168
2025-03-28,3.791,2385052
2025-03-31,3.767,2285704
2025-04-01,3.764,1915736
2025-04-02,3.761,1267482
2025-04-03,3.741,4036599
2025-04-07,3.443,30298823
2025-04-08,3.522,40373493
2025-04-09,3.561,6663176
2025-04-10,3.616,3680696
2025-04-11,3.63,3843886
2025-04-14,3.638,4056757
2025-04-15,3.637,5668528
2025-04-16,3.648,14079683
2025-04-17,3.652,5339117
2025-04-18,3.656,6302775
2025-04-21,3.662,3329957
2025-04-22,3.665,1895088
2025-04-23,3.671,1415169
2025-04-24,3.67,1404648
2025-04-25,3.669,2099878
2025-04-28,3.664,1941298
2025-04-29,3.655,1700962
2025-04-30,3.652,1454962
2025-05-06,3.69,2342846
2025-05-07,3.713,2687931
2025-05-08,3.734,2069412
2025-05-09,3.73,2197892
2025-05-12,3.772,1864661
2025-05-13,3.778,2373469
2025-05-14,3.824,3546397
2025-05-15,3.792,2190205
2025-05-16,3.772,2173144
2025-05-19,3.766,1337635
2025-05-20,3.785,1604147
2025-05-21,3.803,1655404
2025-05-22,3.799,1725346
2025-05-23,3.771,2441391
2025-05-26,3.752,1244337
2025-05-27,3.73,933798
2025-05-28,3.727,1001811
2025-05-29,3.748,2512086
2025-05-30,3.742,2033902
2025-06-03,3.741,1314456
2025-06-04,3.757,1851611
2025-06-05,3.767,1951641
2025-06-06,3.769,1489409
2025-06-09,3.777,1851106
2025-06-10,3.756,2600416
2025-06-11,3.785,2499004
2025-06-12,3.788,2620225
2025-06-13,3.765,2693320
2025-06-16,3.773,1310689
2025-06-17,3.771,1465131
2025-06-18,3.775,1590511
2025-06-19,3.745,2197212
2025-06-20,3.749,1177295
2025-06-23,3.764,1870906
2025-06-24,3.806,3091271
2025-06-25,3.869,3479519
2025-06-26,3.856,4134117
2025-06-27,3.832,4004740
2025-06-30,3.853,4219207
2025-07-01,3.858,977131
2025-07-02,3.864,1673232
2025-07-03,3.885,1127749
2025-07-04,3.901,2508567
2025-07-07,3.883,2220320
2025-07-08,3.916,1966268
2025-07-09,3.914,2336383
2025-07-10,3.932,2670015
2025-07-11,3.948,3144251
2025-07-14,3.945,2325160
2025-07-15,3.946,2306304
2025-07-16,3.936,1207505
2025-07-17,3.968,1911331
2025-07-18,3.998,2483386
2025-07-21,4.025,2704614
2025-07-22,4.066,2343923
2025-07-23,4.063,2352822
2025-07-24,4.088,1935043
2025-07-25,4.068,2530072
2025-07-28,4.079,2683703
2025-07-29,4.099,2485224
2025-07-30,4.095,2257860
2025-07-31,4.022,2884641
2025-08-01,4.005,1339631
2025-08-04,4.017,768580
2025-08-05,4.049,1349172
2025-08-06,4.058,1689041
2025-08-07,4.058,1656066
2025-08-08,4.048,1414491
2025-08-11,4.077,1832367
2025-08-12,4.093,1676016
2025-08-13,4.126,2473590
2025-08-14,4.123,1967157
2025-08-15,4.155,2026345
2025-08-18,4.186,2358889
2025-08-19,4.165,2060193
2025-08-20,4.222,2677782
2025-08-21,4.235,2571885
2025-08-22,4.334,2316659
2025-08-25,4.417,3630673
2025-08-26,4.397,662206
