债券代码,债券简称,申购日期,申购代码,正股代码,正股简称,中签率,上市时间,信用评级
118058,微导转债,2025-08-06,718147,688147,微导纳米,0.0014953,,AA
127110,广核转债,2025-07-09,073816,003816,中国广核,0.0186422035,2025-07-25,AAA
111023,利柏转债,2025-07-03,713167,605167,利柏特,0.00173477,2025-07-22,AA
113696,伯25转债,2025-07-01,754596,603596,伯特利,0.00894996,2025-07-28,AA
118057,甬矽转债,2025-06-26,718362,688362,甬矽电子,0.004213,2025-07-16,A+
113695,华辰转债,2025-06-20,754097,603097,江苏华辰,0.0003492,2025-07-10,A+
111022,锡振转债,2025-06-18,713319,605319,无锡振华,0.00091285,2025-07-14,AA-
123257,安克转债,2025-06-16,370866,300866,安克创新,0.0026475779,2025-07-04,AA+
127109,电化转债,2025-06-16,072125,002125,湘潭电化,0.0015321157,2025-07-04,AA
118056,路维转债,2025-06-11,718401,688401,路维光电,0.00165975,2025-07-10,AA-
123256,恒帅转债,2025-05-29,370969,300969,恒帅股份,0.0003825294,2025-06-17,A+
118055,伟测转债,2025-04-09,718372,688372,伟测科技,0.00471648,2025-04-30,AA
113694,清源转债,2025-04-08,754628,603628,清源股份,0.00208787,2025-04-25,A+
118054,安集转债,2025-04-07,718019,688019,安集科技,0.00398045,2025-04-25,AA-
123255,鼎龙转债,2025-04-02,370054,300054,鼎龙股份,0.0032754809,2025-04-23,AA
127108,太能转债,2025-03-28,070591,000591,太阳能,0.0135084085,2025-04-16,AA+
123254,亿纬转债,2025-03-24,370014,300014,亿纬锂能,0.0396868603,2025-04-11,AA+
113693,志邦转债,2025-03-18,754801,603801,志邦家居,0.00171145,2025-04-08,AA
118053,正帆转债,2025-03-18,718596,688596,正帆科技,0.00392766,2025-04-03,AA
118052,浩瀚转债,2025-03-13,718292,688292,浩瀚深度,0.0012572,2025-04-07,A+
123253,永贵转债,2025-03-13,370351,300351,永贵电器,0.0031973118,2025-03-28,AA-
113070,渝水转债,2025-01-09,783158,601158,重庆水务,0.01357232,2025-02-13,AAA
123252,银邦转债,2025-01-07,370337,300337,银邦股份,0.0051516331,2025-01-24,AA-
110098,南药转债,2024-12-25,733713,600713,南京医药,0.00494045,2025-01-20,AA+
123251,华医转债,2024-12-23,371235,301235,华康洁净,0.0027141027,2025-01-09,A+
118051,皓元转债,2024-11-28,718131,688131,皓元医药,0.00341,2024-12-19,AA-
127107,领益转债,2024-11-18,072600,002600,领益智造,0.005752783,2024-12-06,AA+
123250,嘉益转债,2024-11-07,371004,301004,嘉益股份,0.0032254984,2024-11-26,A+
113692,保隆转债,2024-10-31,754197,603197,保隆科技,0.00558023,2024-11-27,AA
113691,和邦转债,2024-10-28,754077,603077,和邦生物,0.02407311,2024-11-19,AA
110097,天润转债,2024-10-24,733419,600419,天润乳业,0.00442529,2024-11-15,AA
123249,英搏转债,2024-10-24,370681,300681,英搏尔,0.0034318708,2024-11-11,AA
113690,豪24转债,2024-10-23,754809,603809,豪能股份,0.00131908,2024-11-20,AA-
113688,国检转债,2024-10-17,754060,603060,国检集团,0.00202207,2024-11-12,AA+
113689,洛凯转债,2024-10-17,754829,603829,洛凯股份,0.00053307,2024-11-11,AA-
118050,航宇转债,2024-08-21,718239,688239,航宇科技,0.00327929,2024-09-10,AA-
123248,恒辉转债,2024-08-21,370952,300952,恒辉安防,0.000912737,2024-09-12,AA-
123247,万凯转债,2024-08-16,371216,301216,万凯新材,0.0219868882,2024-09-05,AA
123246,远信转债,2024-08-16,371053,301053,远信工业,0.0003409553,2024-09-03,A
123245,集智转债,2024-08-14,370553,300553,集智股份,0.0012028753,2024-08-28,A
127106,伟隆转债,2024-08-13,072871,002871,伟隆股份,0.0004217956,2024-08-28,A
110096,豫光转债,2024-08-12,733531,600531,豫光金铅,0.00408851,2024-09-03,AA
118049,汇成转债,2024-08-07,718403,688403,汇成股份,0.00606009,2024-09-02,AA-
123244,松原转债,2024-08-01,370893,300893,松原安全,0.0006162684,2024-08-22,A+
111021,奥锐转债,2024-07-26,713116,605116,奥锐特,0.00154693,2024-08-15,AA-
111020,合顺转债,2024-07-22,713166,605166,聚合顺,0.00085277,2024-08-15,AA-
113687,振华转债,2024-07-12,754067,603067,振华股份,0.00133007,2024-08-02,AA
123243,严牌转债,2024-07-10,371081,301081,严牌股份,0.0010868486,2024-07-26,A+
123242,赛龙转债,2024-07-08,371131,301131,聚赛龙,0.0008402282,2024-07-29,A+
123241,欧通转债,2024-07-05,370870,300870,欧陆通,0.0026145421,2024-07-26,AA-
113686,泰瑞转债,2024-07-02,754289,603289,泰瑞机器,0.00058458,2024-07-24,AA-
118048,利扬转债,2024-07-02,718135,688135,利扬芯片,0.00446186,2024-07-19,A+
113685,升24转债,2024-06-14,754305,603305,旭升集团,0.03292173,2024-07-10,AA-
111019,宏柏转债,2024-04-17,713366,605366,宏柏新材,0.00419888,2024-05-14,AA-
113684,湘泵转债,2024-04-01,754319,603319,美湖股份,0.00159843,2024-04-29,AA-
113683,伟24转债,2024-03-28,754568,603568,伟明环保,0.00033243,2024-04-22,AA
113682,益丰转债,2024-03-04,754939,603939,益丰药房,0.01059669,2024-03-27,AA
127105,龙星转债,2024-02-01,072442,002442,龙星科技,0.0054914743,2024-03-06,AA-
123240,楚天转债,2024-01-31,370358,300358,楚天科技,0.0043068188,2024-02-29,AA
127104,姚记转债,2024-01-25,072605,002605,姚记科技,0.0018660693,2024-02-26,A+
123239,锋工转债,2024-01-19,370488,300488,恒锋工具,0.0007342904,2024-02-22,A+
123238,卡倍转02,2024-01-11,370863,300863,卡倍亿,0.0008165958,2024-02-01,A+
123237,佳禾转债,2024-01-04,370793,300793,佳禾智能,0.0042312552,2024-01-24,A+
127103,东南转债,2024-01-03,072135,002135,东南网架,0.0063762297,2024-01-24,AA
113681,镇洋转债,2023-12-29,754213,603213,镇洋发展,0.00098724,2024-01-17,AA-
111018,华康转债,2023-12-25,713077,605077,华康股份,0.00278331,2024-01-15,AA-
127102,浙建转债,2023-12-25,072761,002761,浙江建投,0.005139885,2024-01-16,AA+
123236,家联转债,2023-12-22,371193,301193,家联科技,0.0009433278,2024-01-18,AA-
113069,博23转债,2023-12-22,783137,601137,博威合金,0.00671801,2024-01-18,AA
127101,豪鹏转债,2023-12-22,071283,001283,豪鹏科技,0.0043906434,2024-01-11,AA-
127100,神码转债,2023-12-21,070034,000034,神州数码,0.0044770632,2024-01-19,AA
123235,亿田转债,2023-12-21,370911,300911,亿田智能,0.0010338434,2024-01-12,AA-
118046,诺泰转债,2023-12-15,718076,688076,诺泰生物,0.00172269,2024-01-18,A+
123234,中能转债,2023-12-11,370062,300062,中能电气,0.001357269,2023-12-29,A+
127099,盛航转债,2023-12-06,071205,001205,盛航股份,0.0027218265,2023-12-28,AA-
123233,凯盛转债,2023-11-29,371069,301069,凯盛新材,0.0012234346,2023-12-15,AA-
123232,金现转债,2023-11-27,370830,300830,金现代,0.0014685712,2023-12-19,A+
127098,欧晶转债,2023-11-24,071269,001269,欧晶科技,0.0017127732,2023-12-15,AA-
113680,丽岛转债,2023-11-15,754937,603937,丽岛新材,0.00048969,2023-12-05,A+
123230,金钟转债,2023-11-09,371133,301133,金钟股份,0.0004519079,2023-12-01,A
123231,信测转债,2023-11-09,370938,300938,信测标准,0.0010515875,2023-11-29,AA-
127097,三羊转债,2023-10-26,071317,001317,三羊马,0.0004248122,2023-11-17,A+
113679,芯能转债,2023-10-26,754105,603105,芯能科技,0.00265816,2023-11-24,AA-
127096,泰坦转债,2023-10-25,073036,003036,泰坦股份,0.0004295598,2023-11-15,A
123229,艾录转债,2023-10-23,371062,301062,上海艾录,0.0015666985,2023-11-20,A+
123228,震裕转债,2023-10-20,370953,300953,震裕科技,0.0033437479,2023-11-09,AA-
123227,雅创转债,2023-10-20,371099,301099,雅创电子,0.0008851171,2023-11-10,A+
113678,中贝转债,2023-10-19,754220,603220,中贝通信,0.00148949,2023-11-21,A+
127095,广泰转债,2023-10-18,072111,002111,威海广泰,0.0022347742,2023-11-10,AA-
127094,红墙转债,2023-10-18,072809,002809,红墙股份,0.000963578,2023-11-08,A+
127093,章鼓转债,2023-10-17,072598,002598,山东章鼓,0.0007387761,2023-11-03,A+
123226,中富转债,2023-10-16,370814,300814,中富电路,0.0008351318,2023-11-03,AA-
123225,翔丰转债,2023-10-10,370890,300890,翔丰华,0.0035777723,2023-10-26,AA-
127092,运机转债,2023-09-21,071288,001288,运机集团,0.0017956304,2023-10-20,AA-
123224,宇邦转债,2023-09-19,371266,301266,宇邦新材,0.0009705603,2023-10-18,A+
123223,九典转02,2023-09-15,370705,300705,九典制药,0.0006352217,2023-10-13,A+
113677,华懋转债,2023-09-14,754306,603306,华懋科技,0.00326065,2023-10-12,AA-
118045,盟升转债,2023-09-12,718311,688311,盟升电子,0.00089357,2023-10-17,A
118044,赛特转债,2023-09-11,718398,688398,赛特新材,0.00056949,2023-10-12,A+
123222,博俊转债,2023-09-08,370926,300926,博俊科技,0.0010404561,2023-09-28,A+
123221,力诺转债,2023-08-23,371188,301188,力诺药包,0.0018983056,2023-09-14,A+
127091,科数转债,2023-08-23,072335,002335,科华数据,0.0052497071,2023-09-12,AA
113676,荣23转债,2023-08-18,754165,603165,荣晟环保,0.00080245,2023-09-13,AA-
123220,易瑞转债,2023-08-18,370942,300942,易瑞生物,0.0028761396,2023-09-06,A+
111017,蓝天转债,2023-08-15,713368,605368,蓝天燃气,0.00084259,2023-09-08,AA
118043,福立转债,2023-08-14,718678,688678,福立旺,0.00147242,2023-09-12,AA-
123219,宇瞳转债,2023-08-11,370790,300790,宇瞳光学,0.0011856348,2023-08-29,A+
113675,新23转债,2023-08-11,754179,603179,新泉股份,0.0028089,2023-09-05,AA-
123218,宏昌转债,2023-08-10,371008,301008,宏昌科技,0.000438974,2023-08-30,A+
118042,奥维转债,2023-08-10,718516,688516,奥特维,0.00203912,2023-09-01,AA-
110095,双良转债,2023-08-08,733481,600481,双良节能,0.00551815,2023-09-08,AA-
123217,富仕转债,2023-08-08,370852,300852,四会富仕,0.0007508153,2023-08-24,AA-
123216,科顺转债,2023-08-04,370737,300737,科顺股份,0.0045649054,2023-08-23,AA
123215,铭利转债,2023-08-03,371268,301268,铭利达,0.0018818159,2023-08-23,AA-
123214,东宝转债,2023-07-31,370239,300239,东宝生物,0.0019172228,2023-08-18,A+
118041,星球转债,2023-07-31,718633,688633,星球石墨,0.00054951,2023-08-22,A+
123213,天源转债,2023-07-28,371127,301127,武汉天源,0.0037859869,2023-08-16,AA-
113068,金铜转债,2023-07-28,783609,601609,金田股份,0.00313136,2023-08-28,AA+
123211,阳谷转债,2023-07-27,370121,300121,阳谷华泰,0.0011936109,2023-08-14,AA-
123210,信服转债,2023-07-27,370454,300454,深信服,0.0024586282,2023-08-18,AA
113067,燃23转债,2023-07-27,783139,601139,深圳燃气,0.01104675,2023-08-18,AAA
123212,立中转债,2023-07-27,370428,300428,立中集团,0.0016998032,2023-08-16,AA-
123209,聚隆转债,2023-07-26,370644,300644,南京聚隆,0.000840233,2023-08-17,A+
118040,宏微转债,2023-07-25,718711,688711,宏微科技,0.00147191,2023-08-14,A
111016,神通转债,2023-07-25,713228,605228,神通科技,0.00043413,2023-08-15,AA-
123208,孩王转债,2023-07-24,371078,301078,孩子王,0.0044397098,2023-08-10,AA
127090,兴瑞转债,2023-07-24,072937,002937,兴瑞科技,0.0010381564,2023-08-15,AA-
123207,冠中转债,2023-07-21,370948,300948,冠中生态,0.0013600673,2023-08-09,A-
113674,华设转债,2023-07-21,754018,603018,华设集团,0.00097532,2023-08-15,AA
118039,煜邦转债,2023-07-20,718597,688597,煜邦电力,0.00166927,2023-08-15,A
123206,开能转债,2023-07-20,370272,300272,开能健康,0.0005681769,2023-08-08,A+
110094,众和转债,2023-07-18,733888,600888,新疆众和,0.00389776,2023-08-14,AA
127089,晶澳转债,2023-07-18,072459,002459,晶澳科技,0.0241433531,2023-08-04,AA+
113672,福蓉转债,2023-07-18,754327,603327,福蓉科技,0.00073622,2023-08-10,AA
113673,岱美转债,2023-07-18,754730,603730,岱美股份,0.00061925,2023-08-10,AA
118038,金宏转债,2023-07-17,718106,688106,金宏气体,0.00221597,2023-08-10,AA-
123205,大叶转债,2023-07-17,370879,300879,大叶股份,0.0007488107,2023-08-08,A+
123204,金丹转债,2023-07-13,370829,300829,金丹科技,0.0015047031,2023-08-02,AA-
113671,武进转债,2023-07-10,754878,603878,武进不锈,0.00072475,2023-08-03,AA
111015,东亚转债,2023-07-06,713177,605177,东亚药业,0.00141941,2023-08-02,A+
118037,上声转债,2023-07-06,718533,688533,上声电子,0.00074907,2023-08-01,A+
127088,赫达转债,2023-07-03,072810,002810,山东赫达,0.0019329397,2023-07-19,AA-
123203,明电转02,2023-07-03,370739,300739,明阳电路,0.0010565991,2023-07-19,AA-
123202,祥源转债,2023-07-03,370980,300980,祥源新材,0.0012570425,2023-07-26,A+
118036,力合转债,2023-06-28,718589,688589,力合微,0.00119992,2023-07-20,AA-
123200,海泰转债,2023-06-27,371022,301022,海泰科,0.0006950516,2023-07-17,A
123201,纽泰转债,2023-06-27,371229,301229,纽泰格,0.0008561319,2023-07-18,A
111014,李子转债,2023-06-20,713337,605337,李子园,0.00084926,2023-07-13,AA
127087,星帅转2,2023-06-14,072860,002860,星帅尔,0.0011459538,2023-07-17,A+
123199,山河转债,2023-06-12,370452,300452,山河药辅,0.0009127967,2023-07-07,A+
118035,国力转债,2023-06-12,718103,688103,国力股份,0.00113483,2023-07-06,A+
127086,恒邦转债,2023-06-12,072237,002237,恒邦股份,0.0115630125,2023-07-07,AA+
123198,金埔转债,2023-06-08,371098,301098,金埔园林,0.0020882571,2023-07-07,A
123197,光力转债,2023-05-08,370480,300480,光力科技,0.0005682849,2023-05-29,A+
118034,晶能转债,2023-04-20,718223,688223,晶科能源,0.01087005,2023-05-19,AA+
123196,正元转02,2023-04-18,370645,300645,正元智慧,0.0006970395,2023-05-19,A+
123195,蓝晓转02,2023-04-17,370487,300487,蓝晓科技,0.0008360413,2023-05-08,A+
113670,金23转债,2023-04-17,754180,603180,金牌家居,0.00062069,2023-05-16,AA
123194,百洋转债,2023-04-14,371015,301015,百洋医药,0.0010600487,2023-05-05,AA-
123193,海能转债,2023-04-13,370787,300787,海能实业,0.0012747352,2023-05-09,AA-
123192,科思转债,2023-04-13,370856,300856,科思股份,0.0010951456,2023-05-11,AA-
127085,韵达转债,2023-04-11,072120,002120,韵达股份,0.003541896,2023-05-23,AA+
123191,智尚转债,2023-04-10,370918,300918,南山智尚,0.0006109102,2023-04-28,AA-
123190,道氏转02,2023-04-07,370409,300409,道氏技术,0.0072192519,2023-04-25,AA-
123189,晓鸣转债,2023-04-06,370967,300967,晓鸣股份,0.0007801534,2023-04-25,A
113669,景23转债,2023-04-04,754228,603228,景旺电子,0.00171213,2023-05-09,AA
123187,超达转债,2023-04-04,371186,301186,超达装备,0.0004562974,2023-04-25,A
123188,水羊转债,2023-04-04,370740,300740,水羊股份,0.0011610488,2023-04-25,A+
123185,能辉转债,2023-03-31,371046,301046,能辉科技,0.0018787062,2023-04-20,A+
123186,志特转债,2023-03-31,370986,300986,志特新材,0.0009688248,2023-04-21,A+
113668,鹿山转债,2023-03-27,754051,603051,鹿山新材,0.00125528,2023-04-27,A+
127084,柳工转2,2023-03-27,070528,000528,柳工,0.0147874707,2023-04-20,AAA
127083,山路转债,2023-03-24,070498,000498,山东路桥,0.0089251959,2023-04-26,AAA
123183,海顺转债,2023-03-23,370501,300501,海顺新材,0.001257266,2023-04-20,AA-
123184,天阳转债,2023-03-23,370872,300872,天阳科技,0.0033529257,2023-04-18,AA-
123182,广联转债,2023-03-22,370900,300900,广联航空,0.0018586896,2023-04-17,A+
118033,华特转债,2023-03-21,718268,688268,华特气体,0.00520423,2023-04-14,AA-
123181,亚康转债,2023-03-21,371085,301085,亚康股份,0.000648472,2023-04-11,A+
113667,春23转债,2023-03-17,754890,603890,春秋电子,0.0013279,2023-04-11,AA-
113066,平煤转债,2023-03-16,783666,601666,平煤股份,0.00911085,2023-04-10,AAA
110093,神马转债,2023-03-16,733810,600810,神马股份,0.00484424,2023-04-20,AAA
123180,浙矿转债,2023-03-09,370837,300837,浙矿股份,0.0012734856,2023-03-28,AA-
127082,亚科转债,2023-03-09,072540,002540,亚太科技,0.0028099057,2023-04-27,AA
111013,新港转债,2023-03-08,713162,605162,新中港,0.00041324,2023-05-05,AA-
118032,建龙转债,2023-03-08,718357,688357,建龙微纳,0.00231615,2023-04-07,AA-
123179,立高转债,2023-03-07,370973,300973,立高食品,0.0019133484,2023-03-27,AA-
123178,花园转债,2023-03-06,370401,300401,花园生物,0.0041808277,2023-03-23,AA-
127081,中旗转债,2023-03-03,071212,001212,中旗新材,0.0007577099,2023-04-25,A+
123177,测绘转债,2023-03-02,370826,300826,测绘股份,0.0007691134,2023-03-24,A+
123176,精测转2,2023-03-02,370567,300567,精测电子,0.0043882511,2023-03-22,AA-
113666,爱玛转债,2023-02-23,754529,603529,爱玛科技,0.00177199,2023-03-20,AA
123175,百畅转债,2023-02-22,370614,300614,百川畅银,0.0014455717,2023-03-17,A
123174,精锻转债,2023-02-15,370258,300258,精锻科技,0.0014511423,2023-03-07,AA-
118031,天23转债,2023-02-13,718599,688599,天合光能,0.02789406,2023-03-15,AA
110092,三房转债,2023-01-06,733370,600370,三房巷,0.00223712,2023-02-07,A+
111012,福新转债,2023-01-04,713488,605488,福莱新材,0.00047102,2023-02-07,A+
111011,冠盛转债,2023-01-03,713088,605088,冠盛股份,0.00112556,2023-02-06,AA-
127080,声迅转债,2022-12-30,073004,003004,*ST声迅,0.0006709717,2023-02-10,A
118030,睿创转债,2022-12-30,718002,688002,睿创微纳,0.00512519,2023-02-10,AA
123173,恒锋转债,2022-12-30,370605,300605,恒锋信息,0.0007199338,2023-02-08,A-
127079,华亚转债,2022-12-16,073043,003043,华亚智能,0.0007307976,2023-01-16,A+
113665,汇通转债,2022-12-15,754176,603176,汇通集团,0.00161138,2023-01-11,AA-
118029,富淼转债,2022-12-15,718350,688350,富淼科技,0.00078808,2023-01-09,A
123172,漱玉转债,2022-12-15,371017,301017,漱玉平民,0.001298266,2023-01-06,AA-
127078,优彩转债,2022-12-14,072998,002998,优彩资源,0.0015816006,2023-01-09,A+
110091,合力转债,2022-12-13,733761,600761,安徽合力,0.00520092,2023-01-06,AA+
118028,会通转债,2022-12-06,718219,688219,会通股份,0.00102553,2023-01-04,AA-
113664,大元转债,2022-12-05,754757,603757,大元泵业,0.00053016,2023-01-04,AA-
127077,华宏转债,2022-12-02,072645,002645,华宏科技,0.0018989714,2023-01-10,A
113065,齐鲁转债,2022-11-29,783665,601665,齐鲁银行,0.04258181,2022-12-19,AAA
113663,新化转债,2022-11-28,754867,603867,新化股份,0.00138483,2022-12-16,AA-
123171,共同转债,2022-11-28,370966,300966,共同药业,0.0008545904,2022-12-16,A
118027,宏图转债,2022-11-28,718066,688066,航天宏图,0.0033846,2022-12-22,BBB+
113662,豪能转债,2022-11-25,754809,603809,豪能股份,0.00083925,2022-12-23,AA-
123170,南电转债,2022-11-24,370346,300346,南大光电,0.0034265105,2022-12-15,AA-
123168,惠云转债,2022-11-23,370891,300891,惠云钛业,0.0017122918,2022-12-14,AA-
123169,正海转债,2022-11-23,370224,300224,正海磁材,0.0034231574,2022-12-12,AA-
113661,福22转债,2022-11-22,754806,603806,福斯特,0.00370763,2022-12-22,AA
113660,寿22转债,2022-11-17,754896,603896,寿仙谷,0.00061196,2022-12-12,AA-
123167,商络转债,2022-11-17,370975,300975,商络电子,0.0006649965,2022-12-09,A+
113064,东材转债,2022-11-16,783208,601208,东材科技,0.00337118,2022-12-12,AA
111010,立昂转债,2022-11-14,713358,605358,立昂微,0.00870911,2022-12-07,AA
111009,盛泰转债,2022-11-07,713138,605138,盛泰集团,0.0029625,2022-12-01,AA
123166,蒙泰转债,2022-11-02,370876,300876,蒙泰高新,0.0003409429,2022-11-25,A
111008,沿浦转债,2022-11-02,713128,605128,上海沿浦,0.00064158,2022-11-28,A+
113063,赛轮转债,2022-11-02,783058,601058,赛轮轮胎,0.00504709,2022-11-24,AA
123165,回天转债,2022-10-27,370041,300041,回天新材,0.0026221841,2022-11-15,AA-
127076,中宠转2,2022-10-25,072891,002891,中宠股份,0.0027132874,2022-11-21,AA-
118026,利元转债,2022-10-24,718499,688499,利元亨,0.00169089,2022-11-18,A+
118025,奕瑞转债,2022-10-24,718301,688301,奕瑞科技,0.00472555,2022-11-18,AA
118024,冠宇转债,2022-10-24,718772,688772,珠海冠宇,0.00865087,2022-11-17,AA
123164,法本转债,2022-10-21,370925,300925,法本信息,0.0014980607,2022-11-14,A+
127075,百川转2,2022-10-19,072455,002455,百川股份,0.0030028704,2022-11-16,A+
123163,金沃转债,2022-10-14,370984,300984,金沃股份,0.0006837546,2022-11-07,A
113659,莱克转债,2022-10-14,754355,603355,莱克电气,0.00358625,2022-11-15,AA
123162,东杰转债,2022-10-14,370486,300486,东杰智能,0.0022080868,2022-11-04,BBB+
127074,麦米转2,2022-10-13,072851,002851,麦格米特,0.0037867415,2022-11-09,AA-
118023,广大转债,2022-10-13,718186,688186,广大特材,0.00449935,2022-11-09,AA-
123161,强联转债,2022-10-11,370850,300850,新强联,0.0041980672,2022-10-27,AA
111007,永和转债,2022-10-11,713020,605020,永和股份,0.00079744,2022-11-01,AA-
118022,锂科转债,2022-10-11,718779,688779,五矿新能,0.01010987,2022-11-07,AA
113657,再22转债,2022-09-29,754601,603601,再升科技,0.00166489,2022-10-27,AA-
123160,泰福转债,2022-09-28,370992,300992,泰福泵业,0.0011807313,2022-10-25,A
118021,新致转债,2022-09-27,718590,688590,新致软件,0.00210647,2022-11-02,A
123159,崧盛转债,2022-09-27,371002,301002,崧盛股份,0.0009864816,2022-10-24,AA-
123158,宙邦转债,2022-09-26,370037,300037,新宙邦,0.0055403768,2022-10-21,AA
110090,爱迪转债,2022-09-23,733933,600933,爱柯迪,0.00326889,2022-10-28,AA
127073,天赐转债,2022-09-23,072709,002709,天赐材料,0.0106411116,2022-10-27,AA
118020,芳源转债,2022-09-23,718148,688148,芳源股份,0.0030282,2022-11-07,BBB
110089,兴发转债,2022-09-22,733141,600141,兴发集团,0.00735328,2022-10-31,AA+
127072,博实转债,2022-09-22,072698,002698,博实股份,0.0013565036,2022-11-03,AA
118019,金盘转债,2022-09-16,718676,688676,金盘科技,0.00307878,2022-10-13,AA
113658,密卫转债,2022-09-16,754713,603713,密尔克卫,0.00278074,2022-10-25,AA-
113062,常银转债,2022-09-15,783128,601128,常熟银行,0.01924535,2022-10-17,AAA
110088,淮22转债,2022-09-14,733985,600985,淮北矿业,0.00498591,2022-10-20,AAA
113656,嘉诚转债,2022-09-01,754535,603535,嘉诚国际,0.00126608,2022-10-12,AA-
123157,科蓝转债,2022-08-30,370663,300663,科蓝软件,0.0031160271,2022-09-20,A
127071,天箭转债,2022-08-22,073009,003009,中天火箭,0.0023799411,2022-09-19,AA+
118018,瑞科转债,2022-08-18,718323,688323,瑞华泰,0.00172772,2022-09-14,A
127070,大中转债,2022-08-17,071203,001203,大中矿业,0.0019145637,2022-10-11,AA
123156,博汇转债,2022-08-16,370839,300839,博汇股份,0.0005633815,2022-09-02,A
127068,顺博转债,2022-08-12,072996,002996,顺博合金,0.0007501551,2022-09-07,AA-
123155,中陆转债,2022-08-12,371040,301040,中环海陆,0.0007387851,2022-08-31,A+
127069,小熊转债,2022-08-12,072959,002959,小熊电器,0.0005793748,2022-09-07,AA-
111006,嵘泰转债,2022-08-11,713133,605133,嵘泰股份,0.00102065,2022-09-21,AA-
118017,深科转债,2022-08-08,718328,688328,深科达,0.0007305,2022-08-29,A+
113655,欧22转债,2022-08-05,754833,603833,欧派家居,0.00185123,2022-09-01,AA
118016,京源转债,2022-08-05,718096,688096,京源环保,0.00085802,2022-08-25,A
123154,火星转债,2022-08-05,370894,300894,火星人,0.0012387727,2022-08-23,AA-
113654,永02转债,2022-08-04,754901,603901,永创智能,0.00157357,2022-09-01,AA-
113653,永22转债,2022-07-28,754681,603681,永冠新材,0.00109856,2022-08-26,AA-
113652,伟22转债,2022-07-22,754568,603568,伟明环保,0.00085852,2022-08-12,AA
118015,芯海转债,2022-07-21,718595,688595,芯海科技,0.00121976,2022-08-18,A+
123153,英力转债,2022-07-21,370956,300956,英力股份,0.0004921466,2022-08-11,A+
123152,润禾转债,2022-07-21,370727,300727,润禾材料,0.000613369,2022-08-11,A+
127067,恒逸转2,2022-07-21,070703,000703,恒逸石化,0.0037880595,2022-08-18,AA+
113651,松霖转债,2022-07-20,754992,603992,松霖科技,0.00038283,2022-08-17,AA
118014,高测转债,2022-07-18,718556,688556,高测股份,0.00132505,2022-08-12,A+
113061,拓普转债,2022-07-14,783689,601689,拓普集团,0.00267601,2022-08-12,AA+
127066,科利转债,2022-07-08,072850,002850,科达利,0.0038676044,2022-08-03,AA
118013,道通转债,2022-07-08,718208,688208,道通科技,0.0036183,2022-07-28,AA
118012,微芯转债,2022-07-05,718321,688321,微芯生物,0.00190876,2022-07-28,A+
118011,银微转债,2022-07-04,718689,688689,银河微电,0.00186904,2022-08-02,A+
113650,博22转债,2022-07-01,754916,603916,苏博特,0.00218809,2022-07-28,AA-
123151,康医转债,2022-07-01,370869,300869,康泰医学,0.0022130983,2022-07-20,A+
123150,九强转债,2022-06-30,370406,300406,九强生物,0.0033260952,2022-07-20,AA-
118010,洁特转债,2022-06-28,718026,688026,洁特生物,0.00128853,2022-08-02,A+
113649,丰山转债,2022-06-27,754810,603810,丰山集团,0.0007255,2022-07-21,AA-
118009,华锐转债,2022-06-24,718059,688059,华锐精密,0.00097933,2022-07-21,A+
110087,天业转债,2022-06-23,733075,600075,新疆天业,0.0062116,2022-07-19,AA+
118008,海优转债,2022-06-23,718680,688680,海优新材,0.00217149,2022-07-21,A
111005,富春转债,2022-06-23,713189,605189,富春染织,0.00047414,2022-07-25,AA-
127065,瑞鹄转债,2022-06-22,072997,002997,瑞鹄模具,0.0006807533,2022-07-27,A+
123149,通裕转债,2022-06-20,370185,300185,通裕重工,0.004226389,2022-07-15,AA
113060,浙22转债,2022-06-14,783878,601878,浙商证券,0.011774,2022-07-08,AAA
123148,上能转债,2022-06-14,370827,300827,上能电气,0.0014433022,2022-07-01,A+
123147,中辰转债,2022-05-31,370933,300933,中辰股份,0.0012720896,2022-06-21,AA-
113059,福莱转债,2022-05-20,783865,601865,福莱特,0.00327735,2022-06-13,AA
127064,杭氧转债,2022-05-19,072430,002430,杭氧股份,0.0018155797,2022-07-05,AA+
123146,中环转2,2022-05-06,370692,300692,中环环保,0.0028708956,2022-05-26,AA-
113648,巨星转债,2022-04-25,754477,603477,巨星农牧,0.00217775,2022-05-17,AA-
127063,贵轮转债,2022-04-22,070589,000589,贵州轮胎,0.0060069146,2022-05-30,AA
110086,精工转债,2022-04-22,733496,600496,精工钢构,0.00667805,2022-05-23,AA
113647,禾丰转债,2022-04-22,754609,603609,禾丰股份,0.00373098,2022-05-18,AA
127062,垒知转债,2022-04-21,072398,002398,垒知集团,0.0011674071,2022-05-20,AA-
127061,美锦转债,2022-04-20,070723,000723,美锦能源,0.024350407,2022-05-30,A+
123145,药石转债,2022-04-20,370725,300725,药石科技,0.0029664999,2022-05-18,AA
127060,湘佳转债,2022-04-19,072982,002982,湘佳股份,0.0020221327,2022-06-10,A+
113644,艾迪转债,2022-04-15,754638,603638,艾迪精密,0.00432829,2022-05-12,AA-
113646,永吉转债,2022-04-14,754058,603058,永吉股份,0.00044656,2022-05-17,AA-
123144,裕兴转债,2022-04-11,370305,300305,裕兴股份,0.0020619353,2022-04-27,A+
127059,永东转2,2022-04-08,072753,002753,永东股份,0.0013359626,2022-05-16,AA-
123143,胜蓝转债,2022-03-31,370843,300843,胜蓝股份,0.0003930271,2022-04-22,AA-
113058,友发转债,2022-03-30,783686,601686,友发集团,0.00137217,2022-04-26,AA
111004,明新转债,2022-03-30,713068,605068,明新旭腾,0.00073578,2022-04-25,AA-
113643,风语转债,2022-03-25,754466,603466,风语筑,0.00325335,2022-04-22,AA-
113057,中银转债,2022-03-24,783881,601881,中国银河,0.06376974,2022-05-10,AAA
113056,重银转债,2022-03-23,783963,601963,重庆银行,0.03014188,2022-04-14,AAA
118007,山石转债,2022-03-22,718030,688030,山石网科,0.00178881,2022-04-21,A
123142,申昊转债,2022-03-18,370853,300853,申昊科技,0.001392411,2022-04-11,A-
127058,科伦转债,2022-03-18,072422,002422,科伦药业,0.0051215886,2022-04-20,AA+
123141,宏丰转债,2022-03-15,370283,300283,温州宏丰,0.0009422475,2022-04-08,BBB+
118006,阿拉转债,2022-03-15,718179,688179,阿拉丁,0.00076689,2022-04-12,A+
123140,天地转债,2022-03-14,370743,300743,天地数码,0.000629557,2022-03-30,A
123139,铂科转债,2022-03-11,370811,300811,铂科新材,0.0008798924,2022-03-31,A+
111003,聚合转债,2022-03-07,713166,605166,聚合顺,0.00044739,2022-04-19,AA-
113055,成银转债,2022-03-03,783838,601838,成都银行,0.01399719,2022-04-06,AAA
127057,盘龙转债,2022-03-03,072864,002864,盘龙药业,0.0004537589,2022-04-08,A+
123138,丝路转债,2022-03-02,370556,300556,丝路视觉,0.0012497809,2022-03-22,A
113642,上22转债,2022-03-01,754185,603185,弘元绿能,0.00324259,2022-04-06,AA-
127056,中特转债,2022-02-25,070708,000708,中信特钢,0.0165737615,2022-04-15,AAA
113054,绿动转债,2022-02-25,783330,601330,绿色动力,0.0154616,2022-03-23,AA+
110085,通22转债,2022-02-24,733438,600438,通威股份,0.01949866,2022-03-18,AAA
113641,华友转债,2022-02-24,754799,603799,华友钴业,0.01730114,2022-03-23,AA+
127055,精装转债,2022-02-22,072989,002989,中天精装,0.0023831813,2022-03-24,AA-
113640,苏利转债,2022-02-16,754585,603585,苏利股份,0.00091621,2022-03-10,AA-
127054,双箭转债,2022-02-11,072381,002381,双箭股份,0.0009768991,2022-03-15,AA
123137,锦浪转债,2022-02-10,370763,300763,锦浪科技,0.0068897234,2022-03-02,AA-
118005,天奈转债,2022-01-27,718116,688116,天奈科技,0.00246365,2022-03-01,AA-
127053,豪美转债,2022-01-24,072988,002988,豪美新材,0.0015482983,2022-03-04,AA-
113639,华正转债,2022-01-24,754186,603186,华正新材,0.00346786,2022-02-22,AA+
123136,城市转债,2022-01-21,370778,300778,新城市,0.0004898785,2022-02-15,AA-
113053,隆22转债,2022-01-05,783012,601012,隆基绿能,0.02376563,2022-02-17,AAA
118004,博瑞转债,2022-01-04,718166,688166,博瑞医药,0.00185637,2022-01-27,AA-
113638,台21转债,2021-12-29,754055,603055,台华新材,0.0021851,2022-01-21,AA
123135,泰林转债,2021-12-28,370813,300813,泰林生物,0.0004374263,2022-01-19,A+
123134,卡倍转债,2021-12-27,370863,300863,卡倍亿,0.0005265447,2022-01-18,A+
113052,兴业转债,2021-12-27,783166,601166,兴业银行,0.09857132,2022-01-14,AAA
110084,贵燃转债,2021-12-27,733903,600903,贵州燃气,0.00456848,2022-01-18,AA
127052,西子转债,2021-12-24,072534,002534,西子洁能,0.002976842,2022-01-24,AA
123133,佩蒂转债,2021-12-22,370673,300673,佩蒂股份,0.0012533013,2022-01-21,AA-
113637,华翔转债,2021-12-22,754112,603112,华翔股份,0.00164921,2022-01-20,AA-
123132,回盛转债,2021-12-17,370871,300871,回盛生物,0.0022054859,2022-01-07,AA-
113636,甬金转债,2021-12-13,754995,603995,甬金股份,0.00154662,2021-12-31,AA-
113635,升21转债,2021-12-10,754305,603305,旭升集团,0.00474454,2021-12-30,AA-
113634,珀莱转债,2021-12-08,754605,603605,珀莱雅,0.006034,2022-01-04,AA
111002,特纸转债,2021-12-08,713007,605007,五洲特纸,0.00055795,2021-12-30,AA
123131,奥飞转债,2021-12-03,370738,300738,奥飞数据,0.0014060128,2021-12-22,A+
113633,科沃转债,2021-11-30,754486,603486,科沃斯,0.00869953,2021-12-29,AA
118003,华兴转债,2021-11-29,718001,688001,华兴源创,0.00227647,2021-12-20,AA
127051,博杰转债,2021-11-17,072975,002975,博杰股份,0.0006917487,2021-12-17,AA-
113632,鹤21转债,2021-11-17,754733,603733,仙鹤股份,0.00136911,2021-12-09,AA
123130,设研转债,2021-11-11,370732,300732,设研院,0.0013209989,2021-12-02,AA
110083,苏租转债,2021-11-11,733901,600901,江苏金租,0.00876929,2021-12-10,AAA
127050,麒麟转债,2021-11-11,072984,002984,森麒麟,0.0022174867,2021-12-06,AA
111001,山玻转债,2021-11-08,713006,605006,山东玻纤,0.00208862,2021-12-06,AA-
113631,皖天转债,2021-11-08,754689,603689,皖天然气,0.00134238,2021-12-10,AA+
123129,锦鸡转债,2021-11-04,370798,300798,锦鸡股份,0.0041304969,2021-11-24,A+
127049,希望转2,2021-11-02,070876,000876,新希望,0.0230951278,2021-11-29,AAA
123128,首华转债,2021-11-01,370483,300483,首华燃气,0.0113842934,2021-11-18,AA-
123127,耐普转债,2021-10-29,370818,300818,耐普矿机,0.0032734062,2021-11-19,A+
110082,宏发转债,2021-10-28,733885,600885,宏发股份,0.0084696,2021-11-23,AA
113630,赛伍转债,2021-10-27,754212,603212,赛伍技术,0.00355375,2021-11-23,AA-
127048,中大转债,2021-10-26,072896,002896,中大力德,0.0014588823,2021-11-24,A+
127047,帝欧转债,2021-10-25,072798,002798,帝欧家居,0.0079135913,2021-11-26,A-
127046,百润转债,2021-09-29,072568,002568,百润股份,0.0013496701,2021-11-03,AA
113629,泉峰转债,2021-09-14,754982,603982,泉峰汽车,0.00375771,2021-10-21,A+
123126,瑞丰转债,2021-09-10,370243,300243,瑞丰高材,0.0012073386,2021-10-18,A
123125,元力转债,2021-09-06,370174,300174,元力股份,0.0050720323,2021-09-30,AA-
113628,晨丰转债,2021-08-23,754685,603685,晨丰科技,0.00195979,2021-09-17,A
127044,蒙娜转债,2021-08-16,072918,002918,蒙娜丽莎,0.0018822523,2021-09-16,AA-
123124,晶瑞转2,2021-08-16,370655,300655,晶瑞电材,0.0028963875,2021-09-07,A+
127045,牧原转债,2021-08-16,072714,002714,牧原股份,0.014138096,2021-09-10,AA+
118002,天合转债,2021-08-13,718599,688599,天合光能,0.01059947,2021-09-01,AA
127043,川恒转债,2021-08-12,072895,002895,川恒股份,0.0046218017,2021-09-23,AA-
123123,江丰转债,2021-08-12,370666,300666,江丰电子,0.0033476722,2021-09-01,A+
127042,嘉美转债,2021-08-09,072969,002969,嘉美包装,0.0070443845,2021-09-08,AA
123122,富瀚转债,2021-08-06,370613,300613,富瀚微,0.0021179642,2021-08-24,A+
123121,帝尔转债,2021-08-05,370776,300776,帝尔激光,0.0012905978,2021-08-27,AA-
123120,隆华转债,2021-07-30,370263,300263,隆华科技,0.0022189544,2021-08-23,AA-
110081,闻泰转债,2021-07-28,733745,600745,闻泰科技,0.04402965,2021-08-20,AA-
118001,金博转债,2021-07-23,718598,688598,金博股份,0.0017707,2021-08-18,A+
123119,康泰转2,2021-07-15,370601,300601,康泰生物,0.0141817815,2021-08-05,AA
113627,太平转债,2021-07-15,754877,603877,太平鸟,0.00054163,2021-08-06,AA
127041,弘亚转债,2021-07-12,072833,002833,弘亚数控,0.0048246828,2021-08-10,AA-
127040,国泰转债,2021-07-07,072091,002091,江苏国泰,0.0175529317,2021-08-10,AA+
123118,惠城转债,2021-07-07,370779,300779,惠城环保,0.0024427362,2021-07-26,A+
127039,北港转债,2021-06-29,070582,000582,北部湾港,0.0182929759,2021-07-23,AAA
113626,伯特转债,2021-06-29,754596,603596,伯特利,0.00306762,2021-07-21,AA
123117,健帆转债,2021-06-23,370529,300529,健帆生物,0.0018136556,2021-07-12,AA
113051,节能转债,2021-06-21,783016,601016,节能风电,0.01332842,2021-07-22,AA+
113050,南银转债,2021-06-15,783009,601009,南京银行,0.02907534,2021-07-01,AAA
113625,江山转债,2021-06-11,754208,603208,江山欧派,0.00101858,2021-07-01,AA-
113049,长汽转债,2021-06-10,783633,601633,长城汽车,0.00528552,2021-07-08,AAA
127038,国微转债,2021-06-10,072049,002049,紫光国微,0.0089843401,2021-07-14,AA+
123116,万兴转债,2021-06-09,370624,300624,万兴科技,0.0031002913,2021-07-01,A+
123115,捷捷转债,2021-06-08,370623,300623,捷捷微电,0.0028256096,2021-06-29,AA-
127037,银轮转债,2021-06-07,072126,002126,银轮股份,0.0027731843,2021-07-09,AA
127036,三花转债,2021-06-01,072050,002050,三花智控,0.009443869,2021-06-30,AA+
127035,濮耐转债,2021-05-26,072225,002225,濮耐股份,0.0053471158,2021-06-18,AA
123114,三角转债,2021-05-25,370775,300775,三角防务,0.003312021,2021-06-11,AA-
111000,起帆转债,2021-05-24,713222,605222,起帆电缆,0.00843359,2021-06-17,AA-
127034,绿茵转债,2021-04-30,072887,002887,绿茵生态,0.0076133113,2021-05-28,AA-
113624,正川转债,2021-04-28,754976,603976,正川股份,0.00391946,2021-06-01,A+
113048,晶科转债,2021-04-23,783778,601778,晶科科技,0.02540444,2021-05-31,AA
123113,仙乐转债,2021-04-19,370791,300791,仙乐健康,0.0012972269,2021-05-14,AA-
127033,中装转2,2021-04-16,072822,002822,ST中装,0.0127924905,2021-05-24,B-
110080,东湖转债,2021-04-12,733133,600133,东湖高新,0.01334922,2021-05-12,AA
127032,苏行转债,2021-04-12,072966,002966,苏州银行,0.0463395661,2021-05-12,AAA
113047,旗滨转债,2021-04-09,783636,601636,旗滨集团,0.00706166,2021-05-07,AA+
123112,万讯转债,2021-04-08,370112,300112,万讯自控,0.0024070169,2021-04-23,AA-
113623,凤21转债,2021-04-08,754225,603225,新凤鸣,0.0054826,2021-05-07,AA
123111,东财转3,2021-04-07,370059,300059,东方财富,0.0587697466,2021-04-23,AA+
123110,九典转债,2021-04-01,370705,300705,九典制药,0.0021121042,2021-04-23,A+
123109,昌红转债,2021-04-01,370151,300151,昌红科技,0.0045166298,2021-04-19,AA-
123108,乐普转2,2021-03-30,370003,300003,乐普医疗,0.0172882477,2021-04-19,AA+
110079,杭银转债,2021-03-29,733926,600926,杭州银行,0.06353692,2021-04-23,AAA
123107,温氏转债,2021-03-29,370498,300498,温氏股份,0.0170006161,2021-04-21,AAA
113622,杭叉转债,2021-03-25,754298,603298,杭叉集团,0.00155683,2021-04-14,AA+
127031,洋丰转债,2021-03-25,070902,000902,新洋丰,0.0036186809,2021-04-23,AA
123106,正丹转债,2021-03-24,370641,300641,正丹股份,0.0052517895,2021-04-20,AA-
113046,金田转债,2021-03-22,783609,601609,金田股份,0.01333617,2021-04-12,AA+
127030,盛虹转债,2021-03-22,070301,000301,东方盛虹,0.01612593,2021-04-21,AA+
128145,日丰转债,2021-03-22,072953,002953,日丰股份,0.0011090651,2021-04-16,AA-
123105,拓尔转债,2021-03-19,370229,300229,拓尔思,0.0053683832,2021-04-27,AA-
127029,中钢转债,2021-03-19,070928,000928,中钢国际,0.0120441383,2021-04-23,AA+
123104,卫宁转债,2021-03-16,370253,300253,卫宁健康,0.0072930284,2021-03-31,AA
123103,震安转债,2021-03-12,370767,300767,震安科技,0.0020636122,2021-03-31,A+
123102,华自转债,2021-03-12,370490,300490,华自科技,0.0083448947,2021-04-01,AA-
123101,拓斯转债,2021-03-10,370607,300607,拓斯达,0.0043718239,2021-03-29,AA
113620,傲农转债,2021-03-10,754363,603363,傲农生物,0.00600858,2021-04-02,AA
113045,环旭转债,2021-03-04,783231,601231,环旭电子,0.00852173,2021-04-02,AA+
128144,利民转债,2021-03-01,072734,002734,利民股份,0.0097896723,2021-03-24,AA
118000,嘉元转债,2021-02-23,718388,688388,嘉元科技,0.00538537,2021-03-15,A+
404005,普利退债,2021-02-09,370630,400266,R普利1,0.0033148912,,
123099,普利转退,2021-02-09,370630,300630,普利退,0.0033148912,2021-03-08,B+
123100,朗科转债,2021-02-09,370543,300543,朗科智能,0.0057083238,2021-03-16,AA-
123098,一品转债,2021-01-28,370723,300723,一品红,0.0009778488,2021-02-23,AA-
123097,美力转债,2021-01-27,370611,300611,美力科技,0.0017836629,2021-02-24,A+
113621,彤程转债,2021-01-26,754650,603650,彤程新材,0.00076757,2021-02-22,AA
123096,思创转债,2021-01-26,370078,300078,思创医惠,0.0054656157,2021-03-01,BB
113042,上银转债,2021-01-25,783229,601229,上海银行,0.10907806,2021-02-10,AAA
123094,星源转2,2021-01-20,370568,300568,星源材质,0.0052075383,2021-03-31,AA
113619,世运转债,2021-01-20,754920,603920,世运电路,0.00184249,2021-02-19,AA
123093,金陵转债,2021-01-19,370651,300651,金陵体育,0.0004956518,2021-02-18,A+
113618,美诺转债,2021-01-14,754538,603538,美诺华,0.00329918,2021-02-04,AA-
128143,锋龙转债,2021-01-08,072931,002931,锋龙股份,0.0007095687,2021-01-29,A+
127028,英特转债,2021-01-05,070411,000411,英特集团,0.0036110548,2021-03-10,AA+
113616,韦尔转债,2020-12-28,754501,603501,豪威集团,0.00738383,2021-01-22,AA+
123092,天壕转债,2020-12-24,370332,300332,天壕能源,0.0023430463,2021-01-15,A+
123091,长海转债,2020-12-23,370196,300196,长海股份,0.0014067053,2021-01-15,AA
113615,金诚转债,2020-12-23,754979,603979,金诚信,0.0032146,2021-01-14,AA
123090,三诺转债,2020-12-21,370298,300298,三诺生物,0.0024221039,2021-01-12,AA
123089,九洲转2,2020-12-21,370040,300040,九洲集团,0.0021923237,2021-01-08,AA-
128142,新乳转债,2020-12-18,072946,002946,新乳业,0.0006461241,2021-01-19,AA
128141,旺能转债,2020-12-17,072034,002034,旺能环境,0.0048533496,2021-01-18,AA
113614,健20转债,2020-12-17,754707,603707,健友股份,0.00128136,2021-01-18,AA
123088,威唐转债,2020-12-15,370707,300707,威唐工业,0.0015096482,2021-01-06,A+
123087,明电转债,2020-12-15,370739,300739,明阳电路,0.0012211636,2021-01-05,AA-
113044,大秦转债,2020-12-14,783006,601006,大秦铁路,0.05651439,2021-01-15,AAA
123086,海兰转债,2020-12-11,370065,300065,海兰信,0.003484704,2021-02-08,AA-
123085,万顺转2,2020-12-11,370057,300057,万顺新材,0.0035536171,2020-12-28,AA-
127027,能化转债,2020-12-10,070552,000552,甘肃能化,0.0213847535,2021-01-22,AAA
123084,高澜转债,2020-12-10,370499,300499,高澜股份,0.0010784413,2021-01-08,A+
113043,财通转债,2020-12-10,783108,601108,财通证券,0.01261614,2020-12-28,AAA
123083,朗新转债,2020-12-09,370682,300682,朗新集团,0.0021702201,2021-01-06,AA
113612,永冠转债,2020-12-08,754681,603681,永冠新材,0.00109624,2021-01-07,AA-
127026,超声转债,2020-12-08,070823,000823,超声电子,0.0053964483,2021-01-14,AA
123082,北陆转债,2020-12-07,370016,300016,北陆药业,0.0017313567,2020-12-28,A
128140,润建转债,2020-12-07,072929,002929,润建股份,0.0022005806,2020-12-29,AA
123081,精研转债,2020-12-03,370709,300709,精研科技,0.002124323,2020-12-22,AA-
123080,海波转债,2020-12-02,370517,300517,海波重科,0.0006796921,2020-12-22,A+
123079,运达转债,2020-12-01,370772,300772,运达股份,0.0021538626,2020-12-25,AA
113610,灵康转债,2020-12-01,754669,603669,灵康药业,0.00133615,2020-12-22,A-
113611,福20转债,2020-12-01,754806,603806,福斯特,0.00215375,2020-12-22,AA
128139,祥鑫转债,2020-12-01,072965,002965,祥鑫科技,0.0012362995,2020-12-24,AA-
123078,飞凯转债,2020-11-27,370398,300398,飞凯材料,0.0071449443,2020-12-16,AA-
113609,永安转债,2020-11-24,754776,603776,永安行,0.0021376,2020-12-23,AA-
123077,汉得转债,2020-11-23,370170,300170,汉得信息,0.0060069821,2020-12-15,AA
110077,洪城转债,2020-11-20,733461,600461,洪城环境,0.00447731,2020-12-17,AA+
123076,强力转债,2020-11-19,370429,300429,强力新材,0.003900825,2020-12-04,AA-
128138,侨银转债,2020-11-17,072973,002973,侨银股份,0.0008817076,2020-12-24,A+
113608,威派转债,2020-11-09,754956,603956,威派格,0.00055212,2020-11-27,A+
127025,冀东转债,2020-11-05,070401,000401,冀东水泥,0.0115892497,2020-12-02,AAA
127024,盈峰转债,2020-11-04,070967,000967,盈峰环境,0.0073415,2020-12-02,AA+
128137,洁美转债,2020-11-04,072859,002859,洁美科技,0.0015490067,2020-12-01,AA-
128136,立讯转债,2020-11-03,072475,002475,立讯精密,0.0122806628,2020-12-02,AA+
113041,紫金转债,2020-11-03,783899,601899,紫金矿业,0.01817312,2020-11-27,AAA
123075,贝斯转债,2020-11-02,370580,300580,贝斯特,0.0013333329,2020-11-23,AA-
110076,华海转债,2020-11-02,733521,600521,华海药业,0.00585781,2020-11-25,AA
113607,伟20转债,2020-11-02,754568,603568,伟明环保,0.00154674,2020-11-27,AA
113606,荣泰转债,2020-10-30,754579,603579,荣泰健康,0.00140237,2020-11-20,AA-
123074,隆利转债,2020-10-29,370752,300752,隆利科技,0.001213147,2020-11-16,AA-
123073,同和转债,2020-10-26,370636,300636,同和药业,0.0019355294,2020-11-16,A+
127023,华菱转2,2020-10-23,070932,000932,华菱钢铁,0.0132405664,2020-11-19,AAA
113605,大参转债,2020-10-22,754233,603233,大参林,0.00175982,2020-11-13,AA
113040,星宇转债,2020-10-22,783799,601799,星宇股份,0.00404514,2020-11-16,AA+
123071,天能转债,2020-10-21,370569,300569,天能重工,0.0025323626,2020-11-25,AA-
123072,乐歌转债,2020-10-21,370729,300729,乐歌股份,0.0001860645,2020-11-10,A+
123070,鹏辉转债,2020-10-20,370438,300438,鹏辉能源,0.002757234,2020-11-06,AA
128135,洽洽转债,2020-10-20,072557,002557,洽洽食品,0.0047402921,2020-11-18,AA
123069,金诺转债,2020-10-16,370505,300505,川金诺,0.0010466397,2020-11-05,AA-
127022,恒逸转债,2020-10-16,070703,000703,恒逸石化,0.0066710976,2020-11-16,AA+
110075,南航转债,2020-10-15,733029,600029,南方航空,0.04534376,2020-11-03,AAA
123068,弘信转债,2020-10-15,370657,300657,弘信电子,0.0021791225,2020-11-04,AA-
113604,多伦转债,2020-10-13,754528,603528,多伦科技,0.0013212,2020-11-17,AA-
128134,鸿路转债,2020-10-09,072541,002541,鸿路钢构,0.0038985059,2020-11-02,AA
113603,东缆转债,2020-09-24,754606,603606,东方电缆,0.00270889,2020-10-29,AA
128133,奇正转债,2020-09-22,072287,002287,奇正藏药,0.0047638333,2020-10-27,AA
123067,斯莱转债,2020-09-17,370382,300382,斯莱克,0.0036756041,2020-10-15,AA-
123066,赛意转债,2020-09-16,370687,300687,赛意信息,0.0006229113,2020-10-15,A+
128132,交建转债,2020-09-15,072941,002941,新疆交建,0.0070094297,2020-10-16,AA
128131,崇达转2,2020-09-07,072815,002815,崇达技术,0.002532756,2020-09-28,AA
123065,宝莱转债,2020-09-04,370246,300246,宝莱特,0.000719054,2020-09-24,AA-
123064,万孚转债,2020-09-01,370482,300482,万孚生物,0.0026141902,2020-09-23,AA
128130,景兴转债,2020-08-31,072067,002067,景兴纸业,0.0073651176,2020-09-18,AA
128129,青农转债,2020-08-25,072958,002958,青农商行,0.0218393992,2020-09-18,AAA
113039,嘉泽转债,2020-08-24,783619,601619,嘉泽新能,0.00361073,2020-09-17,AA
113602,景20转债,2020-08-24,754228,603228,景旺电子,0.00293701,2020-09-22,AA
113601,塞力转债,2020-08-21,754716,603716,塞力医疗,0.00216291,2020-09-15,BB+
128127,文科转债,2020-08-20,072775,002775,文科股份,0.0025740545,2020-09-11,A-
128128,齐翔转2,2020-08-20,072408,002408,齐翔腾达,0.0085402882,2020-09-15,AA
110074,精达转债,2020-08-19,733577,600577,精达股份,0.00377463,2020-09-21,AA
404004,汇车退债,2020-08-18,733297,400245,R汇车1,0.02625184,2024-11-01,A
110072,广汇转债,2020-08-18,733297,600297,广汇汽车,0.02625184,2020-09-15,AA-
113600,新星转债,2020-08-13,754978,603978,深圳新星,0.0018836,2020-09-11,A-
127021,特发转2,2020-08-07,070070,000070,ST特信,0.0023755027,2020-09-04,AA
128126,赣锋转2,2020-08-06,072460,002460,赣锋锂业,0.0098998169,2020-09-08,AA
113599,嘉友转债,2020-08-05,754871,603871,嘉友国际,0.00088457,2020-09-07,AA-
113598,法兰转债,2020-07-31,754966,603966,法兰泰克,0.00066859,2020-08-25,AA-
113038,隆20转债,2020-07-31,783012,601012,隆基绿能,0.01172791,2020-09-08,AAA
128125,华阳转债,2020-07-30,072949,002949,华阳国际,0.0012829198,2020-08-21,AA-
113597,佳力转债,2020-07-30,754912,603912,佳力图,0.00189504,2020-08-21,AA-
123063,大禹转债,2020-07-28,370021,300021,大禹节水,0.0026991037,2020-08-20,AA-
128124,科华转债,2020-07-28,072022,002022,科华生物,0.0039375532,2020-08-20,A+
113596,城地转债,2020-07-28,754887,603887,城地香江,0.00228593,2020-08-20,BBB
128123,国光转债,2020-07-27,072749,002749,国光股份,0.0004045176,2020-08-19,AA-
123062,三超转债,2020-07-27,370554,300554,三超新材,0.0006112477,2020-08-17,A
110073,国投转债,2020-07-24,733061,600061,国投资本,0.05041538,2020-08-20,AAA
128122,兴森转债,2020-07-23,072436,002436,兴森科技,0.0017141879,2020-08-17,AA
113037,紫银转债,2020-07-23,783860,601860,紫金银行,0.03710734,2020-08-17,AA+
123061,航新转债,2020-07-22,370424,300424,航新科技,0.0016303342,2020-08-18,A-
123060,苏试转债,2020-07-21,370416,300416,苏试试验,0.0014857201,2020-08-17,AA-
113595,花王转债,2020-07-21,754007,603007,*ST花王,0.00334131,2020-08-18,B-
113594,淳中转债,2020-07-21,754516,603516,淳中科技,0.00083065,2020-08-28,A+
113593,沪工转债,2020-07-20,754131,603131,上海沪工,0.00238234,2020-08-10,A
127020,中金转债,2020-07-20,070060,000060,中金岭南,0.0222914863,2020-08-14,AA+
128120,联诚转债,2020-07-17,072921,002921,联诚精密,0.0011654962,2020-08-17,A
128121,宏川转债,2020-07-17,072930,002930,宏川智慧,0.0022019837,2020-08-07,AA-
123059,银信转债,2020-07-15,370231,300231,银信科技,0.002804547,2020-08-12,AA-
127019,国城转债,2020-07-15,070688,000688,国城矿业,0.0017374588,2020-08-10,A+
123058,欣旺转债,2020-07-14,370207,300207,欣旺达,0.0063610473,2020-08-07,AA
128119,龙大转债,2020-07-13,072726,002726,龙大美食,0.0033538774,2020-08-07,A+
110071,湖盐转债,2020-07-10,733929,600929,雪天盐业,0.00241531,2020-07-31,AA
113592,安20转债,2020-07-08,754345,603345,安井食品,0.00244472,2020-07-31,AA
113036,宁建转债,2020-07-06,783789,601789,宁波建工,0.00252691,2020-08-06,AA
128117,道恩转债,2020-07-02,072838,002838,道恩股份,0.001108956,2020-07-20,AA-
128118,瀛通转债,2020-07-02,072861,002861,瀛通通讯,0.0008764212,2020-08-05,A+
113591,胜达转债,2020-07-01,754687,603687,大胜达,0.00251037,2020-07-23,AA-
123057,美联转债,2020-07-01,370586,300586,美联新材,0.0007922256,2020-07-27,AA-
127018,本钢转债,2020-06-29,070761,000761,本钢板材,0.0925101034,2020-08-04,AAA
113590,海容转债,2020-06-29,754187,603187,海容冷链,0.00163561,2020-07-27,AA-
128116,瑞达转债,2020-06-29,072961,002961,瑞达期货,0.0006328567,2020-07-24,AA
128115,巨星转债,2020-06-24,072444,002444,巨星科技,0.0037931761,2020-07-16,AA
113589,天创转债,2020-06-24,754608,603608,天创时尚,0.00446376,2020-07-16,A-
123056,雪榕转债,2020-06-24,370511,300511,雪榕生物,0.0039153186,2020-07-24,A
123055,晨光转债,2020-06-17,370138,300138,晨光生物,0.0033685891,2020-07-13,AA-
113588,润达转债,2020-06-17,754108,603108,润达医疗,0.00362828,2020-07-13,AA
128114,正邦转债,2020-06-17,072157,002157,正邦科技,0.0074796201,2020-07-15,CC
113587,泛微转债,2020-06-15,754039,603039,泛微网络,0.00058595,2020-07-14,AA-
128113,比音转债,2020-06-15,072832,002832,比音勒芬,0.0017055504,2020-07-15,AA
128112,歌尔转2,2020-06-12,072241,002241,歌尔股份,0.0206728346,2020-07-13,AA+
128111,中矿转债,2020-06-11,072738,002738,中矿资源,0.0042105817,2020-07-07,AA-
123054,思特转债,2020-06-10,370608,300608,思特奇,0.0020095273,2020-07-06,AA-
113586,上机转债,2020-06-09,754185,603185,弘元绿能,0.00159549,2020-07-07,AA-
128110,永兴转债,2020-06-09,072756,002756,永兴材料,0.0018356443,2020-07-08,AA
113585,寿仙转债,2020-06-09,754896,603896,寿仙谷,0.00106434,2020-07-07,AA-
113584,家悦转债,2020-06-05,754708,603708,家家悦,0.0016905,2020-06-24,AA
123052,飞鹿转债,2020-06-05,370665,300665,飞鹿股份,0.0010765106,2020-07-03,A
123053,宝通转债,2020-06-05,370031,300031,宝通科技,0.0033767265,2020-07-01,AA-
128109,楚江转债,2020-06-04,072171,002171,楚江新材,0.0066122152,2020-06-23,AA
123051,今天转债,2020-06-04,370532,300532,今天国际,0.0016200692,2020-06-30,A+
127017,万青转债,2020-06-03,070789,000789,万年青,0.0055624354,2020-07-02,AA+
113583,益丰转债,2020-06-01,754939,603939,益丰药房,0.0113806,2020-06-22,AA
128108,蓝帆转债,2020-05-28,072382,002382,蓝帆医疗,0.0194791375,2020-06-19,AA-
113582,火炬转债,2020-05-27,754678,603678,火炬电子,0.00301617,2020-06-23,AA
113035,福莱转债,2020-05-27,783865,601865,福莱特,0.00192354,2020-06-17,AA
113581,龙蟠转债,2020-04-23,754906,603906,龙蟠科技,0.0015598,2020-05-19,A+
113579,健友转债,2020-04-23,754707,603707,健友股份,0.00089578,2020-05-22,AA
113580,康隆转债,2020-04-23,754665,603665,康隆达,0.00073934,2020-05-20,AA-
128107,交科转债,2020-04-22,072061,002061,浙江交科,0.0069568442,2020-05-22,AA+
113578,全筑转债,2020-04-20,754030,603030,全筑股份,0.00192268,2020-05-19,B-
113573,纵横转债,2020-04-17,754602,603602,纵横通信,0.00149134,2020-05-22,A+
113577,春秋转债,2020-04-14,754890,603890,春秋电子,0.0011919,2020-05-13,AA-
123050,聚飞转债,2020-04-14,370303,300303,聚飞光电,0.0103638504,2020-05-15,AA-
123049,维尔转债,2020-04-13,370190,300190,维尔利,0.0116420139,2020-05-12,A-
110070,凌钢转债,2020-04-13,733231,600231,凌钢股份,0.00466624,2020-05-13,AA
113576,起步转债,2020-04-10,754557,603557,ST起步,0.00829808,2020-05-07,B-
113034,滨化转债,2020-04-10,783678,601678,滨化股份,0.02050994,2020-04-30,AA
123048,应急转债,2020-04-10,370527,300527,ST应急,0.0187726049,2020-05-11,AA+
128106,华统转债,2020-04-10,072840,002840,华统股份,0.0031783036,2020-05-08,AA
127016,鲁泰转债,2020-04-09,070726,000726,鲁泰A,0.0112659532,2020-05-13,AA+
128105,长集转债,2020-04-09,072616,002616,长青集团,0.0020388649,2020-05-13,AA-
113575,东时转债,2020-04-09,754377,603377,ST东时,0.0058705,2020-04-30,CCC
110069,瀚蓝转债,2020-04-07,733323,600323,瀚蓝环境,0.00446687,2020-05-07,AA+
128104,裕同转债,2020-04-07,072831,002831,裕同科技,0.0044729367,2020-04-28,AA+
113033,利群转债,2020-04-01,783366,601366,利群股份,0.01910949,2020-04-21,AA
113574,华体转债,2020-03-31,754679,603679,华体科技,0.00133249,2020-04-27,A
128103,同德转债,2020-03-26,072360,002360,同德化工,0.0022022646,2020-04-21,A+
110068,龙净转债,2020-03-24,733388,600388,龙净环保,0.01802732,2020-04-15,AA+
123047,久吾转债,2020-03-20,370631,300631,久吾高科,0.0024346191,2020-04-17,A+
128102,海大转债,2020-03-19,072311,002311,海大集团,0.010381484,2020-04-16,AA+
123046,天铁转债,2020-03-19,370587,300587,天铁科技,0.006493967,2020-04-17,AA-
128101,联创转债,2020-03-16,072036,002036,联创电子,0.0051125501,2020-04-13,AA-
128100,搜特转债,2020-03-12,072503,002503,*ST搜特,0.012303288,2020-04-09,CC
123045,雷迪转债,2020-03-12,370652,300652,雷迪克,0.0051169954,2020-04-13,A+
123044,红相转债,2020-03-12,370427,300427,红相股份,0.0150937243,2020-04-13,A-
113571,博特转债,2020-03-12,754916,603916,苏博特,0.00892127,2020-04-01,AA-
110067,华安转债,2020-03-12,733909,600909,华安证券,0.0227139,2020-04-09,AAA
404002,搜特退债,2020-03-12,072503,400198,R搜特1,0.012303288,2023-10-20,C
113572,三祥转债,2020-03-12,754663,603663,三祥新材,0.002089,2020-04-09,A+
128099,永高转债,2020-03-11,072641,002641,公元股份,0.0049277976,2020-04-10,AA
113570,百达转债,2020-03-11,754331,603331,百达精工,0.00332853,2020-04-08,A+
113569,科达转债,2020-03-09,754660,603660,苏州科达,0.00798677,2020-04-08,A-
113568,新春转债,2020-03-06,754667,603667,五洲新春,0.00656682,2020-04-02,AA-
128098,康弘转债,2020-03-05,072773,002773,康弘药业,0.0298996227,2020-03-31,AA
123043,正元转债,2020-03-05,370645,300645,正元智慧,0.0030780242,2020-03-31,A+
113567,君禾转债,2020-03-04,754617,603617,君禾股份,0.00152501,2020-04-03,A+
113032,桐20转债,2020-03-02,783233,601233,桐昆股份,0.01796321,2020-03-20,AA+
110066,盛屯转债,2020-03-02,733711,600711,ST盛屯,0.04092865,2020-03-31,AA
113564,天目转债,2020-02-28,754136,603136,天目湖,0.00094899,2020-03-16,AA-
113566,翔港转债,2020-02-28,754499,603499,翔港科技,0.00169923,2020-03-31,A+
113565,宏辉转债,2020-02-26,754336,603336,宏辉果蔬,0.00170335,2020-03-16,A+
128097,奥佳转债,2020-02-25,072614,002614,奥佳华,0.0082119788,2020-03-18,A+
128096,奥瑞转债,2020-02-11,072701,002701,奥瑞金,0.0158999356,2020-03-16,AA+
128095,恩捷转债,2020-02-11,072812,002812,恩捷股份,0.0121868644,2020-02-28,AA
113563,柳药转债,2020-01-16,754368,603368,柳药集团,0.00937384,2020-02-24,AA
128094,星帅转债,2020-01-16,072860,002860,星帅尔,0.002356652,2020-02-19,A+
123042,银河转债,2020-01-14,370619,300619,金银河,0.0042317747,2020-02-14,A+
123041,东财转2,2020-01-13,370059,300059,东方财富,0.1320190507,2020-02-14,AA+
113031,博威转债,2020-01-10,783137,601137,博威合金,0.02172952,2020-02-17,AA
123040,乐普转债,2020-01-03,370003,300003,乐普医疗,0.0264293581,2020-01-23,AA+
127015,希望转债,2020-01-03,070876,000876,新希望,0.0492694631,2020-02-04,AAA
128093,百川转债,2020-01-03,072455,002455,百川股份,0.0197982464,2020-01-21,AA-
113562,璞泰转债,2020-01-02,754659,603659,璞泰来,0.00788472,2020-02-04,AA
113561,正裕转债,2019-12-31,754089,603089,正裕工业,0.0114564,2020-02-10,A+
128092,唐人转债,2019-12-30,072567,002567,唐人神,0.0414506941,2020-01-22,AA
128091,新天转债,2019-12-30,072873,002873,新天药业,0.0058986356,2020-01-17,A+
128090,汽模转2,2019-12-27,072510,002510,天汽模,0.0170801557,2020-01-23,AA-
123039,开润转债,2019-12-26,370577,300577,开润股份,0.0083385095,2020-01-23,A+
128089,麦米转债,2019-12-26,072851,002851,麦格米特,0.0160361895,2020-01-21,AA-
123038,联得转债,2019-12-25,370545,300545,联得装备,0.0098203772,2020-01-22,A+
113030,东风转债,2019-12-24,783515,601515,东峰集团,0.01065442,2020-01-20,AA
128088,深南转债,2019-12-24,072916,002916,深南电路,0.0641932526,2020-01-16,AA
113559,永创转债,2019-12-23,754901,603901,永创智能,0.01443387,2020-01-10,AA-
113558,日月转债,2019-12-23,754218,603218,日月股份,0.03228866,2020-01-14,AA
110065,淮矿转债,2019-12-23,733985,600985,淮北矿业,0.01679922,2020-01-13,
113556,至纯转债,2019-12-20,754690,603690,至纯科技,0.00686213,2020-01-09,A+
110064,建工转债,2019-12-20,733939,600939,重庆建工,0.07110464,2020-01-16,AA+
123037,新莱转债,2019-12-19,370260,300260,新莱应材,0.0133938179,2020-01-22,A+
113557,森特转债,2019-12-19,754098,603098,森特股份,0.00506398,2020-01-10,AA-
113555,振德转债,2019-12-19,754301,603301,振德医疗,0.00667714,2020-01-14,AA-
128087,孚日转债,2019-12-17,072083,002083,孚日股份,0.0229392014,2020-01-16,AA-
128086,国轩转债,2019-12-17,072074,002074,国轩高科,0.0183184434,2020-01-10,AA
113554,仙鹤转债,2019-12-16,754733,603733,仙鹤股份,0.01089568,2020-01-10,AA
113029,明阳转债,2019-12-16,783615,601615,明阳智能,0.04731255,2020-01-07,AA
128085,鸿达转债,2019-12-16,072002,002002,ST鸿达,0.030341606,2020-01-08,CC
404003,鸿达退债,2019-12-16,072002,400207,R鸿达1,0.030341606,2024-05-24,C
128084,木森转债,2019-12-16,072745,002745,木林森,0.0236339824,2020-01-10,AA
110063,鹰19转债,2019-12-13,733567,600567,山鹰国际,0.09184936,2020-01-03,AA
113553,金牌转债,2019-12-13,754180,603180,金牌家居,0.00472987,2020-01-07,AA-
128083,新北转债,2019-12-12,072376,002376,新北洋,0.0353480322,2019-12-31,AA
123036,先导转债,2019-12-11,370450,300450,先导智能,0.0348628059,2020-01-10,AA
128082,华锋转债,2019-12-04,072806,002806,华锋股份,0.0345513567,2020-01-06,A-
113552,克来转债,2019-12-02,754960,603960,克来机电,0.00265767,2019-12-19,A+
110062,烽火转债,2019-12-02,733498,600498,烽火通信,0.01999166,2019-12-25,AAA
128081,海亮转债,2019-11-21,072203,002203,海亮股份,0.0225746796,2019-12-16,AA
128080,顺丰转债,2019-11-18,072352,002352,顺丰控股,0.0180704915,2019-12-09,AAA
113550,常汽转债,2019-11-18,754035,603035,常熟汽饰,0.04359224,2019-12-12,AA-
113551,福特转债,2019-11-18,754806,603806,福斯特,0.00686193,2019-12-11,AA
113549,白电转债,2019-11-15,754861,603861,白云电器,0.03340617,2019-12-11,AA
123035,利德转债,2019-11-14,370296,300296,利亚德,0.0517293328,2019-12-09,AA+
110061,川投转债,2019-11-11,733674,600674,川投能源,0.01142416,2019-12-02,AAA
123034,通光转债,2019-11-04,370265,300265,通光线缆,0.0216651437,2019-11-28,A+
123033,金力转债,2019-11-01,370748,300748,金力永磁,0.0400169411,2019-11-25,AA-
110060,天路转债,2019-10-28,733326,600326,西藏天路,0.0190581,2019-11-28,AA
110059,浦发转债,2019-10-28,733000,600000,浦发银行,0.3016799,2019-11-15,AAA
113548,石英转债,2019-10-28,754688,603688,石英股份,0.01816276,2019-11-22,AA-
113547,索发转债,2019-10-24,754612,603612,索通发展,0.02272221,2019-11-22,AA
127014,北方转债,2019-10-24,070065,000065,北方国际,0.0237836701,2019-11-21,AA+
113546,迪贝转债,2019-10-23,754320,603320,迪贝电气,0.01479018,2019-11-21,A+
128078,太极转债,2019-10-21,072368,002368,太极股份,0.0428787602,2019-11-08,AA
128079,英联转债,2019-10-21,072846,002846,英联股份,0.0146135185,2019-11-21,A-
128077,华夏转债,2019-10-16,072928,002928,华夏航空,0.0202864341,2019-11-07,AA-
128076,金轮转债,2019-10-14,072722,002722,物产金轮,0.015673114,2019-11-08,AA-
113545,金能转债,2019-10-14,754113,603113,金能科技,0.03463477,2019-11-07,AA-
123032,万里转债,2019-10-11,370591,300591,万里马,0.0246910339,2019-10-31,A+
128074,游族转债,2019-09-23,072174,002174,游族网络,0.0934667289,2019-10-21,AA-
128075,远东转债,2019-09-23,072406,002406,远东传动,0.0162070033,2019-10-31,AA
113544,桃李转债,2019-09-20,754866,603866,桃李面包,0.03136336,2019-10-15,AA
123031,晶瑞转债,2019-08-29,370655,300655,晶瑞电材,0.0454505144,2019-09-26,A+
128073,哈尔转债,2019-08-22,072615,002615,哈尔斯,0.0383235944,2019-09-11,AA-
128072,翔鹭转债,2019-08-20,072842,002842,翔鹭钨业,0.0311181951,2019-09-16,A-
123030,九洲转债,2019-08-20,370040,300040,九洲集团,0.0412631796,2019-09-12,AA-
113543,欧派转债,2019-08-16,754833,603833,欧派家居,0.05584351,2019-09-04,AA
128071,合兴转债,2019-08-16,072228,002228,合兴包装,0.0859994534,2019-09-16,AA
123029,英科转债,2019-08-16,370677,300677,英科医疗,0.0396417806,2019-09-10,AA
113542,好客转债,2019-08-01,754898,603898,好莱客,0.05555881,2019-08-23,AA
113541,荣晟转债,2019-07-23,754165,603165,荣晟环保,0.06344458,2019-08-13,AA-
113540,南威转债,2019-07-15,754636,603636,南威软件,0.06389058,2019-08-05,AA-
113539,圣达转债,2019-07-03,754079,603079,圣达生物,0.03083319,2019-07-26,A+
128070,智能转债,2019-07-02,072877,002877,智能自控,0.0250998849,2019-07-23,A+
113538,安图转债,2019-06-28,754658,603658,安图生物,0.0347501,2019-07-22,AA
128069,华森转债,2019-06-24,072907,002907,华森制药,0.0185003047,2019-07-11,AA-
123028,清水转债,2019-06-19,370437,300437,清水源,0.0858156853,2019-07-15,A+
113028,环境转债,2019-06-18,783200,601200,上海环境,0.03056044,2019-07-08,AAA
113027,华钰转债,2019-06-14,783020,601020,华钰矿业,0.07222537,2019-07-10,A
123027,蓝晓转债,2019-06-11,370487,300487,蓝晓科技,0.0223459237,2019-07-04,A+
123026,中环转债,2019-06-10,370692,300692,中环环保,0.0540608706,2019-07-01,AA-
113537,文灿转债,2019-06-10,754348,603348,文灿股份,0.10303528,2019-07-05,AA-
128068,和而转债,2019-06-04,072402,002402,和而泰,0.0829312091,2019-07-01,AA-
113536,三星转债,2019-05-31,754578,603578,三星新材,0.03050946,2019-06-24,AA
113535,大业转债,2019-05-09,754278,603278,大业股份,0.03462721,2019-06-03,AA-
128067,一心转债,2019-04-19,072727,002727,一心堂,0.0087007808,2019-05-17,AA
128066,亚泰转债,2019-04-17,072811,002811,郑中设计,0.0085050847,2019-05-14,AA-
110058,永鼎转债,2019-04-16,733105,600105,永鼎股份,0.01438125,2019-05-08,AA-
128065,雅化转债,2019-04-16,072497,002497,雅化集团,0.0631187872,2019-05-10,AA
127013,创维转债,2019-04-15,070810,000810,创维数字,0.026057449886,2019-05-16,AA
113026,核能转债,2019-04-15,783985,601985,中国核电,0.03094856,2019-05-08,AAA
113025,明泰转债,2019-04-10,783677,601677,明泰铝业,0.03045862,2019-05-07,AA
113534,鼎胜转债,2019-04-09,754876,603876,鼎胜新材,0.02076471,2019-04-30,AA-
113024,核建转债,2019-04-08,783611,601611,中国核建,0.01990481,2019-04-26,AAA
128064,司尔转债,2019-04-08,072538,002538,司尔特,0.0203669526,2019-05-07,AA
128063,未来转债,2019-04-03,072631,002631,德尔未来,0.0153655871,2019-04-24,AA-
113533,参林转债,2019-04-03,754233,603233,大参林,0.05458181,2019-04-24,AA
113532,海环转债,2019-04-02,754817,603817,海峡环保,0.01665937,2019-04-24,AA+
128062,亚药转债,2019-04-02,072370,002370,亚太药业,0.0288420421,2019-04-24,CCC
110057,现代转债,2019-04-01,733420,600420,国药现代,0.0356851,2019-04-30,AAA
123025,精测转债,2019-03-29,370567,300567,精测电子,0.0208437619,2019-04-19,AA-
113531,百姓转债,2019-03-29,754883,603883,老百姓,0.03312251,2019-04-22,AA
113530,大丰转债,2019-03-27,754081,603081,大丰实业,0.0213012,2019-04-18,AA-
128061,启明转债,2019-03-27,072439,002439,启明星辰,0.0139363649,2019-04-24,AA
128060,中装转债,2019-03-26,072822,002822,ST中装,0.0508826699,2019-04-15,AA
127012,招路转债,2019-03-22,071965,001965,招商公路,0.0700271066,2019-04-30,AAA
123024,岱勒转债,2019-03-21,370700,300700,岱勒新材,0.01616346,2019-04-17,A+
123023,迪森转债,2019-03-20,370335,300335,迪森股份,0.0215641366,2019-04-16,AA-
110056,亨通转债,2019-03-19,733487,600487,亨通光电,0.01806322,2019-04-16,AA+
123022,长信转债,2019-03-18,370088,300088,长信科技,0.010725538,2019-04-10,AA
110054,通威转债,2019-03-18,733438,600438,通威股份,0.01109199,2019-04-10,AA+
110055,伊力转债,2019-03-15,733197,600197,伊力特,0.01811719,2019-04-04,AA
110053,苏银转债,2019-03-14,733919,600919,江苏银行,0.03898776,2019-04-03,AAA
113022,浙商转债,2019-03-12,783878,601878,浙商证券,0.01731003,2019-03-28,AAA
128059,视源转债,2019-03-11,072841,002841,视源股份,0.0200147652,2019-04-02,AA
113529,绝味转债,2019-03-11,754517,603517,绝味食品,0.00599035,2019-04-02,AA
127011,中鼎转2,2019-03-08,070887,000887,中鼎股份,0.0083065079,2019-04-04,AA+
128058,拓邦转债,2019-03-07,072139,002139,拓邦股份,0.0621462404,2019-04-08,AA
110052,贵广转债,2019-03-05,733996,600996,贵广网络,0.01210083,2019-03-29,AA+
128057,博彦转债,2019-03-05,072649,002649,博彦科技,0.0511156998,2019-04-02,AA-
113021,中信转债,2019-03-04,783998,601998,中信银行,0.01819129,2019-03-19,AAA
123021,万信转2,2019-03-04,370168,300168,万达信息,0.017068646,2019-03-25,AA
113528,长城转债,2019-03-01,754897,603897,长城科技,0.03760017,2019-03-20,AA-
123020,富祥转债,2019-03-01,370497,300497,富祥药业,0.0411827809,2019-03-29,AA-
110051,中天转债,2019-02-28,733522,600522,中天科技,0.01953615,2019-03-22,AA+
128056,今飞转债,2019-02-28,072863,002863,今飞凯达,0.0818663601,2019-03-22,A+
128055,长青转2,2019-02-27,072391,002391,长青股份,0.0268435724,2019-04-03,AA
123019,中来转债,2019-02-25,370393,300393,中来股份,0.0614795007,2019-03-22,AA-
128054,中宠转债,2019-02-15,072891,002891,中宠股份,0.1276370237,2019-03-14,A+
128053,尚荣转债,2019-02-14,072551,002551,尚荣医疗,0.5200326348,2019-03-07,AA
113527,维格转债,2019-01-24,754518,603518,锦泓集团,0.39536999,2019-02-19,AA
113526,联泰转债,2019-01-23,754797,603797,联泰环保,0.14607472,2019-02-18,AA+
127010,平银转债,2019-01-21,070001,000001,平安银行,0.0449482568,2019-02-18,AAA
127009,冰轮转债,2019-01-14,070811,000811,冰轮环境,0.141276623856,2019-02-21,AA
128052,凯龙转债,2018-12-21,072783,002783,凯龙股份,1.4421909747,2019-01-21,AA
123018,溢利转债,2018-12-20,370381,300381,溢多利,2.3484938968,2019-01-23,AA-
110050,佳都转债,2018-12-19,733728,600728,佳都科技,2.35026973,2019-01-21,AA
110049,海尔转债,2018-12-18,733690,600690,海尔智家,0.03930317,2019-01-18,AAA
113525,台华转债,2018-12-17,754055,603055,台华新材,0.42144701,2019-01-11,AA
113524,奇精转债,2018-12-14,754677,603677,奇精机械,0.57410425,2019-01-07,AA-
128051,光华转债,2018-12-14,072741,002741,光华科技,0.4370698959,2019-01-09,AA-
128050,钧达转债,2018-12-10,072865,002865,钧达股份,0.8560442402,2018-12-27,AA-
113523,伟明转债,2018-12-10,754568,603568,伟明环保,0.34843949,2018-12-26,AA
110048,福能转债,2018-12-07,733483,600483,福能股份,0.19595459,2018-12-28,AA+
128049,华源转债,2018-11-27,072787,002787,华源控股,0.952148336,2018-12-20,AA-
113522,旭升转债,2018-11-22,754305,603305,旭升集团,0.317543,2018-12-11,AA
110047,山鹰转债,2018-11-21,733567,600567,山鹰国际,0.49667669,2018-12-10,AA
123017,寒锐转债,2018-11-20,370618,300618,寒锐钴业,0.3721591008,2018-12-24,AA-
110046,圆通转债,2018-11-20,733233,600233,圆通速递,0.20843998,2018-12-18,AA+
113020,桐昆转债,2018-11-19,783233,601233,桐昆股份,0.19196912,2018-12-12,AA+
113521,科森转债,2018-11-16,754626,603626,科森科技,0.32887409,2018-12-07,AA
127008,特发转债,2018-11-16,070070,000070,ST特信,0.1677083789,2018-12-25,AA
128048,张行转债,2018-11-12,072839,002839,张家港行,0.3569710111,2018-11-29,AA+
113520,百合转债,2018-11-08,754313,603313,梦百合,0.22737995,2018-11-26,AA-
123016,洲明转债,2018-11-07,370232,300232,洲明科技,0.3063894918,2018-12-03,AA-
113519,长久转债,2018-11-07,754569,603569,长久物流,0.4128490065,2018-11-30,AA
128047,光电转债,2018-11-05,072179,002179,中航光电,0.0717898426,2018-12-07,AA+
128046,利尔转债,2018-10-17,072258,002258,利尔化学,0.183557581,2018-11-09,AA
113518,顾家转债,2018-09-12,754816,603816,顾家家居,1.24751451,2018-10-09,AA
128045,机电转债,2018-08-27,072013,002013,中航机电,0.1194692841,2018-09-14,AAA
128044,岭南转债,2018-08-14,072717,002717,ST岭南,0.8721686997,2018-09-04,C
123015,蓝盾转退,2018-08-13,370297,300297,蓝盾退,1.2723052265,2018-09-13,CC
404001,蓝盾退债,2018-08-13,370297,400194,R蓝盾1,1.2723052265,2023-09-18,CC
113517,曙光转债,2018-08-06,754019,603019,中科曙光,1.93242237,2018-08-23,AA
128043,东音转债,2018-08-02,072793,002793,罗欣药业,0.2131737173,2018-08-27,AA
113516,苏农转债,2018-08-02,754323,603323,苏农银行,0.50867203,2018-08-20,AA+
128042,凯中转债,2018-07-30,072823,002823,凯中精密,0.1981213289,2018-09-03,AA-
123014,凯发转债,2018-07-27,370407,300407,凯发电气,0.4544232201,2018-08-21,A+
113515,高能转债,2018-07-26,754588,603588,高能环境,0.33663516,2018-08-27,AA
123013,横河转债,2018-07-26,370539,300539,横河精密,0.1497632298,2018-08-20,A+
113514,威帝转债,2018-07-20,754023,603023,威帝股份,0.28316098,2018-08-13,A+
123012,万顺转债,2018-07-20,370057,300057,万顺新材,1.7253346677,2018-08-29,AA-
123011,德尔转债,2018-07-18,370473,300473,德尔股份,0.3253360078,2018-08-14,AA-
128041,盛路转债,2018-07-17,072446,002446,盛路通信,0.6087166663,2018-08-14,A+
110045,海澜转债,2018-07-13,733398,600398,海澜之家,1.01983687,2018-07-31,AA+
113513,安井转债,2018-07-12,754345,603345,安井食品,0.11499054,2018-07-31,AA
113512,景旺转债,2018-07-06,754228,603228,景旺电子,0.22969178,2018-07-24,AA
123010,博世转债,2018-07-05,370422,300422,博世科,0.3606992578,2018-08-14,A
127007,湖广转债,2018-06-28,070665,000665,湖北广电,1.0127940397,2018-08-01,AA+
110044,广电转债,2018-06-27,733831,600831,ST广网,0.41387489,2018-07-24,AA
113511,千禾转债,2018-06-20,754027,603027,千禾味业,0.14273811,2018-07-10,AA-
113510,再升转债,2018-06-19,754601,603601,再升科技,0.06305227,2018-07-13,AA-
128040,华通转债,2018-06-14,072758,002758,浙农股份,0.0430924584,2018-07-13,AA
128039,三力转债,2018-06-08,072224,002224,三力士,0.1334178334,2018-06-29,A+
113509,新泉转债,2018-06-04,754179,603179,新泉股份,0.03063662,2018-06-22,AA
113508,新凤转债,2018-04-26,754225,603225,新凤鸣,0.23361055,2018-05-16,AA
113507,天马转债,2018-04-17,754668,603668,天马科技,0.0297476,2018-05-07,AA-
113506,鼎信转债,2018-04-16,754421,603421,鼎信通讯,0.0720467,2018-05-14,AA
128038,利欧转债,2018-03-22,072131,002131,利欧股份,0.2701763885,2018-04-19,AA
128037,岩土转债,2018-03-15,072542,002542,中化岩土,0.0901341006,2018-04-25,AA
127006,敖东转债,2018-03-13,070623,000623,吉林敖东,0.1237646368,2018-05-11,AA+
127005,长证转债,2018-03-12,070783,000783,长江证券,0.1239858672,2018-04-11,AAA
128036,金农转债,2018-03-09,072548,002548,金新农,0.0497315872,2018-04-02,A-
123009,星源转债,2018-03-07,370568,300568,星源材质,0.040900838,2018-04-10,AA
113505,杭电转债,2018-03-06,754618,603618,杭电股份,0.08433624,2018-03-27,AA
113504,艾华转债,2018-03-02,754989,603989,艾华集团,0.02186045,2018-03-23,AA
113019,玲珑转债,2018-03-01,783966,601966,玲珑轮胎,0.2118095,2018-03-22,AA+
128035,大族转债,2018-02-06,072008,002008,大族激光,0.1958289975,2018-03-05,AA+
123008,康泰转债,2018-02-01,370601,300601,康泰生物,0.0258361808,2018-03-19,AA-
110043,无锡转债,2018-01-30,733908,600908,无锡银行,0.18813428,2018-03-14,AA+
128034,江银转债,2018-01-26,072807,002807,江阴银行,0.1388860765,2018-02-14,AA+
113018,常熟转债,2018-01-19,783128,601128,常熟银行,0.19235421,2018-02-06,AA+
123007,道氏转债,2017-12-28,370409,300409,道氏技术,0.0718270362,2018-01-26,AA-
128033,迪龙转债,2017-12-27,072658,002658,雪迪龙,0.0386994433,2018-01-29,AA
113017,吉视转债,2017-12-27,783929,601929,吉视传媒,0.39953747,2018-01-15,AA+
110042,航电转债,2017-12-25,733372,600372,中航机载,0.19683703,2018-01-15,AAA
128032,双环转债,2017-12-25,072472,002472,双环传动,0.0824623999,2018-01-25,AA
128030,天康转债,2017-12-22,072100,002100,天康生物,0.061818344,2018-01-29,AA
110041,蒙电转债,2017-12-22,733863,600863,内蒙华电,0.26659535,2018-01-09,AAA
128029,太阳转债,2017-12-22,072078,002078,太阳纸业,0.0430740717,2018-01-16,AA+
128028,赣锋转债,2017-12-21,072460,002460,赣锋锂业,0.0612867536,2018-01-19,AA
123006,东财转债,2017-12-20,370059,300059,东方财富,0.4036125764,2018-01-29,AA+
123005,万信转债,2017-12-19,370168,300168,万达信息,0.0806532888,2018-01-30,AA
123004,铁汉转债,2017-12-18,370197,300197,节能铁汉,0.0594310767,2018-01-26,AA
128027,崇达转债,2017-12-15,072815,002815,崇达技术,0.0186920436,2018-01-22,AA
113503,泰晶转债,2017-12-15,754738,603738,泰晶科技,0.00934887,2018-01-02,AA
128026,众兴转债,2017-12-13,072772,002772,众兴菌业,0.0562980296,2018-01-03,AA-
123003,蓝思转债,2017-12-08,370433,300433,蓝思科技,0.330406672,2018-01-17,AA+
128025,特一转债,2017-12-06,072728,002728,特一药业,0.0053821036,2017-12-28,AA-
128024,宁行转债,2017-12-05,072142,002142,宁波银行,0.0522117418,2018-01-12,AAA
128023,亚太转债,2017-12-04,072284,002284,亚太股份,0.0245376003,2017-12-26,AA
128022,众信转债,2017-12-01,072707,002707,众信旅游,0.0033737505,2017-12-28,BBB
128021,兄弟转债,2017-11-28,072562,002562,兄弟科技,0.0013344475,2017-12-27,AA
110040,生益转债,2017-11-24,733183,600183,生益科技,0.00565852,2017-12-11,AA+
123002,国祯转债,2017-11-24,370388,300388,节能国祯,0.0038855802,2017-12-25,AA
110039,宝信转债,2017-11-17,733845,600845,宝信软件,0.00788728,2017-12-05,AA+
128020,水晶转债,2017-11-17,072273,002273,水晶光电,0.0044256667,2017-12-12,AA
110038,济川转债,2017-11-13,733566,600566,济川药业,0.01157125,2017-11-29,AA
113502,嘉澳转债,2017-11-10,754822,603822,嘉澳环保,0.00137415,2017-11-27,AA-
128019,久立转2,2017-11-08,072318,002318,久立特材,0.0050797097,2017-12-01,AA
128018,时达转债,2017-11-06,072527,002527,新时达,0.0040705857,2017-12-04,AA
113016,小康转债,2017-11-06,783127,601127,赛力斯,0.00291446,2017-11-21,AA-
113015,隆基转债,2017-11-02,783012,601012,隆基绿能,0.00908429,2017-11-20,AA+
128017,金禾转债,2017-11-01,072597,002597,金禾实业,0.001272845,2017-11-27,AA
113014,林洋转债,2017-10-27,783222,601222,林洋能源,0.00294586,2017-11-13,AA
128016,雨虹转债,2017-09-25,072271,002271,东方雨虹,0.0013187948,2017-10-20,AA+
113013,国君转债,2017-07-07,783211,601211,国泰海通,0.0809703908,2017-07-24,AAA
128015,久其转债,2017-06-08,072279,002279,久其软件,2.3814174467,2017-06-27,A
127004,模塑转债,2017-06-02,070700,000700,模塑科技,0.508641,2017-06-26,AA-
128014,永东转债,2017-04-17,072753,002753,永东股份,1.322866,2017-05-12,AA-
113012,骆驼转债,2017-03-24,783311,601311,骆驼股份,0.15814823,2017-04-13,AA
113011,光大转债,2017-03-17,783818,601818,光大银行,0.4999251,2017-04-05,AAA
128013,洪涛转债,2016-07-29,072325,002325,*ST洪涛,0.35024,2016-08-23,CCC
127003,海印转债,2016-06-08,070861,000861,海印股份,0.099788,2016-07-01,AA-
128012,辉丰转债,2016-04-21,072496,002496,*ST辉丰,0.9877089047,2016-05-17,A
113010,江南转债,2016-03-18,783199,601199,江南水务,0.11007853,2016-04-05,AA
128011,汽模转债,2016-03-02,072510,002510,天汽模,0.2163201617,2016-03-24,AA
110035,白云转债,2016-02-26,733004,600004,白云机场,0.08414922,2016-03-15,AAA
128010,蔚蓝转债,2016-01-22,072245,002245,蔚蓝锂芯,0.637541,2016-02-23,AA
113009,广汽转债,2016-01-22,783238,601238,广汽集团,0.24689559,2016-02-04,AAA
110034,九州转债,2016-01-15,733998,600998,九州通,0.10112394,2016-01-29,AA+
110033,国贸转债,2016-01-05,733755,600755,厦门国贸,0.1081244,2016-01-19,AAA
110032,三一转债,2016-01-04,733031,600031,三一重工,0.36890926,2016-01-18,AA+
123001,蓝标转债,2015-12-18,370058,300058,蓝色光标,0.058213,2016-01-08,AA
110031,航信转债,2015-06-12,733271,600271,航天信息,0.0322132,2015-06-30,AAA
113008,电气转债,2015-02-02,783727,601727,上海电气,0.28416309847,2015-02-16,AAA
110030,格力转债,2014-12-25,733185,600185,珠免集团,0.2847346,2015-01-13,AA
128009,歌尔转债,2014-12-12,072241,002241,歌尔股份,0.119658,2014-12-26,AA+
113501,洛钼转债,2014-12-02,754993,603993,洛阳钼业,0.32164493,2014-12-16,AA+
110029,浙能转债,2014-10-13,733023,600023,浙能电力,0.86151118,2014-10-28,AAA
128008,齐峰转债,2014-09-15,072521,002521,齐峰新材,0.219432,2014-10-10,AA
113007,吉视转债,2014-09-05,783929,601929,吉视传媒,0.16027924,2014-09-25,AA+
128007,通鼎转债,2014-08-15,072491,002491,通鼎互联,0.221326,2014-09-05,AA-
110028,冠城转债,2014-07-18,733067,600067,冠城新材,0.63246803,2014-08-01,AA
110027,东方转债,2014-07-10,733875,600875,东方电气,1.27810498,2014-07-25,AAA
128006,长青转债,2014-06-20,072391,002391,长青股份,1.958002,2014-07-09,AA
110025,国金转债,2014-05-14,733109,600109,国金证券,1.13354136,2014-06-03,AA+
128005,齐翔转债,2014-04-18,072408,002408,齐翔腾达,0.380908,2014-05-13,AA
128004,久立转债,2014-02-25,072318,002318,久立特材,2.7896911976,2014-03-14,AA
113006,深燃转债,2013-12-13,783139,601139,深圳燃气,0.58749396,2013-12-27,AA+
113005,平安转债,2013-11-22,783318,601318,中国平安,3.41767462,2013-12-09,AAA
127002,徐工转债,2013-10-25,070425,000425,徐工机械,3.048575,2013-11-15,AAA
110024,隧道转债,2013-09-13,733820,600820,隧道股份,0.99924365,2013-09-30,AA+
128003,华天转债,2013-08-12,072185,002185,华天科技,1.6848595662,2013-08-28,AA
128002,东华转债,2013-07-26,072065,002065,东华软件,0.067268,2013-08-19,AA
110023,民生转债,2013-03-15,733016,600016,民生银行,0.36815827,2013-03-29,AA+
128001,泰尔转债,2013-01-09,072347,002347,泰尔股份,2.3282201555,2013-01-28,AA
127001,海直转债,2012-12-19,070099,000099,中信海直,0.823505,2013-01-07,AA+
110022,同仁转债,2012-12-04,733085,600085,同仁堂,0.77846936,2012-12-18,AAA
110020,南山转债,2012-10-16,733219,600219,南山铝业,0.80618459,2012-10-31,AA
113003,重工转债,2012-06-04,783989,601989,中国重工,0.45930473,2012-06-18,AAA
110019,恒丰转债,2012-03-23,733356,600356,恒丰纸业,0.4167605664,2012-04-12,AA
110018,国电转债,2011-08-19,733795,600795,国电电力,1.08876067,2011-09-02,AAA
110017,中海转债,2011-08-01,733026,600026,中远海能,0.32775285,2011-08-12,AAA
129031,巨轮转2,2011-07-19,072031,002031,巨轮智能,0.421413,2011-08-04,AA-
125089,深机转债,2011-07-15,070089,000089,深圳机场,1.340502,2011-08-10,AAA
110016,川投转债,2011-03-21,733674,600674,川投能源,0.56076747,2011-03-31,AA+
110015,石化转债,2011-02-23,733028,600028,中国石化,0.5915442,2011-03-07,AAA
125887,中鼎转债,2011-02-11,070887,000887,中鼎股份,0.22361624,2011-03-01,AA
110013,国投转债,2011-01-25,733886,600886,国投电力,0.23933947,2011-02-15,AAA
110012,海运转债,2011-01-07,733798,600798,宁波海运,0.21219168,2011-01-20,AA
110011,歌华转债,2010-11-25,733037,600037,歌华有线,0.4762043,2010-12-10,AAA
126729,燕京转债,2010-10-15,070729,000729,燕京啤酒,0.0761902683,2010-11-03,AA+
113002,工行转债,2010-08-31,783398,601398,工商银行,0.82312741,2010-09-10,AAA
128233,塔牌转债,2010-08-26,072233,002233,塔牌集团,0.221529,2010-09-16,AA-
126630,铜陵转债,2010-07-15,070630,000630,铜陵有色,0.57551,2010-08-06,AA
113001,中行转债,2010-06-02,783988,601988,中国银行,1.89149048,2010-06-18,AAA
125731,美丰转债,2010-06-02,070731,000731,四川美丰,1.1667376,2010-06-25,AA
110009,双良转债,2010-05-04,733481,600481,双良节能,0.38672931,2010-05-14,AA
110008,王府转债,2009-10-19,733859,600859,王府井,0.13724713,2009-10-30,AA
110007,博汇转债,2009-09-23,733966,600966,博汇纸业,0.10594958,2009-10-16,AA-
125969,安泰转债,2009-09-16,070969,000969,安泰科技,0.17619513,2009-10-12,AA
110006,龙盛转债,2009-09-14,733352,600352,浙江龙盛,0.17260478,2009-09-25,AA+
110005,西洋转债,2009-09-03,733558,600558,大西洋,0.16046928,2009-09-21,AA-
110004,厦工转债,2009-08-28,733815,600815,厦工股份,0.12831172,2009-09-11,AA+
126019,09长虹债,2009-07-31,733839,600839,四川长虹,0.2691616,2009-08-19,AA
126018,08江铜债,2008-09-22,733362,600362,江西铜业,1.2104992,2008-10-10,AAA
110003,新钢转债,2008-08-21,733782,600782,新钢股份,0.7864831,2008-09-05,AA+
126017,08葛洲债,2008-06-26,733068,600068,葛洲坝,0.25012235,2008-07-11,AAA
126016,08宝钢债,2008-06-20,733019,600019,宝钢股份,0.61040733,2008-07-04,AAA
126015,08康美债,2008-05-08,733518,600518,康美药业,0.58759344,2008-05-26,AA+
126014,08国电债,2008-05-07,733795,600795,国电电力,0.51227909,2008-05-22,AAA
125528,柳工转债,2008-04-18,070528,000528,柳工,0.3948258283,2008-05-06,AAA
110002,南山转债,2008-04-18,733219,600219,南山铝业,2.00746423,2008-05-13,AA
126013,08青啤债,2008-04-02,733600,600600,青岛啤酒,0.30119216,2008-04-18,AAA
110368,五洲转债,2008-02-29,733368,600368,五洲交通,0.20140144,2008-03-14,AAA
126012,08上港债,2008-02-20,733018,600018,上港集团,0.37946159,2008-03-07,AAA
126011,08石化债,2008-02-20,733028,600028,中国石化,1.3146638,2008-03-04,AAA
115003,中兴债1,2008-01-30,070063,000063,中兴通讯,1.88975433,2008-02-22,AAA
126010,08中远债,2008-01-28,733428,600428,中远海特,0.84985151,2008-02-26,AAA
126009,08赣粤债,2008-01-28,733269,600269,赣粤高速,1.56138382,2008-02-28,AAA
125572,海马转债,2008-01-16,070572,000572,海马汽车,0.4120096696,2008-01-30,AAA
110598,大荒转债,2007-12-19,733598,600598,北大荒,0.53437573,2007-12-28,AA
126008,08上汽债,2007-12-19,733104,600104,上汽集团,0.50512098,2008-01-08,AAA
125709,唐钢转债,2007-12-14,070709,000709,河钢股份,1.2342188236,2007-12-28,AAA
126007,07日照债,2007-11-27,733017,600017,日照港,0.70535556,2007-12-12,AAA
110227,赤化转债,2007-10-10,733227,600227,赤天化,0.15885419,2007-10-23,AAA
126006,07深高债,2007-10-09,733548,600548,深高速,0.29030449,2007-10-30,AAA
110971,恒源转债,2007-09-24,733971,600971,恒源煤电,5.31177382,2007-10-12,AAA
110567,山鹰转债,2007-09-05,733567,600567,山鹰国际,0.49639122,2007-09-17,AA
110026,中海转债,2007-07-02,733026,600026,中远海能,1.33345287,2007-07-12,AAA
