债券代码,债券简称,申购日期,申购代码,正股代码,正股简称,中签率,上市时间,信用评级,上市委通过日期,同意注册日期,上市委-申购,注册-申购,同意注册日期_开盘价,同意注册日期_收盘价,上市委通过日期_开盘价,上市委通过日期_收盘价,申购日期_开盘价,申购日期_收盘价,上市时间_开盘价,上市时间_收盘价
118058,微导转债,2025-08-06,718147,688147,微导纳米,0.0014953,,AA,2025-05-24,2025-07-15,74,22,30.810,31.000,29.800,29.600,33.700,34.240,,
127110,广核转债,2025-07-09,73816,3816,中国广核,0.0186422035,2025-07-25,AAA,2025-02-14,2025-03-20,145,111,3.690,3.660,3.690,3.680,3.700,3.700,3.800,3.750
111023,利柏转债,2025-07-03,713167,605167,利柏特,0.00173477,2025-07-22,AA,2025-04-22,2025-06-12,72,21,10.700,11.400,8.940,8.930,11.750,11.830,11.400,11.290
113696,伯25转债,2025-07-01,754596,603596,伯特利,0.00894996,2025-07-28,AA,2025-02-25,2025-04-04,126,88,55.280,53.560,58.220,61.000,51.900,50.660,50.000,49.700
118057,甬矽转债,2025-06-26,718362,688362,甬矽电子,0.004213,2025-07-16,A+,2025-04-08,2025-05-27,79,30,26.000,25.680,24.870,24.780,28.910,28.430,28.090,27.980
113695,华辰转债,2025-06-20,754097,603097,江苏华辰,0.0003492,2025-07-10,A+,2025-03-19,2025-05-14,93,37,23.020,22.680,23.660,23.910,21.500,21.640,22.350,21.980
111022,锡振转债,2025-06-18,713319,605319,无锡振华,0.00091285,2025-07-14,AA-,2025-03-27,2025-05-17,83,32,32.880,33.650,32.130,32.290,31.000,32.080,31.900,31.660
123257,安克转债,2025-06-16,370866,300866,安克创新,0.0026475779,2025-07-04,AA+,2024-11-15,2025-02-06,213,130,112.090,111.620,86.580,83.120,110.010,106.600,117.490,115.150
127109,电化转债,2025-06-16,72125,2125,湘潭电化,0.0015321157,2025-07-04,AA,2025-03-10,2025-04-30,98,47,9.950,9.830,11.130,11.010,10.090,10.170,14.110,13.590
118056,路维转债,2025-06-11,718401,688401,路维光电,0.00165975,2025-07-10,AA-,2025-03-22,2025-05-09,81,33,34.990,33.590,31.270,31.130,31.180,31.300,33.720,33.800
123256,恒帅转债,2025-05-29,370969,300969,恒帅股份,0.0003825294,2025-06-17,A+,2024-12-02,2025-02-10,178,108,103.800,103.490,85.180,88.790,58.700,59.790,58.140,58.940
118055,伟测转债,2025-04-09,718372,688372,伟测科技,0.00471648,2025-04-30,AA,2024-12-10,2025-02-06,120,62,73.000,76.360,62.400,61.280,69.990,73.420,76.330,78.940
113694,清源转债,2025-04-08,754628,603628,清源股份,0.00208787,2025-04-25,A+,2024-11-22,2025-02-06,137,61,12.350,12.620,14.350,13.770,10.800,10.950,11.240,11.280
118054,安集转债,2025-04-07,718019,688019,安集科技,0.00398045,2025-04-25,AA-,2024-09-13,2024-11-22,206,136,157.000,149.280,107.530,103.800,146.110,152.000,170.800,166.510
123255,鼎龙转债,2025-04-02,370054,300054,鼎龙股份,0.0032754809,2025-04-23,AA,2025-01-24,2025-03-19,68,14,28.500,28.130,26.650,26.440,28.790,28.460,30.410,30.270
127108,太能转债,2025-03-28,70591,591,太阳能,0.0135084085,2025-04-16,AA+,2024-12-09,2025-01-17,109,70,4.460,4.460,5.160,5.130,4.510,4.460,4.330,4.340
123254,亿纬转债,2025-03-24,370014,300014,亿纬锂能,0.0396868603,2025-04-11,AA+,2024-11-08,2024-12-27,136,87,47.850,47.030,52.590,51.470,50.300,48.670,40.000,41.360
113693,志邦转债,2025-03-18,754801,603801,志邦家居,0.00171145,2025-04-08,AA,2024-12-26,2025-02-18,82,28,12.020,11.750,13.040,13.080,12.580,13.010,10.350,10.990
118053,正帆转债,2025-03-18,718596,688596,正帆科技,0.00392766,2025-04-03,AA,2025-01-11,2025-03-07 00:00:00,66,11,40.140,39.820,33.530,34.110,38.320,38.410,39.530,38.910
118052,浩瀚转债,2025-03-13,718292,688292,浩瀚深度,0.0012572,2025-04-07,A+,2024-11-13,2025-01-24,120,48,19.310,20.530,24.800,25.000,23.670,23.800,20.700,17.890
123253,永贵转债,2025-03-13,370351,300351,永贵电器,0.0031973118,2025-03-28,AA-,2024-12-06,2025-02-12,97,29,17.710,18.170,19.190,18.930,18.680,18.290,18.210,17.690
113070,渝水转债,2025-01-09,783158,601158,重庆水务,0.01357232,2025-02-13,AAA,2024-06-22,2024-09-26,201,105,4.460,4.570,4.820,4.770,4.710,4.650,4.710,4.700
123252,银邦转债,2025-01-07,370337,300337,银邦股份,0.0051516331,2025-01-24,AA-,2024-10-25,2024-12-03,74,35,13.410,13.310,16.050,16.660,10.370,10.650,11.330,11.490
110098,南药转债,2024-12-25,733713,600713,南京医药,0.00494045,2025-01-20,AA+,2024-10-17,2024-12-05,69,20,5.160,5.170,4.730,4.650,5.070,5.040,4.830,4.830
123251,华医转债,2024-12-23,371235,301235,华康洁净,0.0027141027,2025-01-09,A+,2023-12-08,2024-02-07 00:00:00,381,320,16.290,14.920,25.560,25.270,20.330,20.120,18.280,18.540
118051,皓元转债,2024-11-28,718131,688131,皓元医药,0.00341,2024-12-19,AA-,2024-08-14,2024-09-24 00:00:00,106,65,24.000,24.760,21.700,20.910,37.010,36.350,36.750,36.910
127107,领益转债,2024-11-18,72600,2600,领益智造,0.005752783,2024-12-06,AA+,2024-01-27,2024-10-26,296,23,8.620,8.730,5.210,5.050,8.940,8.150,8.750,8.920
123250,嘉益转债,2024-11-07,371004,301004,嘉益股份,0.0032254984,2024-11-26,A+,2023-10-20,2023-12-18,384,325,43.770,43.490,43.430,43.000,111.000,107.560,98.160,99.000
113692,保隆转债,2024-10-31,754197,603197,保隆科技,0.00558023,2024-11-27,AA,2024-05-18,2024-08-31,166,61,29.980,28.880,42.040,41.980,38.000,38.320,38.500,38.280
113691,和邦转债,2024-10-28,754077,603077,和邦生物,0.02407311,2024-11-19,AA,2023-06-21,2024-09-09,495,49,1.680,1.690,2.370,2.340,2.080,2.110,2.080,2.070
110097,天润转债,2024-10-24,733419,600419,天润乳业,0.00442529,2024-11-15,AA,2023-12-06,2024-06-12,323,134,8.850,8.880,12.850,12.900,8.150,8.130,9.450,9.500
123249,英搏转债,2024-10-24,370681,300681,英搏尔,0.0034318708,2024-11-11,AA,2024-08-07,2024-09-05,78,49,13.580,13.540,12.420,12.510,17.420,17.580,24.380,26.450
113690,豪24转债,2024-10-23,754809,603809,豪能股份,0.00131908,2024-11-20,AA-,2023-12-02,2024-03-14 00:00:00,326,223,9.680,9.580,12.220,12.080,8.240,8.790,12.170,12.560
113688,国检转债,2024-10-17,754060,603060,国检集团,0.00202207,2024-11-12,AA+,2023-10-10,2024-09-05,373,42,6.130,6.120,10.660,10.660,6.820,6.500,7.360,7.330
113689,洛凯转债,2024-10-17,754829,603829,洛凯股份,0.00053307,2024-11-11,AA-,2024-01-20,2024-08-30,271,48,12.070,12.260,15.370,14.450,14.830,14.830,14.700,15.170
118050,航宇转债,2024-08-21,718239,688239,航宇科技,0.00327929,2024-09-10,AA-,2024-06-08,2024-08-02,74,19,36.050,34.880,37.600,40.020,27.710,28.000,27.800,27.900
123248,恒辉转债,2024-08-21,370952,300952,恒辉安防,0.000912737,2024-09-12,AA-,2024-06-15,2024-08-03,67,18,16.920,16.360,17.980,18.400,16.560,16.870,16.510,16.460
123247,万凯转债,2024-08-16,371216,301216,万凯新材,0.0219868882,2024-09-05,AA,2023-08-19,2024-06-25,363,52,11.120,11.200,15.350,15.220,10.390,10.280,9.980,9.950
123246,远信转债,2024-08-16,371053,301053,远信工业,0.0003409553,2024-09-03,A,2023-11-17,2023-12-22 00:00:00,273,238,26.780,26.590,26.310,26.880,20.040,19.520,18.000,18.180
123245,集智转债,2024-08-14,370553,300553,集智股份,0.0012028753,2024-08-28,A,2023-08-25,2023-10-27,355,292,41.860,40.570,46.720,45.870,21.000,21.060,19.090,19.230
127106,伟隆转债,2024-08-13,72871,2871,伟隆股份,0.0004217956,2024-08-28,A,2024-06-01,2024-07-11,73,33,8.010,8.050,8.720,8.450,9.090,9.090,7.660,7.680
110096,豫光转债,2024-08-12,733531,600531,豫光金铅,0.00408851,2024-09-03,AA,2024-01-31,2024-07-04,194,39,6.690,6.460,5.510,5.340,5.490,5.530,5.630,5.660
118049,汇成转债,2024-08-07,718403,688403,汇成股份,0.00606009,2024-09-02,AA-,2024-01-23,2024-06-08,197,60,8.380,8.930,8.220,8.290,7.270,7.130,7.040,6.770
123244,松原转债,2024-08-01,370893,300893,松原安全,0.0006162684,2024-08-22,A+,2023-08-21,2023-12-01 00:00:00,346,244,29.600,29.100,22.120,22.280,27.080,27.400,25.360,25.020
111021,奥锐转债,2024-07-26,713116,605116,奥锐特,0.00154693,2024-08-15,AA-,2024-01-24,2024-06-25,184,31,22.810,22.160,22.870,22.430,22.390,22.500,22.800,22.950
111020,合顺转债,2024-07-22,713166,605166,聚合顺,0.00085277,2024-08-15,AA-,2024-02-01,2024-06-07,172,45,10.920,11.120,7.830,7.600,9.830,9.940,9.220,9.130
113687,振华转债,2024-07-12,754067,603067,振华股份,0.00133007,2024-08-02,AA,2024-01-25,2024-06-13,169,29,10.600,10.560,8.950,9.120,11.760,11.570,11.870,12.000
123243,严牌转债,2024-07-10,371081,301081,严牌股份,0.0010868486,2024-07-26,A+,2023-12-01,2024-01-15,222,177,11.000,10.980,11.160,11.360,7.050,6.960,6.900,6.990
123242,赛龙转债,2024-07-08,371131,301131,聚赛龙,0.0008402282,2024-07-29,A+,2023-12-29,2024-02-06,192,153,28.260,28.880,48.540,50.500,35.660,33.340,34.190,33.950
123241,欧通转债,2024-07-05,370870,300870,欧陆通,0.0026145421,2024-07-26,AA-,2023-12-29,2024-02-07,189,149,28.220,27.480,43.210,44.270,38.400,39.510,37.320,38.210
113686,泰瑞转债,2024-07-02,754289,603289,泰瑞机器,0.00058458,2024-07-24,AA-,2024-02-03,2024-05-21,150,42,9.450,9.260,7.200,6.510,8.420,8.610,7.840,7.630
118048,利扬转债,2024-07-02,718135,688135,利扬芯片,0.00446186,2024-07-19,A+,2023-12-15,2024-03-01,200,123,18.100,18.020,22.340,22.460,15.010,14.790,14.650,15.780
113685,升24转债,2024-06-14,754305,603305,旭升集团,0.03292173,2024-07-10,AA-,2023-07-20,2024-05-15,330,30,13.850,13.530,26.730,25.660,12.050,12.210,10.160,10.370
111019,宏柏转债,2024-04-17,713366,605366,宏柏新材,0.00419888,2024-05-14,AA-,2023-10-10,2024-01-24,190,84,8.710,8.950,8.190,8.140,6.600,6.880,7.120,7.120
113684,湘泵转债,2024-04-01,754319,603319,美湖股份,0.00159843,2024-04-29,AA-,2023-08-19,2023-12-01 00:00:00,226,122,19.140,18.990,16.340,16.440,17.140,17.620,18.000,18.050
113683,伟24转债,2024-03-28,754568,603568,伟明环保,0.00033243,2024-04-22,AA,2023-12-14,2024-03-01,105,27,18.000,18.100,17.200,17.350,18.040,18.230,20.300,20.080
113682,益丰转债,2024-03-04,754939,603939,益丰药房,0.01059669,2024-03-27,AA,2023-11-18,2024-01-24 00:00:00,107,40,38.510,38.700,37.660,37.720,39.180,38.930,39.160,39.800
127105,龙星转债,2024-02-01,72442,2442,龙星科技,0.0054914743,2024-03-06,AA-,2023-11-18,2024-01-02 00:00:00,75,30,6.520,6.660,5.710,5.690,4.450,4.380,4.310,4.390
123240,楚天转债,2024-01-31,370358,300358,楚天科技,0.0043068188,2024-02-29,AA,2023-11-23,2024-01-02,69,29,10.800,10.690,11.830,11.940,8.370,8.120,8.820,9.080
127104,姚记转债,2024-01-25,72605,2605,姚记科技,0.0018660693,2024-02-26,A+,2023-04-13,2023-05-25,287,245,30.600,29.840,35.940,37.100,23.460,23.870,24.300,24.040
123239,锋工转债,2024-01-19,370488,300488,恒锋工具,0.0007342904,2024-02-22,A+,2023-11-24,2023-12-22,56,28,24.300,24.170,25.100,24.390,22.300,21.480,19.500,19.980
123238,卡倍转02,2024-01-11,370863,300863,卡倍亿,0.0008165958,2024-02-01,A+,2023-11-09,2023-12-18,63,24,48.480,50.600,51.100,50.420,45.880,46.810,35.310,35.160
123237,佳禾转债,2024-01-04,370793,300793,佳禾智能,0.0042312552,2024-01-24,A+,2022-12-12,2023-02-13,388,325,17.900,17.750,16.200,16.340,20.000,20.140,15.000,15.090
127103,东南转债,2024-01-03,72135,2135,东南网架,0.0063762297,2024-01-24,AA,2023-06-16,2023-08-28,201,128,6.340,6.170,6.510,6.600,5.450,5.480,4.960,5.130
113681,镇洋转债,2023-12-29,754213,603213,镇洋发展,0.00098724,2024-01-17,AA-,2023-08-18,2023-10-31,133,59,11.180,11.190,11.540,11.460,10.540,10.790,12.390,11.630
111018,华康转债,2023-12-25,713077,605077,华康股份,0.00278331,2024-01-15,AA-,2023-08-19,2023-12-09,128,16,22.260,22.610,25.150,24.950,21.710,21.680,21.880,21.840
127102,浙建转债,2023-12-25,72761,2761,浙江建投,0.005139885,2024-01-16,AA+,2023-07-22,2023-09-16,156,100,14.350,14.760,17.300,16.930,9.940,9.840,9.820,9.760
123236,家联转债,2023-12-22,371193,301193,家联科技,0.0009433278,2024-01-18,AA-,2023-08-18,2023-11-21,126,31,17.920,17.860,17.380,17.240,17.670,17.350,19.250,19.900
113069,博23转债,2023-12-22,783137,601137,博威合金,0.00671801,2024-01-18,AA,2023-08-24,2023-11-15,120,37,16.000,16.460,13.650,13.750,14.160,14.380,14.880,15.150
127101,豪鹏转债,2023-12-22,71283,1283,豪鹏科技,0.0043906434,2024-01-11,AA-,2023-07-22,2023-09-07,153,106,47.500,45.780,51.370,49.210,47.660,49.240,51.370,52.000
127100,神码转债,2023-12-21,70034,34,神州数码,0.0044770632,2024-01-19,AA,2023-09-01,2023-11-17,111,34,35.340,35.510,31.650,30.950,28.610,29.740,26.350,26.530
123235,亿田转债,2023-12-21,370911,300911,亿田智能,0.0010338434,2024-01-12,AA-,2023-10-20,2023-11-21,62,30,37.620,37.700,37.690,37.940,35.400,35.260,35.020,34.550
118046,诺泰转债,2023-12-15,718076,688076,诺泰生物,0.00172269,2024-01-18,A+,2023-07-21,2023-11-17,147,28,42.200,42.600,34.100,34.010,40.190,40.450,42.940,42.800
123234,中能转债,2023-12-11,370062,300062,中能电气,0.001357269,2023-12-29,A+,2023-07-22,2023-11-10,142,31,6.360,6.340,6.460,6.440,6.010,6.100,6.100,6.230
127099,盛航转债,2023-12-06,71205,1205,盛航股份,0.0027218265,2023-12-28,AA-,2023-09-01,2023-10-30 00:00:00,96,37,16.860,16.850,18.770,18.640,17.810,17.430,16.720,17.050
123233,凯盛转债,2023-11-29,371069,301069,凯盛新材,0.0012234346,2023-12-15,AA-,2023-06-30,2023-08-30,152,91,21.640,21.900,23.460,25.440,19.670,19.470,18.240,18.100
123232,金现转债,2023-11-27,370830,300830,金现代,0.0014685712,2023-12-19,A+,2023-06-30,2023-08-31,150,88,8.890,8.840,9.590,9.500,8.710,8.990,8.720,8.700
127098,欧晶转债,2023-11-24,71269,1269,欧晶科技,0.0017127732,2023-12-15,AA-,2023-07-29,2023-11-10,118,14,46.800,46.640,57.690,57.850,44.990,43.890,38.200,38.650
113680,丽岛转债,2023-11-15,754937,603937,丽岛新材,0.00048969,2023-12-05,A+,2023-07-20,2023-09-22 00:00:00,118,54,12.810,12.720,12.700,12.450,12.400,12.590,12.830,12.460
123230,金钟转债,2023-11-09,371133,301133,金钟股份,0.0004519079,2023-12-01,A,2023-07-14,2023-08-30,118,71,26.880,27.410,28.190,27.710,27.810,28.710,31.750,31.960
123231,信测转债,2023-11-09,370938,300938,信测标准,0.0010515875,2023-11-29,AA-,2023-07-14,2023-08-30,118,71,41.330,42.010,42.200,41.920,35.500,35.880,37.490,36.830
127097,三羊转债,2023-10-26,71317,1317,三羊马,0.0004248122,2023-11-17,A+,2023-06-22,2023-09-07,126,49,36.800,36.030,36.590,35.970,33.000,33.970,37.690,40.050
113679,芯能转债,2023-10-26,754105,603105,芯能科技,0.00265816,2023-11-24,AA-,2023-08-12,2023-09-22,75,34,13.080,13.430,14.850,15.080,11.500,11.880,12.630,12.370
123229,艾录转债,2023-10-23,371062,301062,上海艾录,0.0015666985,2023-11-20,A+,2023-07-14,2023-08-29,101,55,9.340,9.730,10.410,10.430,9.220,8.930,11.270,11.450
123228,震裕转债,2023-10-20,370953,300953,震裕科技,0.0033437479,2023-11-09,AA-,2023-07-28,2023-09-06,84,44,61.390,63.910,70.340,70.860,55.430,57.570,58.860,58.730
123227,雅创转债,2023-10-20,371099,301099,雅创电子,0.0008851171,2023-11-10,A+,2023-07-14,2023-09-01,98,49,45.410,45.560,64.200,61.710,46.750,46.610,52.400,53.620
113678,中贝转债,2023-10-19,754220,603220,中贝通信,0.00148949,2023-11-21,A+,2023-06-28,2023-08-26 00:00:00,113,54,22.530,20.800,15.370,14.800,39.000,35.500,49.550,46.100
127095,广泰转债,2023-10-18,72111,2111,威海广泰,0.0022347742,2023-11-10,AA-,2023-07-14,2023-09-02,96,46,9.120,9.210,9.440,9.340,8.690,8.640,9.250,9.300
127094,红墙转债,2023-10-18,72809,2809,红墙股份,0.000963578,2023-11-08,A+,2023-07-14,2023-09-01,96,47,10.890,10.960,11.160,11.050,9.740,9.590,10.680,10.650
127093,章鼓转债,2023-10-17,72598,2598,山东章鼓,0.0007387761,2023-11-03,A+,2023-07-08,2023-08-30,101,48,10.480,10.510,11.610,11.560,9.810,9.740,9.960,10.050
123226,中富转债,2023-10-16,370814,300814,中富电路,0.0008351318,2023-11-03,AA-,2023-07-28,2023-09-06,80,40,38.390,43.400,30.200,29.240,34.830,32.460,30.330,31.960
123225,翔丰转债,2023-10-10,370890,300890,翔丰华,0.0035777723,2023-10-26,AA-,2023-07-28,2023-09-06,74,34,33.880,34.580,39.340,39.780,32.880,33.100,34.560,36.080
127092,运机转债,2023-09-21,71288,1288,运机集团,0.0017956304,2023-10-20,AA-,2023-07-29,2023-09-07,54,14,17.880,17.430,17.050,17.420,16.530,16.750,16.050,16.330
123224,宇邦转债,2023-09-19,371266,301266,宇邦新材,0.0009705603,2023-10-18,A+,2023-07-13,2023-08-30,68,20,50.880,51.280,67.140,65.000,50.500,49.610,47.430,46.930
123223,九典转02,2023-09-15,370705,300705,九典制药,0.0006352217,2023-10-13,A+,2022-12-23,2023-03-17,266,182,27.970,27.490,21.760,21.710,21.000,22.450,25.010,25.190
113677,华懋转债,2023-09-14,754306,603306,华懋科技,0.00326065,2023-10-12,AA-,2023-06-17,2023-08-09,89,36,27.230,27.600,29.250,28.800,34.700,35.180,32.930,31.540
118045,盟升转债,2023-09-12,718311,688311,盟升电子,0.00089357,2023-10-17,A,2023-05-06,2023-06-29,129,75,64.000,65.690,65.660,67.500,42.550,42.690,42.100,44.240
118044,赛特转债,2023-09-11,718398,688398,赛特新材,0.00056949,2023-10-12,A+,2022-09-23,2022-11-12,353,303,31.910,32.680,29.510,28.300,32.000,33.160,31.270,31.570
123222,博俊转债,2023-09-08,370926,300926,博俊科技,0.0010404561,2023-09-28,A+,2023-04-07,2023-05-17,154,114,31.900,32.370,32.820,32.220,23.080,22.960,27.220,30.950
123221,力诺转债,2023-08-23,371188,301188,力诺药包,0.0018983056,2023-09-14,A+,2023-06-19,2023-08-02 00:00:00,65,21,14.110,14.060,17.150,17.620,13.230,12.810,12.660,12.410
127091,科数转债,2023-08-23,72335,2335,科华数据,0.0052497071,2023-09-12,AA,2023-07-01,2023-08-11,53,12,34.770,33.760,38.200,39.550,30.980,30.520,31.490,31.970
113676,荣23转债,2023-08-18,754165,603165,荣晟环保,0.00080245,2023-09-13,AA-,2023-05-23,2023-06-30,87,49,16.450,16.040,14.630,14.650,15.650,15.140,15.620,15.190
123220,易瑞转债,2023-08-18,370942,300942,易瑞生物,0.0028761396,2023-09-06,A+,2023-05-26,2023-07-05,84,44,12.500,12.550,13.430,13.640,14.300,14.070,14.230,14.140
111017,蓝天转债,2023-08-15,713368,605368,蓝天燃气,0.00084259,2023-09-08,AA,2023-05-25,2023-08-03,82,12,9.960,9.900,9.500,9.650,9.350,9.560,9.780,10.160
118043,福立转债,2023-08-14,718678,688678,福立旺,0.00147242,2023-09-12,AA-,2023-05-09,2023-06-27,97,48,21.080,20.480,16.300,15.860,19.790,19.110,19.910,19.440
123219,宇瞳转债,2023-08-11,370790,300790,宇瞳光学,0.0011856348,2023-08-29,A+,2023-05-19,2023-06-29,84,43,14.090,14.980,14.850,15.230,14.460,13.840,12.890,13.470
113675,新23转债,2023-08-11,754179,603179,新泉股份,0.0028089,2023-09-05,AA-,2023-06-14,2023-07-27,58,15,46.780,48.790,43.480,42.460,51.770,53.080,52.980,51.770
123218,宏昌转债,2023-08-10,371008,301008,宏昌科技,0.000438974,2023-08-30,A+,2023-04-10,2023-05-17,122,85,24.550,25.060,27.140,26.750,30.300,31.200,30.100,30.260
118042,奥维转债,2023-08-10,718516,688516,奥特维,0.00203912,2023-09-01,AA-,2023-06-07,2023-07-22,64,19,181.580,178.390,165.170,161.640,166.000,172.700,168.310,166.640
110095,双良转债,2023-08-08,733481,600481,双良节能,0.00551815,2023-09-08,AA-,2023-05-23,2023-06-29,77,40,13.910,13.710,13.190,13.120,11.400,11.440,10.510,10.570
123217,富仕转债,2023-08-08,370852,300852,四会富仕,0.0007508153,2023-08-24,AA-,2023-06-09,2023-07-20,60,19,42.600,40.300,40.900,41.010,40.570,39.120,36.460,36.950
123216,科顺转债,2023-08-04,370737,300737,科顺股份,0.0045649054,2023-08-23,AA,2023-04-20,2023-06-26,106,39,9.290,9.040,11.470,11.480,9.980,9.960,8.730,8.500
123215,铭利转债,2023-08-03,371268,301268,铭利达,0.0018818159,2023-08-23,AA-,2023-06-09,2023-07-11,55,23,38.080,40.050,41.060,42.440,34.400,34.030,30.750,29.510
123214,东宝转债,2023-07-31,370239,300239,东宝生物,0.0019172228,2023-08-18,A+,2023-06-09,2023-07-11,52,20,6.190,6.240,6.250,6.280,6.450,6.390,6.300,6.180
118041,星球转债,2023-07-31,718633,688633,星球石墨,0.00054951,2023-08-22,A+,2023-04-20,2023-06-28,102,33,43.890,43.140,45.950,45.220,31.460,31.210,29.580,28.740
123213,天源转债,2023-07-28,371127,301127,武汉天源,0.0037859869,2023-08-16,AA-,2023-05-12,2023-06-28 00:00:00,77,30,9.630,9.630,10.210,10.080,10.050,10.160,10.440,10.200
113068,金铜转债,2023-07-28,783609,601609,金田股份,0.00313136,2023-08-28,AA+,2023-06-01,2023-06-30,57,28,6.380,6.490,6.550,6.500,6.530,6.630,6.660,6.490
123211,阳谷转债,2023-07-27,370121,300121,阳谷华泰,0.0011936109,2023-08-14,AA-,2023-04-08,2023-06-05,110,52,9.520,9.370,11.450,11.350,9.700,9.490,9.190,9.250
123210,信服转债,2023-07-27,370454,300454,深信服,0.0024586282,2023-08-18,AA,2023-04-14,2023-07-05,104,22,113.750,112.110,140.800,137.600,110.390,107.550,112.380,109.180
113067,燃23转债,2023-07-27,783139,601139,深圳燃气,0.01104675,2023-08-18,AAA,2023-05-23,2023-06-29,65,28,7.390,7.340,7.280,7.180,7.180,7.350,7.000,7.040
123212,立中转债,2023-07-27,370428,300428,立中集团,0.0016998032,2023-08-16,AA-,2023-05-25,2023-07-07,63,20,23.310,22.990,21.480,21.370,25.000,24.800,23.460,23.470
123209,聚隆转债,2023-07-26,370644,300644,南京聚隆,0.000840233,2023-08-17,A+,2023-04-10,2023-05-17,107,70,15.590,16.070,16.880,16.560,17.590,17.560,16.600,17.030
118040,宏微转债,2023-07-25,718711,688711,宏微科技,0.00147191,2023-08-14,A,2023-04-15,2023-06-07,101,48,58.910,60.490,89.900,88.370,60.000,59.610,53.740,53.000
111016,神通转债,2023-07-25,713228,605228,神通科技,0.00043413,2023-08-15,AA-,2023-05-25,2023-07-06,61,19,9.960,9.970,8.530,8.600,10.920,11.400,9.960,9.600
123208,孩王转债,2023-07-24,371078,301078,孩子王,0.0044397098,2023-08-10,AA,2023-04-20,2023-06-09,95,45,12.290,13.130,11.000,10.840,11.000,10.890,11.090,10.870
127090,兴瑞转债,2023-07-24,72937,2937,兴瑞科技,0.0010381564,2023-08-15,AA-,2023-05-19,2023-07-05,66,19,25.960,26.420,22.600,22.860,25.470,25.930,24.280,24.160
123207,冠中转债,2023-07-21,370948,300948,冠中生态,0.0013600673,2023-08-09,A-,2023-05-22,2023-06-29,60,22,13.910,14.690,14.380,14.650,15.300,15.210,15.220,14.850
113674,华设转债,2023-07-21,754018,603018,华设集团,0.00097532,2023-08-15,AA,2023-04-20,2023-06-29,92,22,8.620,8.710,9.020,9.160,8.580,8.710,8.650,8.680
118039,煜邦转债,2023-07-20,718597,688597,煜邦电力,0.00166927,2023-08-15,A,2023-05-30,2023-07-01,51,19,10.170,10.060,10.450,10.570,9.980,9.590,8.800,8.700
123206,开能转债,2023-07-20,370272,300272,开能健康,0.0005681769,2023-08-08,A+,2023-04-28,2023-07-03,83,17,5.310,5.330,5.280,5.380,5.580,5.610,5.620,5.690
110094,众和转债,2023-07-18,733888,600888,新疆众和,0.00389776,2023-08-14,AA,2023-05-18,2023-07-06,61,12,8.110,8.090,8.350,8.220,8.000,8.100,8.060,8.180
127089,晶澳转债,2023-07-18,72459,2459,晶澳科技,0.0241433531,2023-08-04,AA+,2023-04-28,2023-06-01,81,47,36.090,35.200,40.630,40.390,33.910,33.210,31.710,31.630
113672,福蓉转债,2023-07-18,754327,603327,福蓉科技,0.00073622,2023-08-10,AA,2023-05-19,2023-06-30,60,18,11.640,11.880,14.930,15.070,12.070,12.250,12.570,12.610
113673,岱美转债,2023-07-18,754730,603730,岱美股份,0.00061925,2023-08-10,AA,2023-04-28,2023-06-22,81,26,15.790,16.420,17.230,16.900,15.760,17.510,18.560,18.600
118038,金宏转债,2023-07-17,718106,688106,金宏气体,0.00221597,2023-08-10,AA-,2023-04-11,2023-06-28,97,19,25.900,25.900,23.630,23.800,24.800,25.250,25.400,25.010
123205,大叶转债,2023-07-17,370879,300879,大叶股份,0.0007488107,2023-08-08,A+,2022-11-11,2023-01-18,248,180,16.440,16.600,18.350,18.130,18.570,18.030,17.470,17.360
123204,金丹转债,2023-07-13,370829,300829,金丹科技,0.0015047031,2023-08-02,AA-,2023-03-24,2023-04-28,111,76,21.580,21.660,22.920,23.600,21.120,21.490,21.020,21.080
113671,武进转债,2023-07-10,754878,603878,武进不锈,0.00072475,2023-08-03,AA,2023-05-24,2023-06-29,47,11,8.160,8.300,8.370,8.360,8.250,8.280,8.510,8.430
111015,东亚转债,2023-07-06,713177,605177,东亚药业,0.00141941,2023-08-02,A+,2023-04-28,2023-06-03,69,33,24.790,24.560,24.350,24.870,24.870,25.520,29.480,28.640
118037,上声转债,2023-07-06,718533,688533,上声电子,0.00074907,2023-08-01,A+,2023-04-18,2023-05-26,79,41,44.810,46.070,41.500,41.510,48.680,49.580,47.000,46.490
127088,赫达转债,2023-07-03,72810,2810,山东赫达,0.0019329397,2023-07-19,AA-,2023-04-24,2023-06-09,70,24,17.320,17.400,20.090,19.880,17.760,18.030,18.730,18.670
123203,明电转02,2023-07-03,370739,300739,明阳电路,0.0010565991,2023-07-19,AA-,2023-04-07,2023-05-26,87,38,13.920,14.190,17.000,16.470,14.590,14.660,15.060,15.200
123202,祥源转债,2023-07-03,370980,300980,祥源新材,0.0012570425,2023-07-26,A+,2023-03-02,2023-04-12,123,82,21.000,21.020,19.680,19.700,19.180,19.470,19.670,19.850
118036,力合转债,2023-06-28,718589,688589,力合微,0.00119992,2023-07-20,AA-,2023-03-25,2023-06-07 00:00:00,95,21,43.240,43.830,43.000,42.130,40.710,39.840,45.920,43.560
123200,海泰转债,2023-06-27,371022,301022,海泰科,0.0006950516,2023-07-17,A,2023-04-10,2023-05-17,78,41,29.370,29.550,29.480,31.040,25.690,24.920,27.960,28.060
123201,纽泰转债,2023-06-27,371229,301229,纽泰格,0.0008561319,2023-07-18,A,2023-04-28,2023-06-02,60,25,27.670,28.400,26.350,26.540,28.000,28.600,34.480,35.600
111014,李子转债,2023-06-20,713337,605337,李子园,0.00084926,2023-07-13,AA,2023-04-25,2023-06-03,56,17,18.250,17.990,22.800,22.740,18.570,18.400,18.020,18.370
123199,山河转债,2023-06-12,370452,300452,山河药辅,0.0009127967,2023-07-07,A+,2022-12-22,2023-02-13,172,119,17.580,17.730,16.600,15.760,17.870,17.910,15.960,15.850
118035,国力转债,2023-06-12,718103,688103,国力股份,0.00113483,2023-07-06,A+,2023-03-22,2023-05-19,82,24,59.310,59.570,61.400,62.220,63.310,63.230,57.170,57.100
127086,恒邦转债,2023-06-12,72237,2237,恒邦股份,0.0115630125,2023-07-07,AA+,2023-04-15,2023-05-26,58,17,11.070,11.200,12.810,13.070,11.090,10.920,10.830,11.020
123198,金埔转债,2023-06-08,371098,301098,金埔园林,0.0020882571,2023-07-07,A,2023-03-02,2023-04-11,98,58,16.770,16.880,17.660,17.670,11.660,12.080,12.110,12.050
123197,光力转债,2023-05-08,370480,300480,光力科技,0.0005682849,2023-05-29,A+,2022-09-03,2022-11-15,247,174,15.620,16.640,16.890,16.550,20.610,21.160,22.400,22.540
118034,晶能转债,2023-04-20,718223,688223,晶科能源,0.01087005,2023-05-19,AA+,2023-02-14,2023-04-04,65,16,14.170,13.630,14.610,14.490,13.100,12.630,12.200,12.310
123196,正元转02,2023-04-18,370645,300645,正元智慧,0.0006970395,2023-05-19,A+,2022-11-16,2023-03-20,153,29,29.010,28.840,27.500,28.150,29.780,29.880,28.150,28.000
123195,蓝晓转02,2023-04-17,370487,300487,蓝晓科技,0.0008360413,2023-05-08,A+,2023-03-03,2023-03-28,45,20,92.800,90.990,98.670,98.750,91.710,90.640,87.660,89.330
123194,百洋转债,2023-04-14,371015,301015,百洋医药,0.0010600487,2023-05-05,AA-,2023-02-14,2023-03-28,59,17,26.070,26.560,27.730,27.810,28.100,28.440,28.880,27.910
123193,海能转债,2023-04-13,370787,300787,海能实业,0.0012747352,2023-05-09,AA-,2022-11-25,2023-02-13,139,59,31.300,32.030,30.750,29.830,33.980,32.840,26.540,27.330
123192,科思转债,2023-04-13,370856,300856,科思股份,0.0010951456,2023-05-11,AA-,2023-02-24,2023-04-04,48,9,53.690,53.300,58.990,57.610,52.020,53.650,67.150,66.890
123191,智尚转债,2023-04-10,370918,300918,南山智尚,0.0006109102,2023-04-28,AA-,2023-01-12,2023-02-13,88,56,10.800,10.980,10.000,10.150,12.010,11.480,11.380,11.740
123190,道氏转02,2023-04-07,370409,300409,道氏技术,0.0072192519,2023-04-25,AA-,2022-12-16,2023-02-13,112,53,17.170,17.000,16.630,16.470,14.580,14.840,13.410,12.900
123189,晓鸣转债,2023-04-06,370967,300967,晓鸣股份,0.0007801534,2023-04-25,A,2022-09-08,2023-02-16,210,49,17.360,16.800,17.400,17.160,18.750,19.810,16.580,17.020
123187,超达转债,2023-04-04,371186,301186,超达装备,0.0004562974,2023-04-25,A,2023-02-24,2023-03-20,39,15,30.730,30.940,33.990,34.360,33.150,31.600,27.980,27.300
123188,水羊转债,2023-04-04,370740,300740,水羊股份,0.0011610488,2023-04-25,A+,2022-12-23,2023-02-17,102,46,13.960,14.500,14.490,14.070,13.790,13.730,14.010,13.600
123185,能辉转债,2023-03-31,371046,301046,能辉科技,0.0018787062,2023-04-20,A+,2022-12-30,2023-02-14,91,45,43.900,45.080,33.940,34.650,35.160,34.910,32.000,31.570
123186,志特转债,2023-03-31,370986,300986,志特新材,0.0009688248,2023-04-21,A+,2023-02-17,2023-03-20,42,11,40.570,40.000,40.090,39.290,38.870,39.280,35.070,34.530
123183,海顺转债,2023-03-23,370501,300501,海顺新材,0.001257266,2023-04-20,AA-,2022-11-04,2023-02-01,139,50,15.600,15.760,14.400,14.620,16.980,17.070,16.000,15.840
123184,天阳转债,2023-03-23,370872,300872,天阳科技,0.0033529257,2023-04-18,AA-,2022-11-16,2023-01-19,127,63,13.520,13.630,14.290,14.350,14.780,15.070,15.760,15.350
123182,广联转债,2023-03-22,370900,300900,广联航空,0.0018586896,2023-04-17,A+,2022-11-16,2023-01-19,126,62,28.560,29.290,29.640,29.450,31.720,32.230,31.090,31.210
118033,华特转债,2023-03-21,718268,688268,华特气体,0.00520423,2023-04-14,AA-,2022-11-25,2023-02-04,116,45,83.770,81.300,85.800,82.410,84.960,86.000,94.430,101.990
123180,浙矿转债,2023-03-09,370837,300837,浙矿股份,0.0012734856,2023-03-28,AA-,2022-12-16,2023-02-14,83,23,46.800,45.790,41.890,41.400,48.050,47.800,43.730,45.750
118032,建龙转债,2023-03-08,718357,688357,建龙微纳,0.00231615,2023-04-07,AA-,2022-11-16,2023-02-15,112,21,117.300,115.020,123.900,114.980,119.800,117.610,95.980,97.180
123179,立高转债,2023-03-07,370973,300973,立高食品,0.0019133484,2023-03-27,AA-,2022-11-10,2023-01-19,117,47,93.320,92.100,87.510,88.600,99.690,99.840,101.220,99.880
123178,花园转债,2023-03-06,370401,300401,花园生物,0.0041808277,2023-03-23,AA-,2022-11-16,2023-02-14,110,20,15.530,15.890,16.510,16.510,14.380,14.620,14.300,14.310
123177,测绘转债,2023-03-02,370826,300826,测绘股份,0.0007691134,2023-03-24,A+,2022-11-25,2023-02-14,97,16,13.230,13.550,12.480,12.510,13.850,13.940,14.650,14.710
123176,精测转2,2023-03-02,370567,300567,精测电子,0.0043882511,2023-03-22,AA-,2022-10-29,2023-02-08,124,22,61.300,60.960,52.000,51.200,62.390,62.880,67.760,65.180
123175,百畅转债,2023-02-22,370614,300614,百川畅银,0.0014455717,2023-03-17,A,2022-09-07,2022-11-11,168,103,26.190,25.700,25.900,26.600,28.390,29.480,26.530,26.660
123174,精锻转债,2023-02-15,370258,300258,精锻科技,0.0014511423,2023-03-07,AA-,2022-11-17,2023-01-18,90,28,12.190,12.190,12.810,12.840,12.690,12.690,11.750,11.430
118031,天23转债,2023-02-13,718599,688599,天合光能,0.02789406,2023-03-15,AA,2022-11-16,2023-02-04,89,9,66.670,65.890,66.100,66.180,64.990,64.260,57.150,56.960
118030,睿创转债,2022-12-30,718002,688002,睿创微纳,0.00512519,2023-02-10,AA,2022-09-30,2022-11-15,91,45,43.880,44.540,38.430,38.020,38.010,37.190,47.350,48.050
123173,恒锋转债,2022-12-30,370605,300605,恒锋信息,0.0007199338,2023-02-08,A-,2022-09-02,2022-10-18,119,73,12.360,12.420,12.220,12.560,13.550,13.750,15.380,15.110
118029,富淼转债,2022-12-15,718350,688350,富淼科技,0.00078808,2023-01-09,A,2022-09-22,2022-11-15,84,30,19.090,19.190,18.310,18.430,20.280,19.900,18.000,18.660
123172,漱玉转债,2022-12-15,371017,301017,漱玉平民,0.001298266,2023-01-06,AA-,2022-08-19,2022-11-21,118,24,19.050,18.810,17.140,16.970,19.850,20.200,18.090,17.780
118028,会通转债,2022-12-06,718219,688219,会通股份,0.00102553,2023-01-04,AA-,2021-12-03,2022-03-17 00:00:00,368,264,9.200,9.600,12.780,12.500,9.050,9.070,8.630,8.660
123171,共同转债,2022-11-28,370966,300966,共同药业,0.0008545904,2022-12-16,A,2022-09-16,2022-11-11 00:00:00,73,17,27.460,27.080,25.250,24.510,26.300,27.030,33.000,36.200
118027,宏图转债,2022-11-28,718066,688066,航天宏图,0.0033846,2022-12-22,BBB+,2022-09-16,2022-11-15,73,13,86.000,88.510,76.000,76.840,79.300,79.620,77.000,76.990
123170,南电转债,2022-11-24,370346,300346,南大光电,0.0034265105,2022-12-15,AA-,2022-07-20,2022-11-10 00:00:00,127,14,33.010,32.820,32.200,31.850,32.910,32.530,30.850,32.260
123168,惠云转债,2022-11-23,370891,300891,惠云钛业,0.0017122918,2022-12-14,AA-,2022-07-20,2022-08-19 00:00:00,126,96,12.900,12.610,12.600,13.390,10.710,10.390,10.190,10.130
123169,正海转债,2022-11-23,370224,300224,正海磁材,0.0034231574,2022-12-12,AA-,2022-09-21,2022-11-11 00:00:00,63,12,13.700,13.400,12.790,13.030,13.030,12.860,12.830,12.740
123167,商络转债,2022-11-17,370975,300975,商络电子,0.0006649965,2022-12-09,A+,2022-08-03,2022-08-26 00:00:00,106,83,8.150,8.140,8.090,8.140,7.210,7.220,7.040,6.820
123166,蒙泰转债,2022-11-02,370876,300876,蒙泰高新,0.0003409429,2022-11-25,A,2022-07-13,2022-08-26 00:00:00,112,68,26.130,26.190,23.400,23.140,25.530,25.800,31.140,30.550
123165,回天转债,2022-10-27,370041,300041,回天新材,0.0026221841,2022-11-15,AA-,2022-08-11,2022-09-07 00:00:00,77,50,20.360,21.110,21.960,24.020,15.580,15.510,17.070,17.870
123164,法本转债,2022-10-21,370925,300925,法本信息,0.0014980607,2022-11-14,A+,2022-08-03,2022-08-26 00:00:00,79,56,11.460,11.290,11.300,11.300,10.980,11.300,12.300,12.150
123163,金沃转债,2022-10-14,370984,300984,金沃股份,0.0006837546,2022-11-07,A,2022-08-04,2022-08-26 00:00:00,71,49,29.280,29.010,28.210,28.400,24.860,24.920,23.790,23.480
123162,东杰转债,2022-10-14,370486,300486,东杰智能,0.0022080868,2022-11-04,BBB+,2022-07-07,2022-08-19 00:00:00,99,56,10.120,9.740,9.480,9.600,7.610,7.790,9.170,8.920
123161,强联转债,2022-10-11,370850,300850,新强联,0.0041980672,2022-10-27,AA,2022-08-11,2022-09-19 00:00:00,61,22,79.140,82.000,90.510,88.940,81.090,82.860,80.000,76.550
123160,泰福转债,2022-09-28,370992,300992,泰福泵业,0.0011807313,2022-10-25,A,2022-07-07,2022-09-09 00:00:00,83,19,24.080,23.640,20.420,20.150,24.630,26.350,22.360,22.690
118021,新致转债,2022-09-27,718590,688590,新致软件,0.00210647,2022-11-02,A,2022-06-20,2022-08-08 00:00:00,99,50,11.610,11.340,14.510,14.500,9.400,9.360,10.840,10.550
123159,崧盛转债,2022-09-27,371002,301002,崧盛股份,0.0009864816,2022-10-24,AA-,2022-06-17,2022-08-09 00:00:00,102,49,25.230,26.080,23.130,23.660,21.030,21.060,20.480,20.050
123158,宙邦转债,2022-09-26,370037,300037,新宙邦,0.0055403768,2022-10-21,AA,2022-08-03,2022-09-07 00:00:00,54,19,42.100,42.780,45.670,45.270,42.170,42.150,44.180,44.010
123157,科蓝转债,2022-08-30,370663,300663,科蓝软件,0.0031160271,2022-09-20,A,2022-06-15,2022-08-10 00:00:00,76,20,15.950,15.860,14.850,15.230,14.600,14.550,13.900,13.930
123156,博汇转债,2022-08-16,370839,300839,博汇股份,0.0005633815,2022-09-02,A,2022-05-27,2022-07-29 00:00:00,81,18,14.140,14.240,17.240,17.660,14.010,14.460,13.710,13.990
123155,中陆转债,2022-08-12,371040,301040,中环海陆,0.0007387851,2022-08-31,A+,2022-06-24,2022-07-20 00:00:00,49,23,34.290,35.070,30.560,31.380,29.220,28.960,24.000,22.840
118017,深科转债,2022-08-08,718328,688328,深科达,0.0007305,2022-08-29,A+,2022-05-13,2022-06-21 00:00:00,87,48,24.670,24.780,20.500,20.440,28.300,33.540,27.030,27.560
118016,京源转债,2022-08-05,718096,688096,京源环保,0.00085802,2022-08-25,A,2021-12-23,2022-03-17 00:00:00,225,141,13.770,13.750,14.500,14.220,13.110,12.790,12.900,12.700
118015,芯海转债,2022-07-21,718595,688595,芯海科技,0.00121976,2022-08-18,A+,2021-12-27,2022-03-17 00:00:00,206,126,85.950,88.680,125.990,120.900,53.000,53.950,55.130,56.520
123153,英力转债,2022-07-21,370956,300956,英力股份,0.0004921466,2022-08-11,A+,2022-01-26,2022-05-12 00:00:00,176,70,16.420,17.280,19.310,19.550,18.750,18.600,18.110,18.200
123152,润禾转债,2022-07-21,370727,300727,润禾材料,0.000613369,2022-08-11,A+,2022-03-25,2022-06-22 00:00:00,118,29,28.600,28.540,25.440,25.020,29.120,28.820,41.980,45.800
118013,道通转债,2022-07-08,718208,688208,道通科技,0.0036183,2022-07-28,AA,2022-04-02,2022-06-08 00:00:00,97,30,38.300,36.600,38.520,37.550,31.980,31.390,33.200,35.100
118012,微芯转债,2022-07-05,718321,688321,微芯生物,0.00190876,2022-07-28,A+,2022-02-18,2022-06-21 00:00:00,137,14,24.980,24.880,29.350,29.820,26.300,25.940,25.050,25.270
118011,银微转债,2022-07-04,718689,688689,银河微电,0.00186904,2022-08-02,A+,2022-05-11,2022-06-11 00:00:00,54,23,29.000,30.030,25.880,26.560,30.600,29.670,30.030,29.220
123151,康医转债,2022-07-01,370869,300869,康泰医学,0.0022130983,2022-07-20,A+,2022-01-21,2022-05-20 00:00:00,161,42,27.100,27.790,39.000,35.290,28.060,27.580,27.680,28.010
123150,九强转债,2022-06-30,370406,300406,九强生物,0.0033260952,2022-07-20,AA-,2022-03-21,2022-06-07 00:00:00,101,23,16.880,16.730,19.160,18.860,17.450,17.290,17.530,18.510
118010,洁特转债,2022-06-28,718026,688026,洁特生物,0.00128853,2022-08-02,A+,2022-01-27,2022-03-11 00:00:00,152,109,71.400,71.600,70.000,70.300,49.240,48.860,43.390,40.580
118009,华锐转债,2022-06-24,718059,688059,华锐精密,0.00097933,2022-07-21,A+,2022-02-23,2022-06-08 00:00:00,121,16,132.330,133.600,132.900,137.610,132.890,138.760,136.600,136.090
118008,海优转债,2022-06-23,718680,688680,海优新材,0.00217149,2022-07-21,A,2022-03-24,2022-06-10 00:00:00,91,13,215.680,218.000,213.480,210.770,210.580,209.100,215.000,214.170
123149,通裕转债,2022-06-20,370185,300185,通裕重工,0.004226389,2022-07-15,AA,2022-03-11,2022-05-19 00:00:00,101,32,2.540,2.650,3.050,3.080,2.850,2.950,3.070,3.120
123148,上能转债,2022-06-14,370827,300827,上能电气,0.0014433022,2022-07-01,A+,2022-03-25,2022-05-13 00:00:00,81,32,57.880,57.030,68.560,67.600,44.470,47.000,51.590,49.900
123147,中辰转债,2022-05-31,370933,300933,中辰股份,0.0012720896,2022-06-21,AA-,2021-12-25,2022-04-19 00:00:00,157,42,7.890,7.970,12.240,12.420,7.920,7.990,8.300,8.060
123146,中环转2,2022-05-06,370692,300692,中环环保,0.0028708956,2022-05-26,AA-,2021-11-18,2022-01-17 00:00:00,169,109,8.460,8.730,8.000,7.840,6.670,6.670,7.140,7.140
123145,药石转债,2022-04-20,370725,300725,药石科技,0.0029664999,2022-05-18,AA,2021-11-26,2022-04-07 00:00:00,145,13,91.730,89.660,148.050,153.700,80.050,78.280,82.870,81.870
123144,裕兴转债,2022-04-11,370305,300305,裕兴股份,0.0020619353,2022-04-27,A+,2021-12-30,2022-03-17 00:00:00,102,25,13.900,14.300,18.210,18.390,12.690,12.120,9.130,9.900
118007,山石转债,2022-03-22,718030,688030,山石网科,0.00178881,2022-04-21,A,2021-09-08,2021-12-30 00:00:00,195,82,28.110,29.120,27.580,27.020,23.690,23.340,20.260,19.610
123142,申昊转债,2022-03-18,370853,300853,申昊科技,0.001392411,2022-04-11,A-,2021-12-24,2022-02-21 00:00:00,84,25,34.320,35.380,41.620,40.990,32.980,32.000,28.690,27.370
123141,宏丰转债,2022-03-15,370283,300283,温州宏丰,0.0009422475,2022-04-08,BBB+,2021-10-20,2022-01-14 00:00:00,146,60,7.060,6.830,7.010,6.860,6.430,6.120,6.230,6.040
118006,阿拉转债,2022-03-15,718179,688179,阿拉丁,0.00076689,2022-04-12,A+,2021-12-22,2022-01-27 00:00:00,83,47,65.010,63.850,74.000,78.050,57.590,53.380,52.560,52.620
123140,天地转债,2022-03-14,370743,300743,天地数码,0.000629557,2022-03-30,A,2021-11-05,2021-12-31 00:00:00,129,73,11.260,11.250,10.040,10.030,12.590,11.810,12.950,13.220
123139,铂科转债,2022-03-11,370811,300811,铂科新材,0.0008798924,2022-03-31,A+,2021-12-17,2022-02-09 00:00:00,84,30,78.230,80.620,111.870,111.070,71.020,73.020,77.480,75.300
123138,丝路转债,2022-03-02,370556,300556,丝路视觉,0.0012497809,2022-03-22,A,2021-08-13,2021-12-11 00:00:00,201,81,28.720,31.100,19.700,19.090,24.390,24.800,25.460,29.720
123137,锦浪转债,2022-02-10,370763,300763,锦浪科技,0.0068897234,2022-03-02,AA-,2021-12-03,2022-01-18 00:00:00,69,23,214.000,218.320,248.890,251.800,216.340,206.800,257.190,249.500
118005,天奈转债,2022-01-27,718116,688116,天奈科技,0.00246365,2022-03-01,AA-,2021-10-21,2021-12-01 00:00:00,98,57,160.000,163.980,157.120,147.770,148.930,146.700,154.200,152.600
123136,城市转债,2022-01-21,370778,300778,新城市,0.0004898785,2022-02-15,AA-,2021-01-27,2021-04-16 00:00:00,359,280,,,,,20.710,19.300,19.940,20.320
118004,博瑞转债,2022-01-04,718166,688166,博瑞医药,0.00185637,2022-01-27,AA-,2021-10-13,2021-11-18 00:00:00,83,47,35.630,36.000,29.400,29.280,36.710,34.820,34.000,32.120
123135,泰林转债,2021-12-28,370813,300813,泰林生物,0.0004374263,2022-01-19,A+,2021-05-28,2021-07-05 00:00:00,214,176,44.700,45.310,45.540,44.460,90.050,92.000,88.020,85.740
123134,卡倍转债,2021-12-27,370863,300863,卡倍亿,0.0005265447,2022-01-18,A+,2021-08-19,2021-10-20 00:00:00,130,68,67.310,66.410,69.300,69.750,102.010,98.000,87.740,83.090
123132,回盛转债,2021-12-17,370871,300871,回盛生物,0.0022054859,2022-01-07,AA-,2021-08-20,2021-11-23 00:00:00,119,24,27.600,27.740,34.520,35.950,28.260,28.230,29.800,28.810
118003,华兴转债,2021-11-29,718001,688001,华兴源创,0.00227647,2021-12-20,AA,2021-10-13,2021-11-16 00:00:00,47,13,38.390,38.200,34.760,35.280,37.920,38.010,35.180,34.810
123130,设研转债,2021-11-11,370732,300732,设研院,0.0013209989,2021-12-02,AA,2021-07-28,2021-10-21 00:00:00,106,21,11.360,11.580,10.410,10.130,11.010,11.150,12.250,11.950
123129,锦鸡转债,2021-11-04,370798,300798,锦鸡股份,0.0041304969,2021-11-24,A+,2021-08-18,2021-09-16 00:00:00,78,49,11.300,11.580,10.110,10.450,9.290,9.300,9.860,9.750
123128,首华转债,2021-11-01,370483,300483,首华燃气,0.0113842934,2021-11-18,AA-,2021-06-18,2021-09-15 00:00:00,136,47,27.230,27.450,14.310,14.390,18.590,19.390,19.360,18.950
123126,瑞丰转债,2021-09-10,370243,300243,瑞丰高材,0.0012073386,2021-10-18,A,2021-01-22,2021-03-11 00:00:00,231,183,,,,,17.190,17.030,14.510,14.820
123125,元力转债,2021-09-06,370174,300174,元力股份,0.0050720323,2021-09-30,AA-,2021-07-17,2021-08-24 00:00:00,51,13,18.010,17.420,15.850,15.500,16.880,16.700,16.080,15.950
123123,江丰转债,2021-08-12,370666,300666,江丰电子,0.0033476722,2021-09-01,A+,2021-04-09,2021-07-14 00:00:00,125,29,48.500,47.560,,,52.000,53.950,50.980,48.950
123122,富瀚转债,2021-08-06,370613,300613,富瀚微,0.0021179642,2021-08-24,A+,2021-04-29,2021-07-02 00:00:00,99,35,150.000,157.600,,,182.290,181.510,185.940,187.510
123121,帝尔转债,2021-08-05,370776,300776,帝尔激光,0.0012905978,2021-08-27,AA-,2021-06-04,2021-07-20 00:00:00,62,16,176.500,188.800,129.000,134.600,185.760,176.000,181.000,183.300
123120,隆华转债,2021-07-30,370263,300263,隆华科技,0.0022189544,2021-08-23,AA-,2021-03-05,2021-05-10 00:00:00,147,81,,,,,7.780,8.330,10.500,12.170
118001,金博转债,2021-07-23,718598,688598,金博股份,0.0017707,2021-08-18,A+,2021-04-29,2021-06-16 00:00:00,85,37,214.750,209.440,,,290.360,294.010,285.140,283.870
123119,康泰转2,2021-07-15,370601,300601,康泰生物,0.0141817815,2021-08-05,AA,2021-04-29,2021-06-07 00:00:00,77,38,166.140,169.300,,,152.110,149.570,148.100,156.400
123118,惠城转债,2021-07-07,370779,300779,惠城环保,0.0024427362,2021-07-26,A+,2021-02-09,2021-04-15 00:00:00,148,83,,,,,17.310,17.790,19.260,18.270
123117,健帆转债,2021-06-23,370529,300529,健帆生物,0.0018136556,2021-07-12,AA,2020-11-24,2020-12-28 00:00:00,211,177,,,,,85.050,83.350,82.900,85.870
123115,捷捷转债,2021-06-08,370623,300623,捷捷微电,0.0028256096,2021-06-29,AA-,2021-02-24,2021-04-15 00:00:00,104,54,,,,,31.010,31.070,36.620,36.850
123114,三角转债,2021-05-25,370775,300775,三角防务,0.003312021,2021-06-11,AA-,2020-10-29,2021-04-21 00:00:00,208,34,,,,,,,37.700,36.600
123113,仙乐转债,2021-04-19,370791,300791,仙乐健康,0.0012972269,2021-05-14,AA-,2021-02-24,2021-03-26 00:00:00,54,24,,,,,,,,
123111,东财转3,2021-04-07,370059,300059,东方财富,0.0587697466,2021-04-23,AA+,2021-01-28,2021-03-25 00:00:00,69,13,,,,,,,,
123110,九典转债,2021-04-01,370705,300705,九典制药,0.0021121042,2021-04-23,A+,2020-10-21,2021-01-13 00:00:00,162,78,,,,,,,,
123109,昌红转债,2021-04-01,370151,300151,昌红科技,0.0045166298,2021-04-19,AA-,2021-01-15,2021-03-11 00:00:00,76,21,,,,,,,,
123108,乐普转2,2021-03-30,370003,300003,乐普医疗,0.0172882477,2021-04-19,AA+,2021-02-04,2021-03-12 00:00:00,54,18,,,,,,,,
123107,温氏转债,2021-03-29,370498,300498,温氏股份,0.0170006161,2021-04-21,AAA,2020-12-25,2021-02-09 00:00:00,94,48,,,,,,,,
123106,正丹转债,2021-03-24,370641,300641,正丹股份,0.0052517895,2021-04-20,AA-,2020-10-16,2020-12-08 00:00:00,159,106,,,,,,,,
123105,拓尔转债,2021-03-19,370229,300229,拓尔思,0.0053683832,2021-04-27,AA-,2020-09-23,2021-01-26 00:00:00,177,52,,,,,,,,
123104,卫宁转债,2021-03-16,370253,300253,卫宁健康,0.0072930284,2021-03-31,AA,2020-12-30,2021-02-08 00:00:00,76,36,,,,,,,,
123103,震安转债,2021-03-12,370767,300767,震安科技,0.0020636122,2021-03-31,A+,2020-12-18,2021-01-29 00:00:00,84,42,,,,,,,,
123102,华自转债,2021-03-12,370490,300490,华自科技,0.0083448947,2021-04-01,AA-,2020-08-13,2020-10-26 00:00:00,211,137,,,,,,,,
123101,拓斯转债,2021-03-10,370607,300607,拓斯达,0.0043718239,2021-03-29,AA,2020-12-31,2021-02-10 00:00:00,69,28,,,,,,,,
118000,嘉元转债,2021-02-23,718388,688388,嘉元科技,0.00538537,2021-03-15,A+,2020-12-16,2021-01-29 00:00:00,69,25,,,,,,,,
123100,朗科转债,2021-02-09,370543,300543,朗科智能,0.0057083238,2021-03-16,AA-,2020-10-16,2020-12-09 00:00:00,116,62,,,,,,,,
123098,一品转债,2021-01-28,370723,300723,一品红,0.0009778488,2021-02-23,AA-,2020-10-29,2020-12-08 00:00:00,91,51,,,,,,,,
123097,美力转债,2021-01-27,370611,300611,美力科技,0.0017836629,2021-02-24,A+,2020-10-21,2021-01-13 00:00:00,98,14,,,,,,,,
123096,思创转债,2021-01-26,370078,300078,思创医惠,0.0054656157,2021-03-01,BB,2020-10-22,2020-12-16 00:00:00,96,41,,,,,,,,
123094,星源转2,2021-01-20,370568,300568,星源材质,0.0052075383,2021-03-31,AA,2020-10-28,2020-12-17 00:00:00,84,34,,,,,,,,
123093,金陵转债,2021-01-19,370651,300651,金陵体育,0.0004956518,2021-02-18,A+,2020-11-13,2020-12-29 00:00:00,67,21,,,,,,,,
123091,长海转债,2020-12-23,370196,300196,长海股份,0.0014067053,2021-01-15,AA,2020-10-16,2020-11-25 00:00:00,68,28,,,,,,,,
123090,三诺转债,2020-12-21,370298,300298,三诺生物,0.0024221039,2021-01-12,AA,2020-09-16,2020-11-18 00:00:00,96,33,,,,,,,,
123089,九洲转2,2020-12-21,370040,300040,九洲集团,0.0021923237,2021-01-08,AA-,2020-09-24,2020-12-07 00:00:00,88,14,,,,,,,,
123088,威唐转债,2020-12-15,370707,300707,威唐工业,0.0015096482,2021-01-06,A+,2020-09-25,2020-11-05 00:00:00,81,40,,,,,,,,
123086,海兰转债,2020-12-11,370065,300065,海兰信,0.003484704,2021-02-08,AA-,2020-09-24,2020-11-24 00:00:00,78,17,,,,,,,,
123085,万顺转2,2020-12-11,370057,300057,万顺新材,0.0035536171,2020-12-28,AA-,2020-09-25,2020-11-06 00:00:00,77,35,,,,,,,,
123084,高澜转债,2020-12-10,370499,300499,高澜股份,0.0010784413,2021-01-08,A+,2020-09-17,2020-11-25 00:00:00,84,15,,,,,,,,
123082,北陆转债,2020-12-07,370016,300016,北陆药业,0.0017313567,2020-12-28,A,2020-09-10,2020-11-06 00:00:00,88,31,,,,,,,,
123080,海波转债,2020-12-02,370517,300517,海波重科,0.0006796921,2020-12-22,A+,2020-07-30,2020-09-08 00:00:00,125,85,,,,,,,,
123079,运达转债,2020-12-01,370772,300772,运达股份,0.0021538626,2020-12-25,AA,2020-08-21,2020-11-03 00:00:00,102,28,,,,,,,,
123078,飞凯转债,2020-11-27,370398,300398,飞凯材料,0.0071449443,2020-12-16,AA-,2020-07-30,2020-09-25 00:00:00,120,63,,,,,,,,
123077,汉得转债,2020-11-23,370170,300170,汉得信息,0.0060069821,2020-12-15,AA,2020-09-24,2020-11-05 00:00:00,60,18,,,,,,,,
123076,强力转债,2020-11-19,370429,300429,强力新材,0.003900825,2020-12-04,AA-,2020-09-24,2020-11-02 00:00:00,56,17,,,,,,,,
123075,贝斯转债,2020-11-02,370580,300580,贝斯特,0.0013333329,2020-11-23,AA-,2020-08-27,2020-10-17 00:00:00,67,16,,,,,,,,
123074,隆利转债,2020-10-29,370752,300752,隆利科技,0.001213147,2020-11-16,AA-,2020-08-27,2020-10-12 00:00:00,63,17,,,,,,,,
123073,同和转债,2020-10-26,370636,300636,同和药业,0.0019355294,2020-11-16,A+,2020-08-14,2020-09-24 00:00:00,73,32,,,,,,,,
123071,天能转债,2020-10-21,370569,300569,天能重工,0.0025323626,2020-11-25,AA-,2020-07-14,2020-09-28 00:00:00,99,23,,,,,,,,
123072,乐歌转债,2020-10-21,370729,300729,乐歌股份,0.0001860645,2020-11-10,A+,2020-07-17,2020-09-03 00:00:00,96,48,,,,,,,,
123070,鹏辉转债,2020-10-20,370438,300438,鹏辉能源,0.002757234,2020-11-06,AA,2020-07-30,2020-09-08 00:00:00,82,42,,,,,,,,
123069,金诺转债,2020-10-16,370505,300505,川金诺,0.0010466397,2020-11-05,AA-,2020-08-06,2020-09-24 00:00:00,71,22,,,,,,,,
123068,弘信转债,2020-10-15,370657,300657,弘信电子,0.0021791225,2020-11-04,AA-,2020-07-24,2020-09-03 00:00:00,83,42,,,,,,,,
123067,斯莱转债,2020-09-17,370382,300382,斯莱克,0.0036756041,2020-10-15,AA-,2020-07-27,2020-09-03 00:00:00,52,14,,,,,,,,
123066,赛意转债,2020-09-16,370687,300687,赛意信息,0.0006229113,2020-10-15,A+,2020-07-27,2020-08-22 00:00:00,51,25,,,,,,,,
123065,宝莱转债,2020-09-04,370246,300246,宝莱特,0.000719054,2020-09-24,AA-,2020-07-24,2020-08-21,42,14,,,,,,,,
123064,万孚转债,2020-09-01,370482,300482,万孚生物,0.0026141902,2020-09-23,AA,2020-07-27,2020-08-21 00:00:00,36,11,,,,,,,,
