债券代码,债券简称,申购日期,申购代码,正股代码,正股简称,中签率,上市时间,信用评级,上市委通过日期,同意注册日期,上市委-申购,注册-申购,同意注册日期_开盘价,同意注册日期_收盘价,上市委通过日期_开盘价,上市委通过日期_收盘价,申购日期_开盘价,申购日期_收盘价,申购日前一交易日_开盘价,申购日前一交易日_收盘价,上市时间_开盘价,上市时间_收盘价,同意注册日期_上证开盘价,同意注册日期_上证收盘价,上市委通过日期_上证开盘价,上市委通过日期_上证收盘价,申购日期_上证开盘价,申购日期_上证收盘价,上市时间_上证开盘价,上市时间_上证收盘价
118058,微导转债,2025-08-06,718147,688147,微导纳米,0.0014953,,AA,2025-05-24,2025-07-15,74,22,30.81,31.0,29.76,29.56,33.7,34.24,34.07,34.72,,,12.99,12.73,11.44,11.42,12.47,12.46,,
127110,广核转债,2025-07-09,73816,3816,中国广核,0.0186422035,2025-07-25,AAA,2025-02-14,2025-03-20,145,111,3.6,3.57,3.6,3.59,3.7,3.7,3.73,3.72,3.8,3.75,11.51,11.49,11.49,11.55,12.66,12.84,12.33,12.35
111023,利柏转债,2025-07-03,713167,605167,利柏特,0.00173477,2025-07-22,AA,2025-04-22,2025-06-12,72,21,10.7,11.4,8.83,8.82,11.75,11.83,12.38,12.3,11.4,11.29,11.56,11.68,11.02,11.04,12.33,12.35,12.6,12.49
113696,伯25转债,2025-07-01,754596,603596,伯特利,0.00894996,2025-07-28,AA,2025-02-25,2025-04-04,126,88,54.93,53.21,57.87,60.65,51.9,50.66,51.59,52.69,50.0,49.7,11.0,10.7,11.56,11.47,12.06,12.3,12.35,12.46
118057,甬矽转债,2025-06-26,718362,688362,甬矽电子,0.004213,2025-07-16,A+,2025-04-08,2025-05-27,79,30,26.0,25.68,24.87,24.78,28.91,28.43,28.98,29.46,28.09,27.98,11.45,11.49,10.68,10.82,12.05,12.41,12.73,12.64
113695,华辰转债,2025-06-20,754097,603097,江苏华辰,0.0003492,2025-07-10,A+,2025-03-19,2025-05-14,93,37,22.82,22.48,23.46,23.71,21.5,21.64,23.77,23.74,22.35,21.98,11.29,11.43,11.48,11.52,11.7,11.84,12.82,13.18
111022,锡振转债,2025-06-18,713319,605319,无锡振华,0.00091285,2025-07-14,AA-,2025-03-27,2025-05-17,83,32,32.49,33.26,31.74,31.9,31.0,32.08,33.9,32.55,31.9,31.66,11.4,11.37,11.37,11.39,11.78,11.77,12.87,12.98
123257,安克转债,2025-06-16,370866,300866,安克创新,0.0026475779,2025-07-04,AA+,2024-11-15,2025-02-06,213,130,110.59,110.12,85.08,81.62,110.01,106.6,110.98,111.28,117.49,115.15,11.35,11.36,11.5,11.44,11.57,11.79,12.35,12.6
127109,电化转债,2025-06-16,72125,2125,湘潭电化,0.0015321157,2025-07-04,AA,2025-03-10,2025-04-30,98,47,9.79,9.67,10.97,10.85,10.09,10.17,10.22,10.37,14.11,13.59,10.96,10.91,11.66,11.59,11.57,11.79,12.35,12.6
118056,路维转债,2025-06-11,718401,688401,路维光电,0.00165975,2025-07-10,AA-,2025-03-22,2025-05-09,81,33,34.69,33.29,30.97,30.83,31.18,31.3,32.75,31.9,33.72,33.8,11.07,11.15,11.41,11.38,11.82,11.85,12.82,13.18
123256,恒帅转债,2025-05-29,370969,300969,恒帅股份,0.0003825294,2025-06-17,A+,2024-12-02,2025-02-10,178,108,73.86,73.64,60.56,63.14,58.7,59.79,62.02,62.2,58.14,58.94,11.38,11.43,11.39,11.39,11.52,11.46,11.79,11.76
118055,伟测转债,2025-04-09,718372,688372,伟测科技,0.00471648,2025-04-30,AA,2024-12-10,2025-02-06,120,62,55.89,58.48,47.74,46.88,53.58,56.22,56.51,55.37,58.45,60.46,11.35,11.36,11.9,11.79,10.73,10.8,10.96,10.91
113694,清源转债,2025-04-08,754628,603628,清源股份,0.00208787,2025-04-25,A+,2024-11-22,2025-02-06,137,61,12.28,12.55,14.28,13.7,10.73,10.88,12.27,11.49,11.17,11.21,11.35,11.36,11.59,11.28,10.68,10.82,11.04,11.01
118054,安集转债,2025-04-07,718019,688019,安集科技,0.00398045,2025-04-25,AA-,2024-09-13,2024-11-22,206,136,120.45,114.51,82.39,79.52,112.07,116.6,125.08,123.91,131.07,127.77,11.59,11.28,9.73,9.7,11.0,10.7,11.04,11.01
123255,鼎龙转债,2025-04-02,370054,300054,鼎龙股份,0.0032754809,2025-04-23,AA,2025-01-24,2025-03-19,68,14,28.4,28.03,26.55,26.34,28.69,28.36,28.49,28.97,30.31,30.17,11.48,11.52,11.32,11.34,11.25,11.37,11.04,11.01
127108,太能转债,2025-03-28,70591,591,太阳能,0.0135084085,2025-04-16,AA+,2024-12-09,2025-01-17,109,70,4.4,4.4,5.05,5.02,4.45,4.4,4.57,4.5,4.27,4.28,11.53,11.45,11.63,11.67,11.39,11.35,10.93,11.0
123254,亿纬转债,2025-03-24,370014,300014,亿纬锂能,0.0396868603,2025-04-11,AA+,2024-11-08,2024-12-27,136,87,47.35,46.53,52.09,50.97,49.8,48.17,51.08,50.46,39.5,40.86,11.87,11.83,11.94,11.72,11.41,11.38,10.87,10.89
113693,志邦转债,2025-03-18,754801,603801,志邦家居,0.00171145,2025-04-08,AA,2024-12-26,2025-02-18,82,28,11.42,11.15,12.44,12.48,11.98,12.41,12.06,12.47,9.75,10.39,11.76,11.81,11.92,11.86,11.52,11.49,10.68,10.82
118053,正帆转债,2025-03-18,718596,688596,正帆科技,0.00392766,2025-04-03,AA,2025-01-11,2025-03-07 00:00:00,66,11,39.86,39.54,33.25,33.83,38.04,38.13,38.84,38.6,39.25,38.63,11.63,11.67,11.25,11.2,11.52,11.49,11.31,11.34
118052,浩瀚转债,2025-03-13,718292,688292,浩瀚深度,0.0012572,2025-04-07,A+,2024-11-13,2025-01-24,120,48,19.19,20.41,24.68,24.88,23.55,23.68,24.39,24.38,20.58,17.77,11.32,11.34,11.5,11.61,11.81,11.84,11.0,10.7
123253,永贵转债,2025-03-13,370351,300351,永贵电器,0.0031973118,2025-03-28,AA-,2024-12-06,2025-02-12,97,29,17.65,18.11,19.13,18.87,18.62,18.23,20.44,18.91,18.15,17.63,11.41,11.42,11.44,11.66,11.81,11.84,11.39,11.35
113070,渝水转债,2025-01-09,783158,601158,重庆水务,0.01357232,2025-02-13,AAA,2024-06-22,2024-09-26,201,105,4.33,4.44,4.69,4.64,4.58,4.52,4.63,4.68,4.58,4.57,10.5,11.15,9.97,9.98,11.5,11.4,11.42,11.5
123252,银邦转债,2025-01-07,370337,300337,银邦股份,0.0051516331,2025-01-24,AA-,2024-10-25,2024-12-03,74,35,13.4,13.3,16.04,16.65,10.36,10.64,10.39,10.46,11.32,11.48,11.37,11.49,11.77,11.71,11.42,11.51,11.32,11.34
110098,南药转债,2024-12-25,733713,600713,南京医药,0.00494045,2025-01-20,AA+,2024-10-17,2024-12-05,69,20,4.99,5.0,4.56,4.48,4.9,4.87,4.96,5.02,4.66,4.66,11.44,11.44,12.07,11.95,11.86,11.92,11.5,11.42
123251,华医转债,2024-12-23,371235,301235,华康洁净,0.0027141027,2025-01-09,A+,2023-12-08,2024-02-07 00:00:00,381,320,16.14,14.77,25.41,25.12,20.28,20.07,21.6,21.63,18.23,18.49,9.62,9.61,9.41,9.3,11.64,11.73,11.5,11.4
118051,皓元转债,2024-11-28,718131,688131,皓元医药,0.00341,2024-12-19,AA-,2024-08-14,2024-09-24 00:00:00,106,65,23.81,24.57,21.51,20.72,36.86,36.2,37.8,37.56,36.6,36.76,10.11,10.37,9.94,9.92,11.39,11.34,11.59,11.59
127107,领益转债,2024-11-18,72600,2600,领益智造,0.005752783,2024-12-06,AA+,2024-01-27,2024-10-26,296,23,8.6,8.71,5.16,5.0,8.92,8.13,8.95,8.92,8.73,8.9,11.68,11.64,9.69,9.7,11.63,11.75,11.44,11.66
123250,嘉益转债,2024-11-07,371004,301004,嘉益股份,0.0032254984,2024-11-26,A+,2023-10-20,2023-12-18,384,325,27.69,27.49,27.45,27.14,77.14,74.69,80.49,81.01,67.97,68.57,9.18,9.13,10.55,10.6,11.5,11.91,11.18,11.27
113692,保隆转债,2024-10-31,754197,603197,保隆科技,0.00558023,2024-11-27,AA,2024-05-18,2024-08-31,166,61,29.26,28.16,40.68,40.62,37.49,37.81,38.42,38.28,37.99,37.77,10.12,10.11,11.43,11.38,11.33,11.38,11.24,11.39
113691,和邦转债,2024-10-28,754077,603077,和邦生物,0.02407311,2024-11-19,AA,2023-06-21,2024-09-09,495,49,1.66,1.67,2.35,2.32,2.08,2.11,2.0,2.09,2.08,2.07,10.05,9.85,11.36,11.35,11.68,11.64,11.75,11.68
110097,天润转债,2024-10-24,733419,600419,天润乳业,0.00442529,2024-11-15,AA,2023-12-06,2024-06-12,323,134,8.7,8.73,12.7,12.75,8.13,8.11,8.51,8.47,9.43,9.48,10.85,10.88,9.44,9.5,11.81,11.75,11.5,11.44
123249,英搏转债,2024-10-24,370681,300681,英搏尔,0.0034318708,2024-11-11,AA,2024-08-07,2024-09-05,78,49,13.55,13.51,12.39,12.48,17.39,17.55,17.62,17.77,24.35,26.42,10.03,10.07,9.95,9.93,11.81,11.75,11.63,11.6
113690,豪24转债,2024-10-23,754809,603809,豪能股份,0.00131908,2024-11-20,AA-,2023-12-02,2024-03-14 00:00:00,326,223,4.77,4.72,6.09,6.02,6.18,6.61,6.42,6.35,9.21,9.51,10.3,10.23,9.67,9.63,11.82,11.86,11.67,11.64
113688,国检转债,2024-10-17,754060,603060,国检集团,0.00202207,2024-11-12,AA+,2023-10-10,2024-09-05,373,42,6.02,6.01,10.43,10.43,6.71,6.39,6.63,6.93,7.25,7.22,10.03,10.07,11.19,11.02,12.07,11.95,11.58,11.54
113689,洛凯转债,2024-10-17,754829,603829,洛凯股份,0.00053307,2024-11-11,AA-,2024-01-20,2024-08-30,271,48,11.95,12.14,15.15,14.23,14.71,14.71,16.33,16.36,14.58,15.05,10.11,10.16,9.16,9.1,12.07,11.95,11.63,11.6
118050,航宇转债,2024-08-21,718239,688239,航宇科技,0.00327929,2024-09-10,AA-,2024-06-08,2024-08-02,74,19,27.59,26.69,28.63,30.49,21.17,21.39,22.48,21.61,21.24,21.32,10.22,10.14,10.98,10.87,10.3,10.35,9.86,9.9
123248,恒辉转债,2024-08-21,370952,300952,恒辉安防,0.000912737,2024-09-12,AA-,2024-06-15,2024-08-03,67,18,16.77,16.21,17.83,18.25,16.41,16.72,17.93,17.44,16.36,16.31,10.11,10.05,10.13,10.1,10.3,10.35,9.65,9.74
123247,万凯转债,2024-08-16,371216,301216,万凯新材,0.0219868882,2024-09-05,AA,2023-08-19,2024-06-25,363,52,10.82,10.9,15.05,14.92,10.24,10.13,10.84,10.78,9.83,9.8,9.99,10.08,11.56,11.32,10.08,10.13,10.03,10.07
123246,远信转债,2024-08-16,371053,301053,远信工业,0.0003409553,2024-09-03,A,2023-11-17,2023-12-22 00:00:00,273,238,26.4,26.21,25.93,26.5,19.74,19.22,23.68,23.42,17.7,17.88,9.19,9.2,10.22,10.15,10.08,10.13,10.11,10.08
123245,集智转债,2024-08-14,370553,300553,集智股份,0.0012028753,2024-08-28,A,2023-08-25,2023-10-27,355,292,32.15,31.15,35.88,35.23,16.15,16.2,18.51,18.13,14.68,14.79,10.38,10.45,11.1,11.23,9.94,9.92,10.41,10.33
127106,伟隆转债,2024-08-13,72871,2871,伟隆股份,0.0004217956,2024-08-28,A,2024-06-01,2024-07-11,73,33,7.67,7.71,8.04,7.77,8.75,8.75,9.26,9.76,7.32,7.34,10.21,10.13,11.12,10.98,10.02,9.95,10.41,10.33
110096,豫光转债,2024-08-12,733531,600531,豫光金铅,0.00408851,2024-09-03,AA,2024-01-31,2024-07-04,194,39,6.31,6.08,5.13,4.96,5.27,5.31,5.43,5.41,5.41,5.44,10.3,10.26,9.46,9.46,10.02,10.01,10.11,10.08
118049,汇成转债,2024-08-07,718403,688403,汇成股份,0.00606009,2024-09-02,AA-,2024-01-23,2024-06-08,197,60,8.29,8.84,8.03,8.1,7.18,7.04,7.32,7.38,6.95,6.68,10.98,10.87,9.05,9.16,9.95,9.93,10.12,10.11
123244,松原转债,2024-08-01,370893,300893,松原安全,0.0006162684,2024-08-22,A+,2023-08-21,2023-12-01 00:00:00,346,244,20.86,20.5,15.51,15.63,19.2,19.43,19.88,20.45,17.97,17.73,9.65,9.66,11.56,11.32,10.25,10.27,10.34,10.38
111021,奥锐转债,2024-07-26,713116,605116,奥锐特,0.00154693,2024-08-15,AA-,2024-01-24,2024-06-25,184,31,22.52,21.87,22.36,21.92,22.1,22.21,23.49,22.96,22.51,22.66,9.99,10.08,9.23,9.33,10.1,10.03,9.92,10.03
111020,合顺转债,2024-07-22,713166,605166,聚合顺,0.00085277,2024-08-15,AA-,2024-02-01,2024-06-07,172,45,10.5,10.7,7.41,7.18,9.7,9.81,10.47,10.43,9.09,9.0,10.92,10.99,9.41,9.41,10.36,10.23,9.92,10.03
113687,振华转债,2024-07-12,754067,603067,振华股份,0.00133007,2024-08-02,AA,2024-01-25,2024-06-13,169,29,7.46,7.43,6.14,6.26,8.29,8.15,8.24,8.52,8.36,8.46,10.89,10.8,9.33,9.5,10.12,10.31,10.22,10.14
123243,严牌转债,2024-07-10,371081,301081,严牌股份,0.0010868486,2024-07-26,A+,2023-12-01,2024-01-15,222,177,10.4,10.38,10.56,10.76,6.75,6.66,7.37,7.5,6.6,6.69,9.16,9.21,9.65,9.66,10.07,10.14,10.1,10.03
123242,赛龙转债,2024-07-08,371131,301131,聚赛龙,0.0008402282,2024-07-29,A+,2023-12-29,2024-02-06,192,153,27.48,28.1,47.76,49.72,35.25,32.93,38.28,39.44,33.78,33.54,9.3,9.68,9.42,9.39,9.94,9.93,10.02,10.11
123241,欧通转债,2024-07-05,370870,300870,欧陆通,0.0026145421,2024-07-26,AA-,2023-12-29,2024-02-07,189,149,27.0,26.26,41.99,43.05,37.51,38.62,39.67,38.67,36.43,37.32,9.62,9.61,9.42,9.39,10.26,9.97,10.1,10.03
113686,泰瑞转债,2024-07-02,754289,603289,泰瑞机器,0.00058458,2024-07-24,AA-,2024-02-03,2024-05-21,150,42,9.15,8.96,6.9,6.21,8.27,8.46,8.69,9.18,7.69,7.48,11.32,11.55,9.19,9.38,10.3,10.4,10.18,10.13
118048,利扬转债,2024-07-02,718135,688135,利扬芯片,0.00446186,2024-07-19,A+,2023-12-15,2024-03-01,200,123,18.0,17.92,22.24,22.36,15.01,14.79,16.11,15.72,14.65,15.78,10.59,10.49,9.2,9.21,10.3,10.4,10.38,10.37
113685,升24转债,2024-06-14,754305,603305,旭升集团,0.03292173,2024-07-10,AA-,2023-07-20,2024-05-15,330,30,13.24,12.92,26.12,25.05,11.67,11.83,12.05,12.18,9.78,9.99,10.9,10.83,11.33,11.32,10.15,10.18,10.07,10.14
111019,宏柏转债,2024-04-17,713366,605366,宏柏新材,0.00419888,2024-05-14,AA-,2023-10-10,2024-01-24,190,84,8.67,8.91,8.15,8.1,6.56,6.84,7.03,6.85,7.08,7.08,9.23,9.33,11.19,11.02,10.26,10.62,11.0,10.91
113684,湘泵转债,2024-04-01,754319,603319,美湖股份,0.00159843,2024-04-29,AA-,2023-08-19,2023-12-01 00:00:00,226,122,13.24,13.13,11.24,11.31,11.81,12.15,12.34,12.31,12.42,12.46,9.65,9.66,11.56,11.32,10.52,10.64,10.56,10.81
113683,伟24转债,2024-03-28,754568,603568,伟明环保,0.00033243,2024-04-22,AA,2023-12-14,2024-03-01,105,27,17.28,17.38,16.48,16.63,17.32,17.51,17.65,17.6,19.58,19.36,10.59,10.49,9.21,9.15,10.51,10.49,10.64,10.5
113682,益丰转债,2024-03-04,754939,603939,益丰药房,0.01059669,2024-03-27,AA,2023-11-18,2024-01-24 00:00:00,107,40,31.02,31.18,30.32,30.37,31.58,31.37,31.83,31.89,31.57,32.1,9.23,9.33,10.15,10.19,10.45,10.33,10.56,10.53
127105,龙星转债,2024-02-01,72442,2442,龙星科技,0.0054914743,2024-03-06,AA-,2023-11-18,2024-01-02 00:00:00,75,30,6.28,6.42,5.47,5.45,4.21,4.14,4.76,4.47,4.07,4.15,9.39,9.21,10.15,10.19,9.41,9.41,10.4,10.33
123240,楚天转债,2024-01-31,370358,300358,楚天科技,0.0043068188,2024-02-29,AA,2023-11-23,2024-01-02,69,29,10.7,10.59,11.73,11.84,8.27,8.02,8.9,8.54,8.72,8.98,9.39,9.21,10.15,10.15,9.46,9.46,10.42,10.59
127104,姚记转债,2024-01-25,72605,2605,姚记科技,0.0018660693,2024-02-26,A+,2023-04-13,2023-05-25,287,245,28.95,28.19,34.29,35.45,22.06,22.47,21.38,21.87,22.9,22.64,11.99,11.93,12.41,12.56,9.33,9.5,10.78,10.53
123239,锋工转债,2024-01-19,370488,300488,恒锋工具,0.0007342904,2024-02-22,A+,2023-11-24,2023-12-22,56,28,23.54,23.41,24.34,23.63,21.54,20.72,22.76,22.54,18.74,19.22,9.19,9.2,10.11,10.1,9.16,9.17,10.65,10.9
123238,卡倍转02,2024-01-11,370863,300863,卡倍亿,0.0008165958,2024-02-01,A+,2023-11-09,2023-12-18,63,24,24.33,25.41,25.67,25.32,23.0,23.47,23.82,24.02,17.59,17.51,9.18,9.13,10.46,10.49,9.08,9.17,9.41,9.41
123237,佳禾转债,2024-01-04,370793,300793,佳禾智能,0.0042312552,2024-01-24,A+,2022-12-12,2023-02-13,388,325,17.48,17.33,15.78,15.92,19.73,19.87,20.89,20.1,14.73,14.82,13.94,13.82,13.58,13.11,9.19,9.11,9.23,9.33
127103,东南转债,2024-01-03,72135,2135,东南网架,0.0063762297,2024-01-24,AA,2023-06-16,2023-08-28,201,128,6.17,6.0,6.34,6.43,5.28,5.31,5.6,5.51,4.79,4.96,11.84,11.52,11.61,11.63,9.19,9.2,9.23,9.33
113681,镇洋转债,2023-12-29,754213,603213,镇洋发展,0.00098724,2024-01-17,AA-,2023-08-18,2023-10-31,133,59,10.63,10.64,10.99,10.91,9.99,10.24,10.44,10.73,11.84,11.08,10.43,10.46,11.58,11.56,9.42,9.39,9.33,9.23
111018,华康转债,2023-12-25,713077,605077,华康股份,0.00278331,2024-01-15,AA-,2023-08-19,2023-12-09,128,16,16.09,16.36,18.31,18.16,15.67,15.64,16.33,16.67,15.8,15.77,9.22,9.35,11.56,11.32,9.18,9.19,9.16,9.21
127102,浙建转债,2023-12-25,72761,2761,浙江建投,0.005139885,2024-01-16,AA+,2023-07-22,2023-09-16,156,100,14.25,14.66,17.0,16.63,9.84,9.74,10.07,9.95,9.72,9.66,11.22,11.23,11.33,11.26,9.18,9.19,9.19,9.34
123236,家联转债,2023-12-22,371193,301193,家联科技,0.0009433278,2024-01-18,AA-,2023-08-18,2023-11-21,126,31,17.72,17.66,17.18,17.04,17.47,17.15,17.52,18.32,19.05,19.7,10.23,10.28,11.58,11.56,9.19,9.2,9.21,9.2
113069,博23转债,2023-12-22,783137,601137,博威合金,0.00671801,2024-01-18,AA,2023-08-24,2023-11-15,120,37,15.05,15.51,12.7,12.8,13.21,13.43,13.52,13.56,13.93,14.2,10.37,10.37,11.29,11.13,9.19,9.2,9.21,9.2
127101,豪鹏转债,2023-12-22,71283,1283,豪鹏科技,0.0043906434,2024-01-11,AA-,2023-07-22,2023-09-07,153,106,46.59,44.87,50.46,48.3,46.75,48.33,48.76,49.14,50.46,51.09,11.4,11.33,11.33,11.26,9.19,9.2,9.08,9.17
127100,神码转债,2023-12-21,70034,34,神州数码,0.0044770632,2024-01-19,AA,2023-09-01,2023-11-17,111,34,34.63,34.8,30.94,30.24,27.9,29.03,30.19,28.35,25.64,25.82,10.22,10.15,11.19,11.32,9.01,9.17,9.16,9.17
123235,亿田转债,2023-12-21,370911,300911,亿田智能,0.0010338434,2024-01-12,AA-,2023-10-20,2023-11-21,62,30,21.04,21.08,21.08,21.23,19.72,19.63,20.8,20.42,19.49,19.21,10.23,10.28,10.55,10.6,9.01,9.17,9.13,9.19
118046,诺泰转债,2023-12-15,718076,688076,诺泰生物,0.00172269,2024-01-18,A+,2023-07-21,2023-11-17,147,28,29.21,29.5,23.43,23.36,27.78,27.96,29.39,28.4,29.74,29.64,10.22,10.15,11.31,11.34,9.2,9.21,9.21,9.2
123234,中能转债,2023-12-11,370062,300062,中能电气,0.001357269,2023-12-29,A+,2023-07-22,2023-11-10,142,31,6.34,6.32,6.44,6.42,5.99,6.08,6.26,6.27,6.08,6.21,10.45,10.3,11.33,11.26,9.22,9.35,9.42,9.39
127099,盛航转债,2023-12-06,71205,1205,盛航股份,0.0027218265,2023-12-28,AA-,2023-09-01,2023-10-30 00:00:00,96,37,16.62,16.61,18.53,18.4,17.57,17.19,18.57,18.46,16.48,16.81,10.4,10.45,11.19,11.32,9.44,9.5,9.11,9.45
123233,凯盛转债,2023-11-29,371069,301069,凯盛新材,0.0012234346,2023-12-15,AA-,2023-06-30,2023-08-30,152,91,21.39,21.65,23.21,25.19,19.42,19.22,19.59,19.92,17.99,17.85,11.27,11.13,11.18,11.23,9.95,9.72,9.2,9.21
123232,金现转债,2023-11-27,370830,300830,金现代,0.0014685712,2023-12-19,A+,2023-06-30,2023-08-31,150,88,8.84,8.79,9.54,9.45,8.66,8.94,9.36,9.2,8.67,8.65,11.14,11.13,11.18,11.23,10.09,10.01,9.12,9.1
127098,欧晶转债,2023-11-24,71269,1269,欧晶科技,0.0017127732,2023-12-15,AA-,2023-07-29,2023-11-10,118,14,45.6,45.44,56.49,56.65,43.79,42.69,44.48,45.03,37.0,37.45,10.45,10.3,12.3,12.32,10.11,10.1,9.2,9.21
113680,丽岛转债,2023-11-15,754937,603937,丽岛新材,0.00048969,2023-12-05,A+,2023-07-20,2023-09-22 00:00:00,118,54,12.71,12.62,12.6,12.35,12.3,12.49,12.88,13.08,12.73,12.36,11.03,11.24,11.33,11.32,10.37,10.37,9.61,9.48
123230,金钟转债,2023-11-09,371133,301133,金钟股份,0.0004519079,2023-12-01,A,2023-07-14,2023-08-30,118,71,26.58,27.11,27.89,27.41,27.51,28.41,29.29,29.4,31.45,31.66,11.27,11.13,11.43,11.46,10.46,10.49,9.65,9.66
123231,信测转债,2023-11-09,370938,300938,信测标准,0.0010515875,2023-11-29,AA-,2023-07-14,2023-08-30,118,71,20.46,20.8,20.9,20.76,17.51,17.71,18.34,18.1,18.52,18.19,11.27,11.13,11.43,11.46,10.46,10.49,9.95,9.72
127097,三羊转债,2023-10-26,71317,1317,三羊马,0.0004248122,2023-11-17,A+,2023-06-22,2023-09-07,126,49,36.58,35.81,36.37,35.75,32.78,33.75,35.66,35.72,37.47,39.83,11.4,11.33,11.3,11.18,10.31,10.41,10.22,10.15
113679,芯能转债,2023-10-26,754105,603105,芯能科技,0.00265816,2023-11-24,AA-,2023-08-12,2023-09-22,75,34,12.73,13.08,14.5,14.73,11.15,11.53,11.95,11.67,12.28,12.02,11.03,11.24,11.76,11.67,10.31,10.41,10.11,10.1
123229,艾录转债,2023-10-23,371062,301062,上海艾录,0.0015666985,2023-11-20,A+,2023-07-14,2023-08-29,101,55,9.24,9.63,10.31,10.33,9.12,8.83,9.6,9.53,11.17,11.35,11.47,11.31,11.43,11.46,10.59,10.5,10.15,10.19
123228,震裕转债,2023-10-20,370953,300953,震裕科技,0.0033437479,2023-11-09,AA-,2023-07-28,2023-09-06,84,44,43.94,45.75,50.37,50.74,39.66,41.19,42.24,41.29,42.12,42.03,11.33,11.43,11.69,12.26,10.55,10.6,10.46,10.49
123227,雅创转债,2023-10-20,371099,301099,雅创电子,0.0008851171,2023-11-10,A+,2023-07-14,2023-09-01,98,49,26.99,27.08,38.26,36.77,27.79,27.71,30.58,29.32,31.18,31.92,11.19,11.32,11.43,11.46,10.55,10.6,10.45,10.3
113678,中贝转债,2023-10-19,754220,603220,中贝通信,0.00148949,2023-11-21,A+,2023-06-28,2023-08-26 00:00:00,113,54,17.11,15.77,11.49,11.05,29.77,27.08,25.85,29.25,37.89,35.24,11.84,11.52,11.28,11.3,10.91,10.6,10.23,10.28
127095,广泰转债,2023-10-18,72111,2111,威海广泰,0.0022347742,2023-11-10,AA-,2023-07-14,2023-09-02,96,46,8.88,8.97,9.2,9.1,8.45,8.4,8.96,8.7,9.01,9.06,11.35,11.56,11.43,11.46,10.99,10.95,10.45,10.3
127094,红墙转债,2023-10-18,72809,2809,红墙股份,0.000963578,2023-11-08,A+,2023-07-14,2023-09-01,96,47,10.44,10.51,10.71,10.6,9.29,9.14,10.35,10.21,10.23,10.2,11.19,11.32,11.43,11.46,10.99,10.95,10.58,10.5
127093,章鼓转债,2023-10-17,72598,2598,山东章鼓,0.0007387761,2023-11-03,A+,2023-07-08,2023-08-30,101,48,10.28,10.31,11.41,11.36,9.61,9.54,10.35,10.32,9.76,9.85,11.27,11.13,11.25,11.2,11.01,11.02,10.49,10.48
123226,中富转债,2023-10-16,370814,300814,中富电路,0.0008351318,2023-11-03,AA-,2023-07-28,2023-09-06,80,40,38.18,43.19,29.99,29.03,34.62,32.25,34.29,35.95,30.12,31.75,11.33,11.43,11.69,12.26,11.0,11.01,10.49,10.48
123225,翔丰转债,2023-10-10,370890,300890,翔丰华,0.0035777723,2023-10-26,AA-,2023-07-28,2023-09-06,74,34,33.56,34.26,39.02,39.46,32.56,32.78,34.34,34.17,34.24,35.76,11.33,11.43,11.69,12.26,11.19,11.02,10.31,10.41
127092,运机转债,2023-09-21,71288,1288,运机集团,0.0017956304,2023-10-20,AA-,2023-07-29,2023-09-07,54,14,12.41,12.09,11.82,12.09,11.45,11.61,12.36,12.52,11.11,11.31,11.4,11.33,12.3,12.32,11.14,11.05,10.55,10.6
123224,宇邦转债,2023-09-19,371266,301266,宇邦新材,0.0009705603,2023-10-18,A+,2023-07-13,2023-08-30,68,20,50.51,50.91,66.77,64.63,50.13,49.24,51.8,52.41,47.06,46.56,11.27,11.13,11.32,11.43,11.22,11.21,10.99,10.95
123223,九典转02,2023-09-15,370705,300705,九典制药,0.0006352217,2023-10-13,A+,2022-12-23,2023-03-17,266,182,19.27,18.93,14.84,14.8,14.46,15.5,15.12,15.21,17.33,17.45,12.99,12.75,12.85,12.98,11.35,11.22,11.03,11.0
113677,华懋转债,2023-09-14,754306,603306,华懋科技,0.00326065,2023-10-12,AA-,2023-06-17,2023-08-09,89,36,26.95,27.32,28.97,28.52,34.42,34.9,34.9,35.67,32.65,31.26,12.06,12.17,11.63,11.45,11.28,11.29,11.11,11.11
118045,盟升转债,2023-09-12,718311,688311,盟升电子,0.00089357,2023-10-17,A,2023-05-06,2023-06-29,129,75,45.71,46.92,46.9,48.21,42.55,42.69,46.02,44.19,42.1,44.24,11.29,11.18,12.94,13.32,11.35,11.28,11.01,11.02
118044,赛特转债,2023-09-11,718398,688398,赛特新材,0.00056949,2023-10-12,A+,2022-09-23,2022-11-12,353,303,14.67,15.04,13.52,12.95,21.7,22.5,23.64,23.34,21.19,21.4,11.7,11.95,12.24,12.29,11.3,11.34,11.11,11.11
123222,博俊转债,2023-09-08,370926,300926,博俊科技,0.0010404561,2023-09-28,A+,2023-04-07,2023-05-17,154,114,11.93,12.11,12.28,12.05,15.66,15.58,17.17,16.68,18.52,21.09,12.58,12.49,12.57,12.62,11.28,11.27,11.19,11.2
123221,力诺转债,2023-08-23,371188,301188,力诺药包,0.0018983056,2023-09-14,A+,2023-06-19,2023-08-02 00:00:00,65,21,13.91,13.86,16.95,17.42,13.03,12.61,14.38,14.17,12.46,12.21,12.06,12.03,11.63,11.45,11.35,11.25,11.28,11.29
127091,科数转债,2023-08-23,72335,2335,科华数据,0.0052497071,2023-09-12,AA,2023-07-01,2023-08-11,53,12,34.55,33.54,37.98,39.33,30.76,30.3,31.72,31.58,31.27,31.75,12.17,11.89,11.24,11.49,11.35,11.25,11.35,11.28
113676,荣23转债,2023-08-18,754165,603165,荣晟环保,0.00080245,2023-09-13,AA-,2023-05-23,2023-06-30,87,49,15.48,15.07,13.2,13.22,14.68,14.17,14.91,15.48,14.65,14.22,11.18,11.23,12.38,12.21,11.58,11.56,11.29,11.25
123220,易瑞转债,2023-08-18,370942,300942,易瑞生物,0.0028761396,2023-09-06,A+,2023-05-26,2023-07-05,84,44,12.48,12.53,13.39,13.6,14.28,14.05,14.85,15.06,14.21,14.12,11.36,11.34,11.93,12.1,11.58,11.56,11.33,11.43
111017,蓝天转债,2023-08-15,713368,605368,蓝天燃气,0.00084259,2023-09-08,AA,2023-05-25,2023-08-03,82,12,8.21,8.15,7.75,7.9,7.6,7.81,7.9,8.04,8.03,8.41,11.99,12.33,11.99,11.93,11.69,11.73,11.28,11.27
118043,福立转债,2023-08-14,718678,688678,福立旺,0.00147242,2023-09-12,AA-,2023-05-09,2023-06-27,97,48,14.79,14.36,11.15,10.84,13.87,13.38,15.12,14.81,13.96,13.62,11.2,11.28,13.4,13.16,11.76,11.67,11.35,11.28
123219,宇瞳转债,2023-08-11,370790,300790,宇瞳光学,0.0011856348,2023-08-29,A+,2023-05-19,2023-06-29,84,43,13.89,14.78,14.65,15.03,14.26,13.64,15.05,15.03,12.69,13.27,11.29,11.18,12.43,12.34,12.17,11.89,11.47,11.31
113675,新23转债,2023-08-11,754179,603179,新泉股份,0.0028089,2023-09-05,AA-,2023-06-14,2023-07-27,58,15,46.18,48.19,42.88,41.86,51.17,52.48,54.0,52.1,52.38,51.17,11.68,11.75,11.55,11.47,12.17,11.89,11.5,11.39
123218,宏昌转债,2023-08-10,371008,301008,宏昌科技,0.000438974,2023-08-30,A+,2023-04-10,2023-05-17,122,85,17.07,17.44,18.64,18.36,21.19,21.84,21.48,23.49,21.05,21.16,12.58,12.49,12.64,12.68,12.15,12.16,11.27,11.13
118042,奥维转债,2023-08-10,718516,688516,奥特维,0.00203912,2023-09-01,AA-,2023-06-07,2023-07-22,64,19,85.56,83.99,76.69,74.95,77.89,81.19,82.37,80.01,79.03,78.2,11.33,11.26,11.89,11.94,12.15,12.16,11.19,11.32
110095,双良转债,2023-08-08,733481,600481,双良节能,0.00551815,2023-09-08,AA-,2023-05-23,2023-06-29,77,40,13.59,13.39,12.57,12.5,11.08,11.12,11.22,11.42,10.19,10.25,11.29,11.18,12.38,12.21,12.12,12.1,11.28,11.27
123217,富仕转债,2023-08-08,370852,300852,四会富仕,0.0007508153,2023-08-24,AA-,2023-06-09,2023-07-20,60,19,30.08,28.43,28.86,28.94,28.63,27.59,29.43,29.9,25.69,26.04,11.33,11.32,12.06,11.88,12.12,12.1,11.29,11.13
123216,科顺转债,2023-08-04,370737,300737,科顺股份,0.0045649054,2023-08-23,AA,2023-04-20,2023-06-26,106,39,8.91,8.66,11.04,11.05,9.6,9.58,9.97,9.95,8.35,8.12,11.3,11.18,12.9,12.75,12.42,12.3,11.35,11.25
123215,铭利转债,2023-08-03,371268,301268,铭利达,0.0018818159,2023-08-23,AA-,2023-06-09,2023-07-11,55,23,37.68,39.65,40.56,41.94,34.0,33.63,34.48,34.78,30.35,29.11,11.22,11.21,12.06,11.88,11.99,12.33,11.35,11.25
123214,东宝转债,2023-07-31,370239,300239,东宝生物,0.0019172228,2023-08-18,A+,2023-06-09,2023-07-11,52,20,6.14,6.19,6.2,6.23,6.4,6.34,6.58,6.6,6.25,6.13,11.22,11.21,12.06,11.88,12.3,12.32,11.58,11.56
118041,星球转债,2023-07-31,718633,688633,星球石墨,0.00054951,2023-08-22,A+,2023-04-20,2023-06-28,102,33,21.46,21.07,22.51,22.14,21.83,21.65,23.03,23.19,20.49,19.89,11.28,11.3,12.9,12.75,12.3,12.32,11.38,11.37
123213,天源转债,2023-07-28,371127,301127,武汉天源,0.0037859869,2023-08-16,AA-,2023-05-12,2023-06-28 00:00:00,77,30,6.68,6.68,7.1,7.0,6.98,7.06,7.32,7.38,7.26,7.09,11.28,11.3,12.82,12.62,11.69,12.26,11.67,11.73
113068,金铜转债,2023-07-28,783609,601609,金田股份,0.00313136,2023-08-28,AA+,2023-06-01,2023-06-30,57,28,6.15,6.26,6.23,6.18,6.3,6.4,6.53,6.54,6.43,6.26,11.18,11.23,11.6,11.59,11.69,12.26,11.84,11.52
123211,阳谷转债,2023-07-27,370121,300121,阳谷华泰,0.0011936109,2023-08-14,AA-,2023-04-08,2023-06-05,110,52,9.08,8.93,10.81,10.71,9.26,9.05,9.63,9.6,8.75,8.81,11.88,11.91,12.64,12.68,11.68,11.75,11.76,11.67
123210,信服转债,2023-07-27,370454,300454,深信服,0.0024586282,2023-08-18,AA,2023-04-14,2023-07-05,104,22,113.64,112.0,140.69,137.49,110.28,107.44,110.77,110.49,112.27,109.07,11.36,11.34,12.6,12.69,11.68,11.75,11.58,11.56
113067,燃23转债,2023-07-27,783139,601139,深圳燃气,0.01104675,2023-08-18,AAA,2023-05-23,2023-06-29,65,28,7.07,7.02,6.83,6.73,6.86,7.03,7.14,7.12,6.68,6.72,11.29,11.18,12.38,12.21,11.68,11.75,11.58,11.56
123212,立中转债,2023-07-27,370428,300428,立中集团,0.0016998032,2023-08-16,AA-,2023-05-25,2023-07-07,63,20,22.86,22.54,20.95,20.84,24.55,24.35,24.73,23.95,23.01,23.02,11.2,11.2,11.99,11.93,11.68,11.75,11.67,11.73
123209,聚隆转债,2023-07-26,370644,300644,南京聚隆,0.000840233,2023-08-17,A+,2023-04-10,2023-05-17,107,70,14.95,15.43,16.24,15.92,17.1,17.07,18.2,18.53,16.11,16.54,12.58,12.49,12.64,12.68,11.65,11.67,11.67,11.57
118040,宏微转债,2023-07-25,718711,688711,宏微科技,0.00147191,2023-08-14,A,2023-04-15,2023-06-07,101,48,42.03,43.16,58.29,57.3,42.81,42.53,43.9,43.41,38.34,37.81,11.89,11.94,12.66,12.93,11.45,11.72,11.76,11.67
111016,神通转债,2023-07-25,713228,605228,神通科技,0.00043413,2023-08-15,AA-,2023-05-25,2023-07-06,61,19,9.89,9.9,8.46,8.53,10.85,11.33,11.19,11.39,9.89,9.53,11.3,11.24,11.99,11.93,11.45,11.72,11.69,11.73
123208,孩王转债,2023-07-24,371078,301078,孩子王,0.0044397098,2023-08-10,AA,2023-04-20,2023-06-09,95,45,12.17,13.01,10.88,10.72,10.88,10.77,10.94,11.13,10.97,10.75,12.06,11.88,12.9,12.75,11.33,11.26,12.15,12.16
127090,兴瑞转债,2023-07-24,72937,2937,兴瑞科技,0.0010381564,2023-08-15,AA-,2023-05-19,2023-07-05,66,19,25.26,25.72,21.7,21.96,24.77,25.23,25.39,25.28,23.58,23.46,11.36,11.34,12.43,12.34,11.33,11.26,11.69,11.73
123207,冠中转债,2023-07-21,370948,300948,冠中生态,0.0013600673,2023-08-09,A-,2023-05-22,2023-06-29,60,22,13.85,14.63,14.27,14.54,15.24,15.15,16.23,16.32,15.16,14.79,11.29,11.18,12.31,12.38,11.31,11.34,12.06,12.17
113674,华设转债,2023-07-21,754018,603018,华设集团,0.00097532,2023-08-15,AA,2023-04-20,2023-06-29,92,22,8.21,8.3,8.35,8.49,8.17,8.3,8.56,8.41,8.24,8.27,11.29,11.18,12.9,12.75,11.31,11.34,11.69,11.73
118039,煜邦转债,2023-07-20,718597,688597,煜邦电力,0.00166927,2023-08-15,A,2023-05-30,2023-07-01,51,19,7.34,7.26,7.54,7.63,7.2,6.91,7.54,7.59,6.33,6.26,11.24,11.49,11.98,11.87,11.33,11.32,11.69,11.73
123206,开能转债,2023-07-20,370272,300272,开能健康,0.0005681769,2023-08-08,A+,2023-04-28,2023-07-03,83,17,5.0,5.02,4.87,4.97,5.27,5.3,5.49,5.61,5.31,5.38,11.24,11.49,12.26,12.55,11.33,11.32,12.12,12.1
110094,众和转债,2023-07-18,733888,600888,新疆众和,0.00389776,2023-08-14,AA,2023-05-18,2023-07-06,61,12,7.72,7.7,7.96,7.83,7.61,7.71,7.82,7.77,7.67,7.79,11.3,11.24,12.57,12.49,11.29,11.25,11.76,11.67
127089,晶澳转债,2023-07-18,72459,2459,晶澳科技,0.0241433531,2023-08-04,AA+,2023-04-28,2023-06-01,81,47,35.53,34.64,40.07,39.83,33.35,32.65,33.98,33.36,31.15,31.07,11.6,11.59,12.26,12.55,11.29,11.25,12.42,12.3
113672,福蓉转债,2023-07-18,754327,603327,福蓉科技,0.00073622,2023-08-10,AA,2023-05-19,2023-06-30,60,18,7.75,7.92,7.42,7.5,8.05,8.17,8.42,8.28,8.4,8.43,11.18,11.23,12.43,12.34,11.29,11.25,12.15,12.16
113673,岱美转债,2023-07-18,754730,603730,岱美股份,0.00061925,2023-08-10,AA,2023-04-28,2023-06-22,81,26,8.84,9.21,6.83,6.68,8.82,9.86,8.91,9.06,10.48,10.5,11.3,11.18,12.26,12.55,11.29,11.25,12.15,12.16
118038,金宏转债,2023-07-17,718106,688106,金宏气体,0.00221597,2023-08-10,AA-,2023-04-11,2023-06-28,97,19,25.31,25.31,22.79,22.96,24.21,24.66,25.82,24.63,24.81,24.42,11.28,11.3,12.7,12.54,11.41,11.31,12.15,12.16
123205,大叶转债,2023-07-17,370879,300879,大叶股份,0.0007488107,2023-08-08,A+,2022-11-11,2023-01-18,248,180,16.42,16.58,18.33,18.11,18.55,18.01,19.68,19.36,17.45,17.34,14.95,15.11,11.13,11.43,11.41,11.31,12.12,12.1
123204,金丹转债,2023-07-13,370829,300829,金丹科技,0.0015047031,2023-08-02,AA-,2023-03-24,2023-04-28,111,76,21.32,21.4,22.66,23.34,20.97,21.34,21.5,21.95,20.87,20.93,12.26,12.55,12.85,12.82,11.32,11.43,12.06,12.03
113671,武进转债,2023-07-10,754878,603878,武进不锈,0.00072475,2023-08-03,AA,2023-05-24,2023-06-29,47,11,7.54,7.68,7.75,7.74,7.63,7.66,7.93,7.93,7.89,7.81,11.29,11.18,12.2,12.01,11.25,11.2,11.99,12.33
111015,东亚转债,2023-07-06,713177,605177,东亚药业,0.00141941,2023-08-02,A+,2023-04-28,2023-06-03,69,33,24.18,23.95,23.74,24.26,24.55,25.2,25.93,26.09,29.16,28.32,11.88,11.91,12.26,12.55,11.3,11.24,12.06,12.03
118037,上声转债,2023-07-06,718533,688533,上声电子,0.00074907,2023-08-01,A+,2023-04-18,2023-05-26,79,41,43.87,45.13,40.56,40.57,47.92,48.82,50.43,49.22,46.24,45.73,11.93,12.1,12.93,13.0,11.3,11.24,12.26,12.16
127088,赫达转债,2023-07-03,72810,2810,山东赫达,0.0019329397,2023-07-19,AA-,2023-04-24,2023-06-09,70,24,16.67,16.75,19.44,19.23,17.41,17.68,17.26,17.65,18.38,18.32,12.06,11.88,12.48,12.1,11.24,11.49,11.23,11.31
123203,明电转02,2023-07-03,370739,300739,明阳电路,0.0010565991,2023-07-19,AA-,2023-04-07,2023-05-26,87,38,13.59,13.86,16.32,15.79,14.26,14.33,14.25,14.56,14.73,14.87,11.93,12.1,12.57,12.62,11.24,11.49,11.23,11.31
123202,祥源转债,2023-07-03,370980,300980,祥源新材,0.0012570425,2023-07-26,A+,2023-03-02,2023-04-12,123,82,20.37,20.39,19.05,19.07,18.55,18.84,19.67,19.48,19.04,19.22,12.58,12.48,14.13,14.24,11.24,11.49,11.65,11.67
118036,力合转债,2023-06-28,718589,688589,力合微,0.00119992,2023-07-20,AA-,2023-03-25,2023-06-07 00:00:00,95,21,29.56,29.97,29.22,28.61,27.8,27.2,28.69,28.8,31.42,29.78,11.89,11.94,12.8,12.6,11.28,11.3,11.33,11.32
123200,海泰转债,2023-06-27,371022,301022,海泰科,0.0006950516,2023-07-17,A,2023-04-10,2023-05-17,78,41,21.8,21.94,21.89,23.09,25.13,24.36,26.24,26.84,27.4,27.5,12.58,12.49,12.64,12.68,11.2,11.28,11.41,11.31
123201,纽泰转债,2023-06-27,371229,301229,纽泰格,0.0008561319,2023-07-18,A,2023-04-28,2023-06-02,60,25,13.96,14.33,13.23,13.33,14.13,14.43,15.05,15.05,17.44,18.01,11.68,11.93,12.26,12.55,11.2,11.28,11.29,11.25
111014,李子转债,2023-06-20,713337,605337,李子园,0.00084926,2023-07-13,AA,2023-04-25,2023-06-03,56,17,17.27,17.01,16.33,16.28,17.59,17.42,18.67,18.19,17.04,17.39,11.88,11.91,12.14,12.28,11.44,11.36,11.32,11.43
123199,山河转债,2023-06-12,370452,300452,山河药辅,0.0009127967,2023-07-07,A+,2022-12-22,2023-02-13,172,119,16.78,16.93,15.8,14.96,17.32,17.36,17.58,17.71,15.41,15.3,13.94,13.82,13.0,12.95,11.82,11.79,11.2,11.2
118035,国力转债,2023-06-12,718103,688103,国力股份,0.00113483,2023-07-06,A+,2023-03-22,2023-05-19,82,24,58.87,59.13,60.69,61.51,62.87,62.79,66.37,63.83,56.73,56.66,12.43,12.34,12.75,12.79,11.82,11.79,11.3,11.24
127086,恒邦转债,2023-06-12,72237,2237,恒邦股份,0.0115630125,2023-07-07,AA+,2023-04-15,2023-05-26,58,17,10.79,10.92,12.53,12.79,10.81,10.64,11.21,11.23,10.55,10.74,11.93,12.1,12.66,12.93,11.82,11.79,11.2,11.2
123198,金埔转债,2023-06-08,371098,301098,金埔园林,0.0020882571,2023-07-07,A,2023-03-02,2023-04-11,98,58,10.97,11.04,11.56,11.57,11.51,11.93,12.37,12.3,11.96,11.9,12.7,12.54,14.13,14.24,11.96,12.12,11.2,11.2
123197,光力转债,2023-05-08,370480,300480,光力科技,0.0005682849,2023-05-29,A+,2022-09-03,2022-11-15,247,174,15.37,16.39,16.64,16.3,20.36,20.91,21.76,20.92,22.15,22.29,11.86,12.01,12.46,12.57,12.94,13.32,12.11,11.98
118034,晶能转债,2023-04-20,718223,688223,晶科能源,0.01087005,2023-05-19,AA+,2023-02-14,2023-04-04,65,16,13.86,13.32,14.3,14.18,12.79,12.32,13.25,13.02,11.89,12.0,12.64,12.65,13.85,13.96,12.9,12.75,12.43,12.34
123196,正元转02,2023-04-18,370645,300645,正元智慧,0.0006970395,2023-05-19,A+,2022-11-16,2023-03-20,153,29,28.9,28.73,27.39,28.04,29.67,29.77,31.5,31.28,28.04,27.89,12.76,12.57,11.97,11.82,12.93,13.0,12.43,12.34
123195,蓝晓转02,2023-04-17,370487,300487,蓝晓科技,0.0008360413,2023-05-08,A+,2023-03-03,2023-03-28,45,20,60.15,58.95,64.07,64.12,59.43,58.71,58.29,59.43,56.73,57.84,12.66,12.64,14.35,14.29,12.66,12.93,12.94,13.32
123194,百洋转债,2023-04-14,371015,301015,百洋医药,0.0010600487,2023-05-05,AA-,2023-02-14,2023-03-28,59,17,23.78,24.27,25.44,25.52,25.81,26.15,26.26,26.67,26.59,25.62,12.66,12.64,13.85,13.96,12.6,12.69,12.78,12.91
123193,海能转债,2023-04-13,370787,300787,海能实业,0.0012747352,2023-05-09,AA-,2022-11-25,2023-02-13,139,59,13.69,14.03,13.44,13.01,14.94,14.41,15.04,15.46,11.49,11.85,13.94,13.82,11.79,12.17,12.41,12.56,13.4,13.16
123192,科思转债,2023-04-13,370856,300856,科思股份,0.0010951456,2023-05-11,AA-,2023-02-24,2023-04-04,48,9,17.64,17.5,19.53,19.04,17.04,17.63,18.1,17.51,22.45,22.35,12.64,12.65,14.02,13.86,12.41,12.56,12.95,12.85
123191,智尚转债,2023-04-10,370918,300918,南山智尚,0.0006109102,2023-04-28,AA-,2023-01-12,2023-02-13,88,56,10.32,10.5,9.52,9.67,11.53,11.0,12.26,12.22,10.9,11.26,13.94,13.82,14.77,14.67,12.64,12.68,12.26,12.55
123190,道氏转02,2023-04-07,370409,300409,道氏技术,0.0072192519,2023-04-25,AA-,2022-12-16,2023-02-13,112,53,16.57,16.4,16.03,15.87,13.98,14.24,15.06,14.9,12.81,12.3,13.94,13.82,13.02,13.34,12.57,12.62,12.14,12.28
123189,晓鸣转债,2023-04-06,370967,300967,晓鸣股份,0.0007801534,2023-04-25,A,2022-09-08,2023-02-16,210,49,17.16,16.6,17.2,16.96,18.55,19.61,19.08,19.27,16.38,16.82,13.68,13.6,12.32,12.36,12.6,12.58,12.14,12.28
123187,超达转债,2023-04-04,371186,301186,超达装备,0.0004562974,2023-04-25,A,2023-02-24,2023-03-20,39,15,29.27,29.48,32.53,32.9,31.69,30.14,33.23,33.85,26.52,25.84,12.76,12.57,14.02,13.86,12.64,12.65,12.14,12.28
123188,水羊转债,2023-04-04,370740,300740,水羊股份,0.0011610488,2023-04-25,A+,2022-12-23,2023-02-17,102,46,13.76,14.3,14.29,13.87,13.59,13.53,13.84,14.05,13.81,13.4,13.63,13.43,12.85,12.98,12.64,12.65,12.14,12.28
123185,能辉转债,2023-03-31,371046,301046,能辉科技,0.0018787062,2023-04-20,A+,2022-12-30,2023-02-14,91,45,43.3,44.48,33.34,34.05,34.56,34.31,35.79,35.65,31.4,30.97,13.85,13.96,13.04,13.16,12.69,12.53,12.9,12.75
123186,志特转债,2023-03-31,370986,300986,志特新材,0.0009688248,2023-04-21,A+,2023-02-17,2023-03-20,42,11,19.21,18.94,18.98,18.6,18.39,18.59,18.61,18.95,16.57,16.31,12.76,12.57,13.63,13.43,12.69,12.53,12.7,12.5
123183,海顺转债,2023-03-23,370501,300501,海顺新材,0.001257266,2023-04-20,AA-,2022-11-04,2023-02-01,139,50,14.88,15.04,13.68,13.9,16.26,16.35,16.93,17.03,15.28,15.12,15.03,14.7,10.4,10.82,12.7,12.9,12.9,12.75
123184,天阳转债,2023-03-23,370872,300872,天阳科技,0.0033529257,2023-04-18,AA-,2022-11-16,2023-01-19,127,63,13.42,13.53,14.19,14.25,14.68,14.97,14.69,15.01,15.66,15.25,15.13,15.09,11.97,11.82,12.7,12.9,12.93,13.0
123182,广联转债,2023-03-22,370900,300900,广联航空,0.0018586896,2023-04-17,A+,2022-11-16,2023-01-19,126,62,20.2,20.72,20.97,20.84,22.46,22.82,22.3,23.0,22.01,22.09,15.13,15.09,11.97,11.82,12.75,12.79,12.66,12.93
118033,华特转债,2023-03-21,718268,688268,华特气体,0.00520423,2023-04-14,AA-,2022-11-25,2023-02-04,116,45,82.27,79.8,84.3,80.91,83.46,84.5,82.41,84.88,92.93,100.49,14.1,14.0,11.79,12.17,12.65,12.7,12.6,12.69
123180,浙矿转债,2023-03-09,370837,300837,浙矿股份,0.0012734856,2023-03-28,AA-,2022-12-16,2023-02-14,83,23,45.9,44.89,40.99,40.5,47.15,46.9,47.6,48.28,42.83,44.85,13.85,13.96,13.02,13.34,13.54,13.2,12.66,12.64
118032,建龙转债,2023-03-08,718357,688357,建龙微纳,0.00231615,2023-04-07,AA-,2022-11-16,2023-02-15,112,21,68.43,67.07,72.35,67.05,69.91,68.61,71.89,71.8,55.74,56.45,13.95,13.67,11.97,11.82,13.63,13.53,12.57,12.62
123179,立高转债,2023-03-07,370973,300973,立高食品,0.0019133484,2023-03-27,AA-,2022-11-10,2023-01-19,117,47,91.63,90.41,85.82,86.91,98.0,98.15,94.89,98.82,99.53,98.19,15.13,15.09,10.79,10.87,13.85,13.69,12.8,12.6
123178,花园转债,2023-03-06,370401,300401,花园生物,0.0041808277,2023-03-23,AA-,2022-11-16,2023-02-14,110,20,15.21,15.57,16.19,16.19,14.06,14.3,14.88,14.48,13.98,13.99,13.85,13.96,11.97,11.82,14.3,13.85,12.7,12.9
123177,测绘转债,2023-03-02,370826,300826,测绘股份,0.0007691134,2023-03-24,A+,2022-11-25,2023-02-14,97,16,12.9,13.22,12.15,12.18,13.52,13.61,13.72,14.06,14.32,14.38,13.85,13.96,11.79,12.17,14.13,14.24,12.85,12.82
123176,精测转2,2023-03-02,370567,300567,精测电子,0.0043882511,2023-03-22,AA-,2022-10-29,2023-02-08,124,22,60.8,60.46,51.5,50.7,61.89,62.38,62.73,62.73,67.26,64.68,14.24,14.04,10.33,10.34,14.13,14.24,12.75,12.79
123175,百畅转债,2023-02-22,370614,300614,百川畅银,0.0014455717,2023-03-17,A,2022-09-07,2022-11-11,168,103,26.17,25.68,25.88,26.58,28.37,29.46,28.8,29.34,26.51,26.64,11.13,11.43,12.42,12.33,14.0,14.02,12.99,12.75
123174,精锻转债,2023-02-15,370258,300258,精锻科技,0.0014511423,2023-03-07,AA-,2022-11-17,2023-01-18,90,28,11.82,11.82,12.44,12.47,12.32,12.32,12.92,12.73,11.38,11.06,14.95,15.11,11.81,11.69,13.95,13.67,13.85,13.69
118031,天23转债,2023-02-13,718599,688599,天合光能,0.02789406,2023-03-15,AA,2022-11-16,2023-02-04,89,9,65.56,64.78,64.99,65.07,63.88,63.15,65.32,64.77,56.04,55.85,14.1,14.0,11.97,11.82,13.94,13.82,13.05,13.05
118030,睿创转债,2022-12-30,718002,688002,睿创微纳,0.00512519,2023-02-10,AA,2022-09-30,2022-11-15,91,45,43.52,44.18,38.07,37.66,37.65,36.83,37.45,38.17,46.99,47.69,11.86,12.01,11.87,11.84,13.04,13.16,14.1,13.98
123173,恒锋转债,2022-12-30,370605,300605,恒锋信息,0.0007199338,2023-02-08,A-,2022-09-02,2022-10-18,119,73,12.28,12.34,12.14,12.48,13.47,13.67,13.92,13.76,15.3,15.03,11.55,11.48,12.62,12.51,13.04,13.16,14.24,14.04
118029,富淼转债,2022-12-15,718350,688350,富淼科技,0.00078808,2023-01-09,A,2022-09-22,2022-11-15,84,30,18.59,18.69,17.81,17.93,19.78,19.4,20.06,20.02,17.5,18.16,11.86,12.01,12.33,12.29,13.14,13.1,14.75,14.8
123172,漱玉转债,2022-12-15,371017,301017,漱玉平民,0.001298266,2023-01-06,AA-,2022-08-19,2022-11-21,118,24,18.89,18.65,16.98,16.81,19.69,20.04,20.84,20.24,17.93,17.62,11.48,11.46,12.27,12.57,13.14,13.1,14.5,14.62
118028,会通转债,2022-12-06,718219,688219,会通股份,0.00102553,2023-01-04,AA-,2021-12-03,2022-03-17 00:00:00,368,264,8.92,9.32,12.5,12.22,8.78,8.8,9.21,9.22,8.36,8.39,14.66,14.45,17.64,17.65,13.34,13.43,13.71,14.32
123171,共同转债,2022-11-28,370966,300966,共同药业,0.0008545904,2022-12-16,A,2022-09-16,2022-11-11 00:00:00,73,17,27.44,27.06,25.23,24.49,26.28,27.01,27.21,26.9,32.98,36.18,11.13,11.43,12.92,12.56,11.9,11.81,13.02,13.34
118027,宏图转债,2022-11-28,718066,688066,航天宏图,0.0033846,2022-12-22,BBB+,2022-09-16,2022-11-15,73,13,61.34,63.13,54.19,54.79,56.55,56.78,59.46,57.76,54.91,54.9,11.86,12.01,12.92,12.56,11.9,11.81,13.0,12.95
123170,南电转债,2022-11-24,370346,300346,南大光电,0.0034265105,2022-12-15,AA-,2022-07-20,2022-11-10 00:00:00,127,14,27.25,27.1,26.58,26.29,27.17,26.85,28.1,27.41,25.45,26.63,10.79,10.87,13.43,13.39,11.92,11.77,13.14,13.1
123168,惠云转债,2022-11-23,370891,300891,惠云钛业,0.0017122918,2022-12-14,AA-,2022-07-20,2022-08-19 00:00:00,126,96,12.84,12.55,12.54,13.33,10.65,10.33,11.01,10.94,10.13,10.07,12.27,12.57,13.43,13.39,11.78,11.82,13.23,13.23
123169,正海转债,2022-11-23,370224,300224,正海磁材,0.0034231574,2022-12-12,AA-,2022-09-21,2022-11-11 00:00:00,63,12,13.1,12.8,12.19,12.43,12.43,12.26,12.93,12.76,12.23,12.14,11.13,11.43,12.31,12.43,11.78,11.82,13.58,13.11
123167,商络转债,2022-11-17,370975,300975,商络电子,0.0006649965,2022-12-09,A+,2022-08-03,2022-08-26 00:00:00,106,83,8.11,8.1,8.05,8.1,7.17,7.18,7.42,7.39,7.0,6.78,12.68,12.61,12.19,12.03,11.81,11.69,13.4,13.7
123166,蒙泰转债,2022-11-02,370876,300876,蒙泰高新,0.0003409429,2022-11-25,A,2022-07-13,2022-08-26 00:00:00,112,68,25.73,25.79,23.0,22.74,25.13,25.4,26.48,26.46,30.74,30.15,12.68,12.61,14.42,13.97,10.61,10.63,11.79,12.17
123165,回天转债,2022-10-27,370041,300041,回天新材,0.0026221841,2022-11-15,AA-,2022-08-11,2022-09-07 00:00:00,77,50,15.3,15.88,16.53,18.12,11.62,11.57,11.95,11.78,12.77,13.38,12.42,12.33,12.08,12.35,10.7,10.68,11.86,12.01
123164,法本转债,2022-10-21,370925,300925,法本信息,0.0014980607,2022-11-14,A+,2022-08-03,2022-08-26 00:00:00,79,56,11.28,11.11,11.12,11.12,10.8,11.12,11.07,11.05,12.12,11.97,12.68,12.61,12.19,12.03,11.21,11.09,11.7,11.95
123163,金沃转债,2022-10-14,370984,300984,金沃股份,0.0006837546,2022-11-07,A,2022-08-04,2022-08-26 00:00:00,71,49,20.25,20.05,19.48,19.62,17.44,17.48,16.9,17.76,16.67,16.45,12.68,12.61,12.1,12.16,11.45,11.53,10.81,10.88
123162,东杰转债,2022-10-14,370486,300486,东杰智能,0.0022080868,2022-11-04,BBB+,2022-07-07,2022-08-19 00:00:00,99,56,10.11,9.73,9.47,9.59,7.6,7.78,7.59,7.83,9.16,8.91,12.27,12.57,14.54,14.42,11.45,11.53,10.4,10.82
123161,强联转债,2022-10-11,370850,300850,新强联,0.0041980672,2022-10-27,AA,2022-08-11,2022-09-19 00:00:00,61,22,78.85,81.71,90.22,88.65,80.8,82.57,87.81,81.91,79.71,76.26,12.54,12.57,12.08,12.35,11.54,11.48,10.7,10.68
123160,泰福转债,2022-09-28,370992,300992,泰福泵业,0.0011807313,2022-10-25,A,2022-07-07,2022-09-09 00:00:00,83,19,23.86,23.42,20.2,19.93,24.41,26.13,24.78,25.11,22.14,22.47,12.4,12.72,14.54,14.42,12.09,12.11,10.7,10.65
118021,新致转债,2022-09-27,718590,688590,新致软件,0.00210647,2022-11-02,A,2022-06-20,2022-08-08 00:00:00,99,50,11.5,11.23,10.86,10.86,9.29,9.25,9.99,9.74,10.73,10.44,12.25,12.2,14.44,14.34,12.0,12.15,10.61,10.63
123159,崧盛转债,2022-09-27,371002,301002,崧盛股份,0.0009864816,2022-10-24,AA-,2022-06-17,2022-08-09 00:00:00,102,49,24.63,25.48,22.53,23.06,20.43,20.46,21.59,21.26,19.88,19.45,12.21,12.12,14.32,14.45,12.0,12.15,11.09,10.62
123158,宙邦转债,2022-09-26,370037,300037,新宙邦,0.0055403768,2022-10-21,AA,2022-08-03,2022-09-07 00:00:00,54,19,40.6,41.28,44.17,43.77,40.67,40.65,40.53,41.28,42.68,42.51,12.42,12.33,12.19,12.03,12.16,12.0,11.21,11.09
123157,科蓝转债,2022-08-30,370663,300663,科蓝软件,0.0031160271,2022-09-20,A,2022-06-15,2022-08-10 00:00:00,76,20,15.94,15.85,14.84,15.22,14.59,14.54,14.68,14.91,13.89,13.92,12.12,12.06,14.1,14.74,12.43,12.48,12.61,12.34
123156,博汇转债,2022-08-16,370839,300839,博汇股份,0.0005633815,2022-09-02,A,2022-05-27,2022-07-29 00:00:00,81,18,10.01,10.09,9.34,9.57,9.92,10.24,10.87,10.81,9.71,9.91,12.88,12.68,14.29,14.18,12.11,12.13,12.62,12.51
123155,中陆转债,2022-08-12,371040,301040,中环海陆,0.0007387851,2022-08-31,A+,2022-06-24,2022-07-20 00:00:00,49,23,34.25,35.03,30.52,31.34,29.18,28.92,30.46,30.94,23.96,22.8,13.43,13.39,14.2,14.23,12.26,12.38,12.38,12.75
118017,深科转债,2022-08-08,718328,688328,深科达,0.0007305,2022-08-29,A+,2022-05-13,2022-06-21 00:00:00,87,48,24.36,24.47,20.19,20.13,28.2,33.44,25.9,27.85,26.93,27.46,14.34,14.37,14.5,14.61,12.25,12.2,12.5,12.42
118016,京源转债,2022-08-05,718096,688096,京源环保,0.00085802,2022-08-25,A,2021-12-23,2022-03-17 00:00:00,225,141,6.67,6.66,7.04,6.9,6.53,6.37,7.29,7.11,6.42,6.32,14.66,14.45,17.4,17.32,12.13,12.31,12.4,12.62
118015,芯海转债,2022-07-21,718595,688595,芯海科技,0.00121976,2022-08-18,A+,2021-12-27,2022-03-17 00:00:00,206,126,61.25,63.2,89.85,86.21,53.0,53.95,54.94,53.99,55.13,56.52,14.66,14.45,17.33,17.22,13.32,13.01,12.48,12.25
123153,英力转债,2022-07-21,370956,300956,英力股份,0.0004921466,2022-08-11,A+,2022-01-26,2022-05-12 00:00:00,176,70,11.22,11.81,13.22,13.39,12.9,12.8,13.7,13.89,12.46,12.52,14.48,14.38,16.95,16.65,13.32,13.01,12.08,12.35
123152,润禾转债,2022-07-21,370727,300727,润禾材料,0.000613369,2022-08-11,A+,2022-03-25,2022-06-22 00:00:00,118,29,21.49,21.45,18.95,18.62,21.89,21.66,23.34,23.25,31.78,34.72,14.36,14.08,15.15,14.98,13.32,13.01,12.08,12.35
118013,道通转债,2022-07-08,718208,688208,道通科技,0.0036183,2022-07-28,AA,2022-04-02,2022-06-08 00:00:00,97,30,24.89,23.75,25.04,24.39,20.7,20.3,20.73,20.93,21.52,22.8,14.16,14.16,15.64,16.39,14.5,14.54,12.81,12.88
118012,微芯转债,2022-07-05,718321,688321,微芯生物,0.00190876,2022-07-28,A+,2022-02-18,2022-06-21 00:00:00,137,14,24.98,24.88,29.35,29.82,26.3,25.94,25.56,26.78,25.05,25.27,14.34,14.37,16.32,16.77,14.99,14.91,12.81,12.88
118011,银微转债,2022-07-04,718689,688689,银河微电,0.00186904,2022-08-02,A+,2022-05-11,2022-06-11 00:00:00,54,23,28.35,29.38,25.23,25.91,29.95,29.02,31.8,31.13,29.38,28.57,14.18,13.91,14.54,14.63,14.95,14.94,12.22,12.26
123151,康医转债,2022-07-01,370869,300869,康泰医学,0.0022130983,2022-07-20,A+,2022-01-21,2022-05-20 00:00:00,161,42,26.13,26.82,38.03,34.32,27.39,26.91,27.36,27.59,27.01,27.34,14.7,15.02,17.45,17.35,15.0,14.92,13.43,13.39
123150,九强转债,2022-06-30,370406,300406,九强生物,0.0033260952,2022-07-20,AA-,2022-03-21,2022-06-07 00:00:00,101,23,16.18,16.03,18.36,18.06,16.75,16.59,17.45,16.85,16.83,17.81,14.02,14.16,14.5,14.59,14.63,14.98,13.43,13.39
118010,洁特转债,2022-06-28,718026,688026,洁特生物,0.00128853,2022-08-02,A+,2022-01-27,2022-03-11 00:00:00,152,109,50.36,50.5,49.36,49.57,49.03,48.65,50.35,52.15,43.18,40.37,14.4,14.9,16.5,16.3,14.47,14.63,12.22,12.26
118009,华锐转债,2022-06-24,718059,688059,华锐精密,0.00097933,2022-07-21,A+,2022-02-23,2022-06-08 00:00:00,121,16,65.9,66.55,65.58,67.98,66.19,69.18,64.62,68.03,68.08,67.82,14.16,14.16,16.3,16.19,14.2,14.23,13.32,13.01
118008,海优转债,2022-06-23,718680,688680,海优新材,0.00217149,2022-07-21,A,2022-03-24,2022-06-10 00:00:00,91,13,215.44,217.76,212.63,209.92,210.34,208.86,209.62,209.71,214.76,213.93,14.26,14.32,14.92,15.2,14.09,14.2,13.32,13.01
123149,通裕转债,2022-06-20,370185,300185,通裕重工,0.004226389,2022-07-15,AA,2022-03-11,2022-05-19 00:00:00,101,32,2.45,2.56,2.96,2.99,2.79,2.89,2.78,2.85,3.01,3.06,14.55,14.62,14.4,14.9,14.44,14.34,13.48,13.24
123148,上能转债,2022-06-14,370827,300827,上能电气,0.0014433022,2022-07-01,A+,2022-03-25,2022-05-13 00:00:00,81,32,15.87,15.63,18.84,18.58,22.07,23.33,21.83,23.1,25.63,24.79,14.5,14.61,15.15,14.98,13.71,14.12,15.0,14.92
123147,中辰转债,2022-05-31,370933,300933,中辰股份,0.0012720896,2022-06-21,AA-,2021-12-25,2022-04-19 00:00:00,157,42,7.79,7.87,12.14,12.32,7.85,7.92,7.99,8.33,8.23,7.99,15.9,15.81,17.33,17.22,14.07,14.16,14.34,14.37
123146,中环转2,2022-05-06,370692,300692,中环环保,0.0028708956,2022-05-26,AA-,2021-11-18,2022-01-17 00:00:00,169,109,8.29,8.56,7.83,7.67,6.55,6.55,6.79,6.96,7.02,7.02,16.35,16.22,18.09,17.8,15.02,14.96,14.41,14.19
123145,药石转债,2022-04-20,370725,300725,药石科技,0.0029664999,2022-05-18,AA,2021-11-26,2022-04-07 00:00:00,145,13,90.94,88.87,147.26,152.91,79.26,77.49,82.67,80.09,82.08,81.08,16.38,16.28,17.62,17.58,15.81,15.85,14.85,14.75
123144,裕兴转债,2022-04-11,370305,300305,裕兴股份,0.0020619353,2022-04-27,A+,2021-12-30,2022-03-17 00:00:00,102,25,13.5,13.9,17.81,17.99,12.29,11.72,13.4,13.28,8.73,9.5,14.66,14.45,16.76,16.82,16.35,16.05,14.98,15.65
118007,山石转债,2022-03-22,718030,688030,山石网科,0.00178881,2022-04-21,A,2021-09-08,2021-12-30 00:00:00,195,82,27.98,28.99,27.45,26.89,23.56,23.21,24.54,23.86,20.13,19.48,16.76,16.82,19.24,19.23,14.59,15.18,15.77,15.81
123142,申昊转债,2022-03-18,370853,300853,申昊科技,0.001392411,2022-04-11,A-,2021-12-24,2022-02-21 00:00:00,84,25,33.62,34.68,40.92,40.29,32.28,31.3,32.2,32.6,27.99,26.67,16.66,16.51,17.33,17.31,14.36,14.7,16.35,16.05
123141,宏丰转债,2022-03-15,370283,300283,温州宏丰,0.0009422475,2022-04-08,BBB+,2021-10-20,2022-01-14 00:00:00,146,60,6.98,6.75,6.93,6.78,6.35,6.04,6.85,6.63,6.15,5.96,17.0,16.33,19.75,19.24,14.4,13.68,16.26,16.4
118006,阿拉转债,2022-03-15,718179,688179,阿拉丁,0.00076689,2022-04-12,A+,2021-12-22,2022-01-27 00:00:00,83,47,19.17,18.82,21.9,23.13,16.92,15.64,17.74,17.21,15.39,15.41,16.5,16.3,17.62,17.39,14.4,13.68,16.05,15.92
123140,天地转债,2022-03-14,370743,300743,天地数码,0.000629557,2022-03-30,A,2021-11-05,2021-12-31 00:00:00,129,73,10.02,10.01,8.8,8.79,11.35,10.57,11.56,11.59,11.71,11.98,16.86,16.48,17.85,17.64,14.63,14.49,14.86,15.21
123139,铂科转债,2022-03-11,370811,300811,铂科新材,0.0008798924,2022-03-31,A+,2021-12-17,2022-02-09 00:00:00,84,30,30.54,31.49,43.89,43.57,27.68,28.47,26.48,28.49,30.24,29.38,16.92,16.86,17.7,17.57,14.4,14.9,15.1,15.38
123138,丝路转债,2022-03-02,370556,300556,丝路视觉,0.0012497809,2022-03-22,A,2021-08-13,2021-12-11 00:00:00,201,81,28.56,30.94,19.54,18.93,24.23,24.64,24.13,24.82,25.3,29.56,18.47,18.27,19.78,19.89,15.79,15.68,14.59,15.18
123137,锦浪转债,2022-02-10,370763,300763,锦浪科技,0.0068897234,2022-03-02,AA-,2021-12-03,2022-01-18 00:00:00,69,23,141.87,144.75,165.13,167.07,143.43,137.07,141.2,143.87,170.66,165.53,16.25,16.52,17.64,17.65,16.77,16.99,15.79,15.68
118005,天奈转债,2022-01-27,718116,688116,天奈科技,0.00246365,2022-03-01,AA-,2021-10-21,2021-12-01 00:00:00,98,57,107.55,110.24,105.61,99.29,100.07,98.56,101.46,100.36,103.63,102.55,17.43,17.64,19.52,20.0,16.5,16.3,15.79,15.92
123136,城市转债,2022-01-21,370778,300778,新城市,0.0004898785,2022-02-15,AA-,2021-01-27,2021-04-16 00:00:00,359,280,12.52,12.95,13.05,13.1,14.67,13.64,15.68,15.56,14.11,14.38,20.36,20.26,22.31,23.08,17.45,17.35,16.5,16.28
118004,博瑞转债,2022-01-04,718166,688166,博瑞医药,0.00185637,2022-01-27,AA-,2021-10-13,2021-11-18 00:00:00,83,47,35.2,35.57,28.97,28.85,36.28,34.39,36.02,36.28,33.57,31.69,18.09,17.8,19.3,19.58,16.48,16.66,16.5,16.3
123135,泰林转债,2021-12-28,370813,300813,泰林生物,0.0004374263,2022-01-19,A+,2021-05-28,2021-07-05 00:00:00,214,176,20.92,21.21,21.32,20.8,42.72,43.66,44.06,43.2,41.74,40.65,21.69,22.06,24.68,24.5,17.22,17.17,16.54,16.5
123134,卡倍转债,2021-12-27,370863,300863,卡倍亿,0.0005265447,2022-01-18,A+,2021-08-19,2021-10-20 00:00:00,130,68,22.21,21.9,22.89,23.04,34.04,32.67,33.36,33.78,29.18,27.59,19.75,19.24,20.48,20.34,17.33,17.22,16.25,16.52
123132,回盛转债,2021-12-17,370871,300871,回盛生物,0.0022054859,2022-01-07,AA-,2021-08-20,2021-11-23 00:00:00,119,24,26.59,26.73,33.51,34.94,27.25,27.22,28.16,28.34,28.79,27.8,18.11,17.88,19.97,19.42,17.7,17.57,17.1,17.2
118003,华兴转债,2021-11-29,718001,688001,华兴源创,0.00227647,2021-12-20,AA,2021-10-13,2021-11-16 00:00:00,47,13,37.71,37.52,34.08,34.6,37.24,37.33,39.0,38.62,34.5,34.13,18.36,18.22,19.3,19.58,17.41,17.51,17.56,17.52
123130,设研转债,2021-11-11,370732,300732,设研院,0.0013209989,2021-12-02,AA,2021-07-28,2021-10-21 00:00:00,106,21,8.76,8.94,7.97,7.73,8.47,8.58,8.63,8.67,9.5,9.25,19.52,20.0,17.85,17.75,17.35,18.35,17.62,17.59
123129,锦鸡转债,2021-11-04,370798,300798,锦鸡股份,0.0041304969,2021-11-24,A+,2021-08-18,2021-09-16 00:00:00,78,49,11.22,11.5,10.03,10.37,9.21,9.22,9.22,9.49,9.78,9.67,19.3,19.08,19.67,20.62,18.08,17.87,17.77,17.87
123128,首华转债,2021-11-01,370483,300483,首华燃气,0.0113842934,2021-11-18,AA-,2021-06-18,2021-09-15 00:00:00,136,47,27.23,27.45,14.31,14.39,18.59,19.39,19.77,19.41,19.36,18.95,19.31,19.52,23.13,22.65,19.33,19.39,18.09,17.8
123126,瑞丰转债,2021-09-10,370243,300243,瑞丰高材,0.0012073386,2021-10-18,A,2021-01-22,2021-03-11 00:00:00,231,183,13.39,13.83,16.38,17.01,16.92,16.76,18.02,17.61,14.24,14.55,20.58,21.27,22.23,22.03,18.89,20.57,19.45,19.29
123125,元力转债,2021-09-06,370174,300174,元力股份,0.0050720323,2021-09-30,AA-,2021-07-17,2021-08-24 00:00:00,51,13,17.53,16.94,15.37,15.02,16.4,16.22,17.22,17.05,15.6,15.47,19.35,19.36,21.36,21.21,17.93,18.45,18.09,17.93
123123,江丰转债,2021-08-12,370666,300666,江丰电子,0.0033476722,2021-09-01,A+,2021-04-09,2021-07-14 00:00:00,125,29,47.69,46.75,43.66,44.2,51.19,53.14,51.87,51.96,50.17,48.14,21.0,20.76,21.71,21.3,19.79,19.89,17.48,17.88
123122,富瀚转债,2021-08-06,370613,300613,富瀚微,0.0021179642,2021-08-24,A+,2021-04-29,2021-07-02 00:00:00,99,35,78.37,82.37,48.1,47.71,95.36,94.95,99.36,97.85,97.28,98.11,22.72,21.81,23.34,23.59,17.55,17.86,19.35,19.36
123121,帝尔转债,2021-08-05,370776,300776,帝尔激光,0.0012905978,2021-08-27,AA-,2021-06-04,2021-07-20 00:00:00,62,16,67.62,72.43,49.07,51.25,71.24,67.43,73.44,73.09,69.38,70.28,21.1,20.6,23.99,24.54,17.7,17.68,18.56,18.39
123120,隆华转债,2021-07-30,370263,300263,隆华科技,0.0022189544,2021-08-23,AA-,2021-03-05,2021-05-10 00:00:00,147,81,5.91,5.9,6.47,6.74,7.64,8.19,7.41,7.79,10.36,12.03,24.0,23.86,22.7,22.34,17.92,17.69,19.5,19.3
118001,金博转债,2021-07-23,718598,688598,金博股份,0.0017707,2021-08-18,A+,2021-04-29,2021-06-16 00:00:00,85,37,97.07,94.66,75.84,74.13,131.4,133.06,137.67,132.29,129.03,128.46,23.22,23.26,23.34,23.59,20.38,20.1,19.67,20.62
123119,康泰转2,2021-07-15,370601,300601,康泰生物,0.0141817815,2021-08-05,AA,2021-04-29,2021-06-07 00:00:00,77,38,102.65,104.62,102.7,102.98,93.88,92.29,93.14,93.89,91.37,96.56,24.48,24.3,23.34,23.59,20.72,21.62,17.7,17.68
123118,惠城转债,2021-07-07,370779,300779,惠城环保,0.0024427362,2021-07-26,A+,2021-02-09,2021-04-15 00:00:00,148,83,12.93,12.31,10.22,10.97,12.15,12.49,12.38,12.5,13.54,12.83,20.76,20.36,24.79,24.58,22.68,22.55,19.96,18.8
123117,健帆转债,2021-06-23,370529,300529,健帆生物,0.0018136556,2021-07-12,AA,2020-11-24,2020-12-28 00:00:00,211,177,68.59,67.67,62.41,62.51,82.32,80.62,82.9,82.62,80.17,83.14,18.02,18.85,19.62,19.36,22.85,23.14,21.5,21.16
123115,捷捷转债,2021-06-08,370623,300623,捷捷微电,0.0028256096,2021-06-29,AA-,2021-02-24,2021-04-15 00:00:00,104,54,25.33,25.02,25.8,26.94,30.58,30.64,30.47,30.8,36.19,36.42,20.76,20.36,22.27,22.16,24.15,24.53,22.58,22.34
123114,三角转债,2021-05-25,370775,300775,三角防务,0.003312021,2021-06-11,AA-,2020-10-29,2021-04-21 00:00:00,208,34,29.65,29.47,31.99,32.25,33.18,33.41,32.39,33.38,37.13,36.03,22.3,23.01,17.54,17.77,23.54,24.6,24.31,23.37
123113,仙乐转债,2021-04-19,370791,300791,仙乐健康,0.0012972269,2021-05-14,AA-,2021-02-24,2021-03-26 00:00:00,54,24,31.48,32.17,35.12,33.24,32.21,32.71,32.65,32.97,27.46,29.48,20.84,21.14,22.27,22.16,20.03,21.15,23.14,23.32
123111,东财转3,2021-04-07,370059,300059,东方财富,0.0587697466,2021-04-23,AA+,2021-01-28,2021-03-25 00:00:00,69,13,15.23,15.51,20.94,20.7,16.07,15.89,16.6,16.31,17.34,18.03,20.58,20.75,22.78,22.81,21.88,21.64,23.32,23.29
123110,九典转债,2021-04-01,370705,300705,九典制药,0.0021121042,2021-04-23,A+,2020-10-21,2021-01-13 00:00:00,162,78,11.75,12.87,10.97,10.75,12.75,13.54,12.96,12.76,13.25,14.44,21.0,20.7,17.64,17.91,22.08,21.78,23.32,23.29
123109,昌红转债,2021-04-01,370151,300151,昌红科技,0.0045166298,2021-04-19,AA-,2021-01-15,2021-03-11 00:00:00,76,21,27.83,27.93,27.72,27.13,27.66,27.43,26.84,27.97,26.34,26.99,20.58,21.27,21.0,21.0,22.08,21.78,20.03,21.15
123108,乐普转2,2021-03-30,370003,300003,乐普医疗,0.0172882477,2021-04-19,AA+,2021-02-04,2021-03-12 00:00:00,54,18,27.38,26.81,27.42,28.21,27.46,27.65,27.24,27.66,26.31,27.02,21.37,21.48,24.18,24.6,21.38,21.93,20.03,21.15
123107,温氏转债,2021-03-29,370498,300498,温氏股份,0.0170006161,2021-04-21,AAA,2020-12-25,2021-02-09 00:00:00,94,48,16.25,16.35,17.74,17.38,16.21,16.21,16.34,16.35,14.73,14.65,24.79,24.58,18.26,18.04,21.28,21.49,22.3,23.01
123106,正丹转债,2021-03-24,370641,300641,正丹股份,0.0052517895,2021-04-20,AA-,2020-10-16,2020-12-08 00:00:00,159,106,5.12,5.16,5.37,5.39,6.04,6.12,6.36,5.91,6.17,6.39,18.92,18.71,16.56,17.1,21.21,20.53,21.08,21.69
123105,拓尔转债,2021-03-19,370229,300229,拓尔思,0.0053683832,2021-04-27,AA-,2020-09-23,2021-01-26 00:00:00,177,52,8.83,8.92,10.84,10.92,9.42,9.22,9.38,9.43,8.29,8.19,22.3,22.37,15.59,15.63,21.53,20.47,22.95,22.94
123104,卫宁转债,2021-03-16,370253,300253,卫宁健康,0.0072930284,2021-03-31,AA,2020-12-30,2021-02-08 00:00:00,76,36,16.11,15.96,15.66,16.15,16.61,16.04,16.34,16.62,16.27,16.32,24.9,24.8,19.0,19.2,21.6,21.66,21.77,22.01
123103,震安转债,2021-03-12,370767,300767,震安科技,0.0020636122,2021-03-31,A+,2020-12-18,2021-01-29 00:00:00,84,42,56.26,53.64,45.19,44.56,44.65,45.86,42.59,45.66,48.34,48.99,22.81,23.09,19.0,18.36,21.37,21.48,21.77,22.01
123102,华自转债,2021-03-12,370490,300490,华自科技,0.0083448947,2021-04-01,AA-,2020-08-13,2020-10-26 00:00:00,211,137,11.16,13.02,8.95,9.05,9.95,10.48,9.69,10.1,9.9,9.7,18.2,17.7,14.4,14.18,21.37,21.48,22.08,21.78
123101,拓斯转债,2021-03-10,370607,300607,拓斯达,0.0043718239,2021-03-29,AA,2020-12-31,2021-02-10 00:00:00,69,28,24.98,25.05,20.41,21.36,24.2,22.7,24.64,23.77,22.84,22.75,24.6,23.82,19.21,19.34,20.84,20.4,21.28,21.49
118000,嘉元转债,2021-02-23,718388,688388,嘉元科技,0.00538537,2021-03-15,A+,2020-12-16,2021-01-29 00:00:00,69,25,57.76,54.46,47.27,47.05,56.06,56.24,53.52,57.05,48.91,49.15,22.81,23.09,18.8,19.01,22.38,21.93,21.4,21.6
123100,朗科转债,2021-02-09,370543,300543,朗科智能,0.0057083238,2021-03-16,AA-,2020-10-16,2020-12-09 00:00:00,116,62,11.63,11.74,12.83,13.74,9.41,9.61,9.58,9.34,10.2,10.56,18.79,18.71,16.56,17.1,24.79,24.58,21.6,21.66
123098,一品转债,2021-01-28,370723,300723,一品红,0.0009778488,2021-02-23,AA-,2020-10-29,2020-12-08 00:00:00,91,51,15.23,15.34,14.61,14.56,15.86,15.4,16.64,16.1,17.58,17.26,18.92,18.71,17.54,17.77,22.78,22.81,22.38,21.93
123097,美力转债,2021-01-27,370611,300611,美力科技,0.0017836629,2021-02-24,A+,2020-10-21,2021-01-13 00:00:00,98,14,8.32,8.02,11.99,11.68,8.53,8.44,8.49,8.69,8.73,8.84,21.0,20.7,17.64,17.91,22.31,23.08,22.27,22.16
123096,思创转债,2021-01-26,370078,300078,思创医惠,0.0054656157,2021-03-01,BB,2020-10-22,2020-12-16 00:00:00,96,41,9.37,9.13,11.63,11.79,7.54,7.44,8.04,7.64,7.62,7.74,18.8,19.01,17.94,17.56,22.3,22.37,21.54,21.45
123094,星源转2,2021-01-20,370568,300568,星源材质,0.0052075383,2021-03-31,AA,2020-10-28,2020-12-17 00:00:00,84,34,12.18,12.99,9.27,10.56,11.18,12.32,11.46,11.24,11.29,10.98,18.91,18.95,17.76,17.63,22.15,22.47,21.77,22.01
123093,金陵转债,2021-01-19,370651,300651,金陵体育,0.0004956518,2021-02-18,A+,2020-11-13,2020-12-29 00:00:00,67,21,41.82,40.99,42.84,44.32,51.83,56.17,48.95,51.33,43.19,43.44,18.87,19.17,17.42,17.18,22.51,22.34,24.0,24.3
123091,长海转债,2020-12-23,370196,300196,长海股份,0.0014067053,2021-01-15,AA,2020-10-16,2020-11-25 00:00:00,68,28,14.44,14.31,13.7,13.45,14.45,14.61,15.18,14.54,16.16,16.34,19.48,19.06,16.56,17.1,17.96,18.0,21.0,21.0
123090,三诺转债,2020-12-21,370298,300298,三诺生物,0.0024221039,2021-01-12,AA,2020-09-16,2020-11-18 00:00:00,96,33,36.59,35.99,32.35,30.69,33.14,34.17,34.3,32.99,34.84,34.59,17.78,18.46,15.32,15.44,18.3,18.28,20.39,21.0
123089,九洲转2,2020-12-21,370040,300040,九洲集团,0.0021923237,2021-01-08,AA-,2020-09-24,2020-12-07 00:00:00,88,14,5.52,5.47,5.29,5.1,5.03,5.19,5.2,5.19,5.07,5.02,19.31,18.91,15.59,15.12,18.3,18.28,19.9,19.85
123088,威唐转债,2020-12-15,370707,300707,威唐工业,0.0015096482,2021-01-06,A+,2020-09-25,2020-11-05 00:00:00,81,40,22.29,22.73,17.41,16.99,17.94,17.9,17.73,18.21,17.34,16.63,18.37,17.7,15.2,15.19,18.8,18.74,18.08,19.56
123086,海兰转债,2020-12-11,370065,300065,海兰信,0.003484704,2021-02-08,AA-,2020-09-24,2020-11-24 00:00:00,78,17,8.85,8.71,9.73,9.53,10.01,10.22,10.17,9.99,6.65,6.53,19.62,19.36,15.59,15.12,18.71,18.52,24.9,24.8
123085,万顺转2,2020-12-11,370057,300057,万顺新材,0.0035536171,2020-12-28,AA-,2020-09-25,2020-11-06 00:00:00,77,35,7.36,7.24,6.05,5.91,5.66,5.35,5.99,5.89,5.01,4.88,17.71,17.64,15.2,15.19,18.71,18.52,18.02,18.85
123084,高澜转债,2020-12-10,370499,300499,高澜股份,0.0010784413,2021-01-08,A+,2020-09-17,2020-11-25 00:00:00,84,15,11.12,11.03,11.16,11.45,10.78,10.65,11.4,11.05,9.84,9.63,19.48,19.06,15.54,15.57,18.73,18.65,19.9,19.85
123082,北陆转债,2020-12-07,370016,300016,北陆药业,0.0017313567,2020-12-28,A,2020-09-10,2020-11-06 00:00:00,88,31,11.28,11.35,13.17,11.73,11.25,10.9,11.35,11.43,9.35,9.37,17.71,17.64,15.32,15.34,19.31,18.91,18.02,18.85
123080,海波转债,2020-12-02,370517,300517,海波重科,0.0006796921,2020-12-22,A+,2020-07-30,2020-09-08 00:00:00,125,85,10.15,10.48,10.31,10.16,10.67,10.39,10.54,10.82,9.35,8.97,15.0,15.43,13.5,13.37,19.93,19.63,18.36,17.9
123079,运达转债,2020-12-01,370772,300772,运达股份,0.0021538626,2020-12-25,AA,2020-08-21,2020-11-03 00:00:00,102,28,9.38,9.3,8.77,8.78,9.16,9.2,8.94,9.27,10.0,10.06,17.71,17.96,14.71,14.45,19.7,20.05,18.26,18.04
123078,飞凯转债,2020-11-27,370398,300398,飞凯材料,0.0071449443,2020-12-16,AA-,2020-07-30,2020-09-25 00:00:00,120,63,21.57,20.6,23.81,23.18,17.97,17.91,18.62,18.34,17.81,17.07,15.2,15.19,13.5,13.37,20.0,19.7,18.8,19.01
123077,汉得转债,2020-11-23,370170,300170,汉得信息,0.0060069821,2020-12-15,AA,2020-09-24,2020-11-05 00:00:00,60,18,9.24,9.3,10.14,9.68,9.21,9.14,9.31,9.32,8.75,8.66,18.37,17.7,15.59,15.12,18.85,19.62,18.8,18.74
123076,强力转债,2020-11-19,370429,300429,强力新材,0.003900825,2020-12-04,AA-,2020-09-24,2020-11-02 00:00:00,56,17,17.17,17.48,18.57,18.26,18.62,17.71,19.2,19.22,18.72,18.87,17.65,17.63,15.59,15.12,18.59,18.85,19.47,19.3
123075,贝斯转债,2020-11-02,370580,300580,贝斯特,0.0013333329,2020-11-23,AA-,2020-08-27,2020-10-17 00:00:00,67,16,9.72,9.58,9.68,9.79,10.76,12.47,10.88,11.11,11.68,11.68,17.3,17.48,14.4,14.46,17.65,17.63,18.85,19.62
123074,隆利转债,2020-10-29,370752,300752,隆利科技,0.001213147,2020-11-16,AA-,2020-08-27,2020-10-12 00:00:00,63,17,18.19,18.48,15.77,16.38,17.76,17.83,18.53,18.67,18.89,18.57,15.22,15.9,14.4,14.46,17.54,17.77,17.08,17.37
123073,同和转债,2020-10-26,370636,300636,同和药业,0.0019355294,2020-11-16,A+,2020-08-14,2020-09-24 00:00:00,73,32,14.48,14.04,13.15,13.59,14.4,14.34,14.71,14.88,12.38,12.36,15.59,15.12,14.1,14.47,18.2,17.7,17.08,17.37
123071,天能转债,2020-10-21,370569,300569,天能重工,0.0025323626,2020-11-25,AA-,2020-07-14,2020-09-28 00:00:00,99,23,10.01,10.06,5.63,5.65,11.1,10.39,10.89,11.04,10.29,9.7,15.19,15.31,14.9,14.68,17.64,17.91,19.48,19.06
123072,乐歌转债,2020-10-21,370729,300729,乐歌股份,0.0001860645,2020-11-10,A+,2020-07-17,2020-09-03 00:00:00,96,48,27.57,27.53,15.78,15.15,43.47,41.91,42.38,43.49,35.19,33.19,15.32,14.9,14.17,14.14,17.64,17.91,18.0,18.11
123070,鹏辉转债,2020-10-20,370438,300438,鹏辉能源,0.002757234,2020-11-06,AA,2020-07-30,2020-09-08 00:00:00,82,42,16.37,16.58,18.66,18.07,18.45,18.92,19.15,18.39,22.65,21.33,15.0,15.43,13.5,13.37,17.48,17.54,17.71,17.64
123069,金诺转债,2020-10-16,370505,300505,川金诺,0.0010466397,2020-11-05,AA-,2020-08-06,2020-09-24 00:00:00,71,22,12.23,12.2,11.65,11.95,12.39,12.04,12.33,12.65,13.43,13.53,15.59,15.12,13.82,13.9,16.56,17.1,18.37,17.7
123068,弘信转债,2020-10-15,370657,300657,弘信电子,0.0021791225,2020-11-04,AA-,2020-07-24,2020-09-03 00:00:00,83,42,16.86,16.18,21.95,20.24,14.87,14.48,15.23,15.08,14.53,14.53,15.32,14.9,13.97,13.5,16.2,16.56,18.35,18.32
123067,斯莱转债,2020-09-17,370382,300382,斯莱克,0.0036756041,2020-10-15,AA-,2020-07-27,2020-09-03 00:00:00,52,14,8.54,8.68,8.87,8.44,8.63,8.84,9.54,8.94,9.34,9.13,15.32,14.9,13.67,13.24,15.54,15.57,16.2,16.56
123066,赛意转债,2020-09-16,370687,300687,赛意信息,0.0006229113,2020-10-15,A+,2020-07-27,2020-08-22 00:00:00,51,25,12.99,13.0,12.1,12.1,15.9,15.47,13.48,16.13,16.7,16.21,14.5,14.46,13.67,13.24,15.32,15.44,16.2,16.56
123065,宝莱转债,2020-09-04,370246,300246,宝莱特,0.000719054,2020-09-24,AA-,2020-07-24,2020-08-21,42,14,24.33,24.27,25.1,23.79,25.21,25.69,27.13,26.43,24.82,23.3,14.71,14.45,13.97,13.5,14.73,14.96,15.59,15.12
123064,万孚转债,2020-09-01,370482,300482,万孚生物,0.0026141902,2020-09-23,AA,2020-07-27,2020-08-21 00:00:00,36,11,66.93,68.02,69.93,71.26,74.13,75.8,73.17,74.02,63.34,64.22,14.71,14.45,13.67,13.24,14.96,15.14,15.59,15.63
